Feed_inefficiency,Protein_efficiency,Animal_mortality,Fertilizer_use,Land_use,Soy_use,Permanent_grassland,Grazing,Manure_biogas,Renewable_electricity_use,Carbon_footprint
0.765,35.200,2.562,55.105,2.475,0.400,0.570,54.083,0,1,0.825
0.709,37.567,3.632,113.857,1.058,0.451,0.669,14.384,1,1,0.744
0.846,37.200,1.782,82.786,0.836,0.577,0.532,49.159,1,0,0.746
0.720,33.753,1.720,192.435,0.887,0.415,0.886,25.905,1,1,0.789
0.898,37.470,0.000,163.447,0.721,4.617,0.604,60.016,0,1,0.805
0.794,32.886,2.040,49.829,1.516,1.375,1.217,34.690,0,1,0.828
0.783,34.796,3.033,115.894,0.805,1.574,0.776,10.242,1,1,0.773
0.801,35.791,1.835,63.455,1.388,0.450,0.859,24.187,0,1,0.819
0.714,29.994,1.330,182.944,0.690,0.717,0.882,0.084,1,1,0.790
0.712,35.836,8.633,203.868,0.681,0.449,0.983,0.967,1,1,0.774
0.781,36.181,1.672,135.161,0.787,6.532,1.566,9.060,1,1,0.781
0.751,37.643,5.252,65.308,1.703,0.506,0.312,7.366,0,1,0.827
0.727,37.947,1.079,221.697,0.833,3.152,2.632,0.869,1,1,0.797
0.856,32.570,2.284,228.634,0.854,2.389,0.440,67.183,1,1,0.829
0.751,25.338,2.073,118.541,0.650,0.416,2.027,1.463,1,1,0.797
0.809,31.920,2.585,47.242,2.688,1.045,1.028,43.487,0,1,0.882
0.842,36.935,2.629,55.829,1.449,1.862,1.576,18.906,0,1,0.833
0.758,31.978,6.183,109.149,1.011,0.408,0.601,12.844,1,1,0.802
0.924,34.726,6.961,62.051,1.442,0.410,1.103,50.904,0,1,0.873
0.707,31.383,1.505,109.146,1.269,5.433,1.971,47.104,0,1,0.856
0.728,27.349,1.062,163.072,0.942,0.526,0.809,30.145,1,1,0.836
0.797,36.709,2.111,60.732,2.981,1.206,0.526,10.820,0,1,0.909
0.703,37.404,6.307,111.997,1.594,0.646,0.439,12.966,0,1,0.852
0.779,34.237,1.828,101.519,1.220,12.833,1.390,20.082,1,1,0.823
0.764,36.088,1.640,135.500,0.744,0.429,2.588,2.689,0,1,0.815
0.733,34.817,3.996,243.668,0.711,4.761,1.318,22.033,1,0,0.815
0.768,36.072,2.188,166.035,1.034,0.822,0.661,4.506,1,1,0.820
0.809,36.492,6.053,76.320,1.881,0.450,1.442,26.160,0,1,0.873
0.853,35.174,2.356,104.739,0.953,0.401,2.805,27.968,0,1,0.841
0.714,36.083,3.710,313.828,0.616,8.918,0.937,4.703,1,0,0.819
0.709,36.476,2.806,176.019,1.066,1.870,1.020,15.710,1,0,0.815
0.749,35.070,6.465,63.620,1.947,0.412,0.879,41.592,0,0,0.857
0.762,36.780,4.513,282.150,0.655,1.821,0.592,0.576,1,1,0.812
0.739,34.359,3.895,338.927,0.701,0.400,0.180,11.125,1,1,0.833
0.756,30.131,3.389,196.218,0.755,1.013,1.401,5.552,1,1,0.823
0.731,38.451,2.197,154.046,1.109,2.109,0.733,9.517,0,1,0.841
0.755,36.312,3.999,209.916,1.050,0.403,0.543,43.261,0,1,0.863
0.727,38.245,4.028,115.406,0.619,0.730,1.407,3.547,0,0,0.786
1.010,32.873,5.068,63.814,1.168,0.480,0.564,56.739,0,1,0.888
0.722,36.368,2.645,140.453,1.060,3.399,0.115,6.117,1,0,0.808
0.750,36.290,3.233,124.149,1.359,1.806,1.269,20.371,0,1,0.861
0.842,30.729,2.813,151.380,0.685,3.378,0.625,42.888,0,1,0.860
0.888,33.251,13.405,102.887,0.959,1.318,1.247,67.294,0,1,0.894
0.707,33.370,4.722,276.332,0.710,0.501,0.746,19.479,0,1,0.854
0.741,27.503,1.103,164.982,0.945,1.138,0.333,14.643,1,1,0.843
0.736,33.942,1.592,279.033,0.660,14.926,1.043,1.709,1,1,0.832
0.887,38.079,2.743,69.507,1.611,6.113,0.794,6.425,1,1,0.842
0.874,31.244,3.678,238.377,0.774,2.333,1.771,52.309,1,1,0.853
0.969,34.258,10.312,44.808,2.492,3.290,0.988,39.762,1,1,0.900
0.753,34.048,3.987,80.230,2.041,0.973,0.151,20.462,0,1,0.885
0.744,35.473,2.979,123.518,1.113,4.253,0.252,12.651,0,1,0.849
0.753,31.497,2.441,229.898,0.681,0.417,0.225,19.523,1,0,0.832
0.709,33.654,2.923,138.502,1.164,1.637,0.156,17.977,1,0,0.827
0.714,34.075,2.974,304.330,0.625,3.995,0.673,26.359,0,0,0.859
0.791,35.692,2.964,283.988,0.621,0.456,1.502,19.903,0,1,0.848
0.856,34.897,0.492,174.472,1.105,0.424,0.810,26.083,1,1,0.852
0.758,33.501,2.526,206.922,0.664,0.639,1.053,33.348,0,0,0.849
0.700,27.099,2.554,102.736,0.797,4.612,1.132,6.395,0,1,0.848
0.792,25.685,2.016,132.870,0.683,4.886,0.646,54.366,0,1,0.886
0.749,30.260,6.729,216.680,0.988,0.400,0.256,44.438,1,1,0.866
0.786,38.128,8.935,158.338,0.751,0.402,1.233,7.861,1,0,0.799
0.740,32.514,2.157,234.332,0.691,1.879,1.170,42.327,0,0,0.862
0.755,35.455,1.956,152.962,0.895,0.725,1.111,0.435,1,0,0.814
0.863,33.454,1.952,75.785,2.512,4.766,1.592,62.914,0,1,0.922
0.758,28.168,4.158,62.910,0.872,1.473,0.857,0.582,0,1,0.838
0.734,31.085,3.517,270.303,0.715,0.901,0.321,31.247,0,1,0.871
0.755,34.495,2.846,175.571,0.689,5.240,0.923,4.071,0,1,0.841
0.763,36.457,2.426,115.556,1.312,3.218,0.264,10.486,0,1,0.862
0.795,32.498,2.190,170.228,0.948,2.030,1.912,6.454,1,1,0.841
0.971,30.192,1.776,63.961,1.928,0.444,0.767,66.922,0,1,0.921
0.778,31.962,2.187,184.545,0.954,0.883,0.266,6.836,1,1,0.845
0.789,34.601,3.105,83.357,2.088,0.525,0.381,21.934,0,1,0.899
0.705,37.956,5.852,208.078,0.924,0.461,0.387,2.340,0,1,0.851
0.760,37.518,3.160,194.609,1.056,0.400,1.099,21.280,0,1,0.867
0.726,38.328,9.790,385.929,0.632,5.981,1.118,2.252,1,0,0.845
0.792,34.322,2.595,68.582,1.920,0.603,0.379,4.696,0,1,0.882
0.912,32.956,4.234,63.135,1.528,0.549,1.093,33.705,0,1,0.889
0.777,35.680,3.500,107.657,1.345,8.840,0.888,0.262,1,1,0.840
0.711,34.366,3.718,115.446,1.421,0.434,0.364,4.146,0,1,0.867
0.821,38.223,8.619,136.141,0.713,7.650,0.332,0.960,1,1,0.807
0.920,32.911,4.272,55.155,1.771,0.402,0.697,6.880,1,1,0.863
0.830,35.809,3.237,138.705,0.797,0.440,0.172,11.875,0,1,0.847
0.773,29.475,8.205,75.714,1.462,0.410,1.529,0.264,1,1,0.841
0.723,34.817,3.470,189.472,0.926,0.868,0.569,34.544,0,0,0.861
0.737,32.975,5.946,204.107,0.980,0.413,0.205,71.850,0,0,0.888
0.738,36.186,3.772,181.786,0.611,14.238,0.140,2.105,0,1,0.837
0.840,35.200,5.232,135.604,1.195,3.709,0.774,20.430,1,1,0.854
0.773,33.091,7.141,170.232,0.757,0.406,0.865,18.357,0,1,0.856
0.827,33.093,1.974,65.950,1.772,9.286,0.649,3.147,1,1,0.857
0.986,34.602,1.921,68.036,2.008,0.418,0.148,45.856,0,1,0.919
0.750,31.078,4.948,147.679,1.039,0.404,1.589,32.371,0,1,0.878
0.738,36.339,2.879,86.005,1.980,5.423,1.339,3.587,0,1,0.888
0.928,35.063,3.073,263.978,0.680,0.411,0.250,33.666,1,1,0.846
0.773,37.068,7.307,201.642,0.752,10.610,0.208,1.447,1,1,0.826
0.799,35.717,7.800,112.937,1.547,0.800,0.695,8.199,1,1,0.860
0.830,36.422,4.355,175.679,0.910,1.336,0.871,4.774,1,1,0.839
0.881,31.454,8.494,50.002,1.827,0.748,0.766,37.949,0,1,0.905
0.879,30.283,7.572,141.568,0.788,7.435,0.446,34.670,1,1,0.861
0.819,36.940,1.587,109.729,1.376,0.458,1.305,10.670,0,1,0.876
0.719,35.302,5.812,216.820,0.895,1.533,0.466,13.812,0,1,0.866
0.808,37.974,5.386,129.631,0.949,0.561,0.584,6.810,0,1,0.850
0.851,36.420,2.528,74.087,1.909,0.433,1.997,13.195,1,0,0.858
0.794,35.343,1.042,97.829,2.710,0.480,1.339,15.152,1,1,0.920
0.708,31.596,4.266,102.953,1.962,0.430,0.379,38.350,0,1,0.907
0.821,37.040,3.980,120.103,1.313,5.793,1.156,5.041,1,1,0.850
0.722,33.073,2.472,295.212,0.654,3.613,1.159,26.376,0,0,0.875
0.731,33.989,3.482,329.240,0.790,0.493,0.509,32.872,0,1,0.885
0.769,38.062,3.402,136.486,1.372,0.400,0.286,9.475,0,1,0.878
0.923,36.022,2.518,83.931,1.707,0.916,1.733,33.114,0,1,0.904
0.820,29.772,2.460,108.872,0.740,0.429,1.307,4.099,0,1,0.855
0.735,37.537,1.864,275.474,0.820,5.570,1.743,26.994,0,0,0.870
0.771,35.385,8.716,147.136,1.344,1.560,1.598,13.877,1,1,0.862
0.808,35.384,2.475,205.231,0.893,3.222,0.237,26.191,1,0,0.847
0.805,36.035,8.443,85.330,0.738,0.919,0.715,0.312,1,0,0.793
0.744,31.986,9.561,83.366,2.030,0.410,0.414,36.985,0,1,0.910
0.708,30.723,4.698,99.785,1.069,0.476,0.921,0.277,1,0,0.822
0.799,32.358,4.413,199.084,0.837,2.050,2.129,3.593,1,1,0.849
0.836,33.551,1.043,156.676,1.206,1.453,0.424,44.011,0,1,0.896
0.718,37.436,2.682,215.463,1.045,2.771,0.697,2.423,1,0,0.850
0.751,32.674,2.138,194.019,0.830,3.767,0.246,11.993,0,1,0.871
0.714,22.814,4.052,143.000,0.976,0.403,2.569,9.341,1,1,0.863
0.731,27.934,6.365,165.582,0.970,0.893,0.698,0.746,1,1,0.853
0.829,30.723,9.115,129.770,0.943,1.580,1.535,13.938,1,1,0.852
0.760,36.086,8.981,132.346,2.054,0.552,1.496,54.751,0,1,0.934
0.710,32.212,4.432,80.634,2.065,0.404,1.087,1.550,0,1,0.895
0.825,29.121,3.368,215.286,0.659,0.540,0.987,32.305,0,1,0.884
0.724,30.025,5.433,224.757,0.630,3.539,1.005,0.287,1,0,0.843
0.847,33.018,0.536,60.238,1.837,2.089,0.182,42.755,0,0,0.889
0.795,37.691,4.153,108.583,1.089,6.553,0.247,4.331,0,1,0.859
0.710,34.710,9.280,110.182,1.755,0.826,2.085,16.073,0,1,0.895
0.874,34.835,2.834,63.256,1.935,0.429,0.209,10.080,0,1,0.902
0.793,29.478,2.392,226.401,0.629,1.509,0.606,59.058,0,0,0.890
0.758,30.739,4.322,156.802,1.095,4.357,1.791,46.694,0,1,0.899
0.866,37.278,0.927,91.132,1.221,1.176,1.931,3.422,0,1,0.870
0.872,30.291,1.224,133.580,0.980,0.421,0.502,35.546,0,1,0.892
0.845,33.185,0.843,227.949,0.621,3.056,0.844,16.365,0,1,0.869
0.706,37.324,6.145,232.389,0.702,3.818,0.691,1.323,0,0,0.850
0.755,37.252,10.103,124.185,1.003,2.020,0.825,0.147,0,1,0.851
0.705,32.125,7.611,148.199,1.485,3.635,0.316,56.448,0,1,0.914
0.798,34.878,1.817,85.624,1.456,3.665,1.728,0.135,0,1,0.878
0.709,32.739,5.789,213.726,0.959,2.625,1.055,21.933,1,0,0.862
0.827,38.458,3.796,93.864,1.390,0.602,0.744,19.740,0,0,0.867
0.702,36.717,3.855,305.358,0.918,2.140,0.882,5.590,1,0,0.873
0.821,30.837,3.378,110.283,1.100,0.407,1.758,20.248,0,1,0.885
0.932,33.693,3.566,166.638,0.842,12.706,1.665,64.762,0,1,0.898
0.779,34.839,14.533,79.640,0.920,0.562,2.456,8.287,1,0,0.811
0.794,36.798,0.459,110.099,2.074,2.500,0.752,20.895,0,1,0.923
0.783,26.462,2.596,145.220,0.720,0.463,0.587,4.867,0,1,0.874
0.809,30.071,2.050,211.439,0.741,1.699,0.522,26.633,0,1,0.887
0.849,32.527,3.400,222.659,0.915,0.409,1.985,54.875,0,1,0.902
0.811,32.330,2.261,71.513,1.603,1.412,0.404,2.238,0,1,0.887
0.750,37.034,4.646,161.883,1.441,0.400,1.461,21.290,0,1,0.901
0.857,36.121,5.955,166.504,0.645,0.522,1.225,11.390,0,1,0.856
0.941,29.949,2.092,57.968,1.480,0.717,0.847,28.423,0,1,0.905
0.710,32.694,1.378,121.174,0.757,4.527,1.217,3.514,0,0,0.844
0.774,38.320,4.363,146.155,0.818,10.283,0.779,0.917,0,1,0.851
0.728,32.994,0.551,357.074,0.699,2.810,0.832,9.304,0,1,0.896
0.767,34.832,5.540,182.055,0.854,2.979,0.484,9.408,0,1,0.870
0.729,37.254,4.416,135.833,1.194,0.432,0.690,10.175,0,0,0.863
0.746,31.646,9.743,157.702,0.827,0.465,0.507,11.235,0,1,0.868
0.801,34.986,4.542,315.587,0.688,0.400,0.530,41.507,0,0,0.888
0.824,31.947,1.189,50.308,2.025,6.406,0.904,4.965,0,1,0.898
0.723,33.559,3.035,302.910,0.629,0.554,0.313,5.462,0,0,0.881
0.803,31.396,2.979,315.898,0.618,4.268,0.694,29.734,0,1,0.888
0.726,32.583,2.976,99.115,1.828,0.722,2.081,7.297,0,1,0.902
0.759,28.324,1.234,214.897,0.646,6.184,0.324,2.423,0,1,0.882
0.825,35.411,1.389,165.528,1.108,0.417,0.943,22.521,0,1,0.890
0.914,35.226,2.807,188.062,0.944,1.548,1.191,67.500,0,0,0.895
0.740,32.684,1.896,196.029,0.991,1.321,1.417,14.148,0,1,0.889
0.730,34.696,6.084,162.428,1.344,0.418,0.511,52.953,0,0,0.901
0.707,27.235,1.540,148.268,0.790,12.619,0.370,8.979,0,1,0.884
0.744,36.042,2.154,187.914,1.060,0.420,0.862,25.175,0,0,0.881
0.767,36.571,2.435,227.470,0.970,1.671,0.594,17.210,0,1,0.888
0.726,36.079,10.011,131.969,1.243,9.428,1.945,19.882,0,1,0.880
0.766,27.289,1.784,72.531,1.518,0.473,0.186,9.949,0,1,0.892
0.874,35.846,4.166,128.388,0.672,0.673,0.789,4.431,0,1,0.855
0.723,33.022,1.799,123.260,1.678,1.427,0.317,56.226,0,0,0.907
0.818,31.162,1.651,149.101,0.875,13.570,1.075,0.770,1,1,0.860
0.825,35.041,2.102,301.838,0.643,2.492,0.168,8.792,1,0,0.861
0.802,36.167,1.930,242.930,0.960,10.543,0.586,46.251,0,1,0.894
0.727,38.041,1.951,123.217,0.946,31.360,0.251,17.567,0,1,0.861
0.716,32.384,5.798,125.440,1.141,1.952,1.434,1.358,1,0,0.843
1.035,35.954,1.205,59.720,1.408,1.516,0.597,5.029,1,1,0.874
0.848,31.593,2.557,157.185,1.204,2.982,0.756,24.942,1,1,0.886
0.832,34.761,4.344,170.759,0.835,1.124,1.120,39.268,0,0,0.879
0.754,28.852,1.076,120.673,1.019,2.184,0.768,13.636,1,0,0.857
0.711,33.864,8.746,220.102,0.997,0.629,0.824,21.238,0,1,0.894
0.794,33.581,9.699,242.065,0.615,0.868,1.641,13.116,0,1,0.873
0.801,32.284,5.123,86.091,1.570,7.228,1.513,28.633,0,1,0.905
0.711,32.543,1.711,231.606,0.734,0.645,0.338,6.460,0,0,0.880
0.761,33.106,3.426,83.906,1.128,15.470,0.515,6.589,0,1,0.874
0.702,29.698,10.486,104.081,1.055,4.062,1.166,3.532,0,1,0.869
0.853,35.082,0.862,84.722,1.643,1.290,0.902,4.581,0,1,0.902
0.771,36.738,2.059,113.315,1.445,1.483,1.364,16.867,0,0,0.882
0.738,29.703,1.058,264.863,0.889,1.816,1.657,41.147,0,1,0.912
0.729,37.141,4.126,278.295,0.824,0.446,0.413,13.003,0,0,0.887
0.778,38.383,1.473,259.123,0.813,1.328,1.396,2.791,0,1,0.882
0.709,32.919,5.732,191.601,1.087,1.571,1.265,15.913,0,1,0.897
0.779,36.856,1.014,126.975,1.271,10.025,1.669,7.816,0,1,0.888
0.845,30.785,4.350,74.469,1.538,0.702,0.771,17.007,0,1,0.904
0.941,30.744,1.713,137.792,1.132,0.819,0.249,25.156,1,1,0.888
0.800,32.479,7.548,142.299,0.802,0.414,1.231,40.972,0,0,0.883
0.808,34.607,1.512,129.924,1.760,0.402,0.530,6.357,1,1,0.901
0.793,32.117,5.075,156.003,0.790,1.619,0.491,1.220,0,1,0.873
0.874,26.891,1.963,202.948,0.759,0.752,0.434,52.683,0,1,0.917
0.826,38.062,2.597,154.264,0.661,0.434,1.499,4.149,0,0,0.845
0.945,29.994,2.755,76.662,2.007,0.438,0.289,29.445,1,1,0.915
0.918,37.444,4.843,56.092,2.183,0.400,0.574,25.906,0,0,0.915
1.018,32.120,2.612,49.985,1.855,3.381,0.955,36.205,0,1,0.932
0.804,38.174,4.324,156.874,0.891,4.404,0.729,0.532,0,1,0.869
0.855,32.422,8.143,288.386,0.614,0.516,1.351,8.952,1,1,0.865
0.944,36.507,4.361,105.312,1.184,0.417,1.360,4.882,1,1,0.870
0.930,32.513,0.414,133.852,1.095,0.404,1.501,33.506,0,1,0.908
0.819,34.136,3.388,107.663,1.575,0.452,1.437,15.983,0,1,0.911
0.831,37.236,5.298,104.552,1.294,1.883,0.286,4.007,0,1,0.887
0.705,33.329,8.322,95.855,1.855,3.793,0.987,6.229,0,1,0.904
0.896,30.151,2.173,123.385,0.689,5.097,1.757,12.968,0,1,0.884
0.964,31.267,3.773,89.858,1.310,0.413,0.552,13.259,1,1,0.886
0.934,29.093,2.945,109.710,1.371,1.040,0.432,64.403,0,1,0.939
0.703,36.764,1.616,150.991,1.469,1.264,0.848,13.305,0,0,0.896
1.134,25.276,2.683,57.999,1.411,1.065,0.323,71.166,0,1,0.964
0.992,32.967,3.603,53.947,2.010,0.410,0.724,29.214,0,1,0.935
0.746,34.227,1.289,115.507,1.755,1.972,1.964,5.068,0,1,0.915
0.758,35.098,1.966,237.838,0.712,19.262,1.166,13.014,0,1,0.884
0.708,32.863,4.527,128.163,1.527,0.440,1.493,8.204,1,0,0.873
0.859,38.155,2.140,148.040,0.953,4.400,0.104,6.445,1,0,0.847
0.756,34.181,4.068,126.991,1.382,0.417,0.726,1.041,0,1,0.897
0.720,37.653,9.227,280.068,0.826,10.297,0.271,4.122,1,0,0.864
0.700,34.094,3.776,172.455,0.989,13.517,0.237,2.326,0,1,0.886
0.912,28.891,0.920,140.665,1.242,3.055,0.323,72.179,0,1,0.937
0.781,36.226,3.700,124.209,0.750,6.198,0.230,7.020,0,0,0.850
0.742,34.691,1.900,286.704,0.943,0.860,1.335,42.336,0,0,0.912
0.719,36.804,3.252,178.753,1.027,12.234,1.762,1.081,0,1,0.885
0.730,34.693,1.617,190.798,0.743,9.744,0.235,7.432,0,0,0.872
0.835,37.465,7.582,124.568,0.997,0.490,0.600,4.463,0,1,0.875
0.743,35.597,6.085,184.927,0.935,0.461,0.415,17.873,0,0,0.880
0.882,34.957,3.061,72.299,1.772,1.352,1.393,7.368,0,1,0.912
0.898,31.232,0.883,65.520,1.716,0.792,1.725,11.521,0,1,0.913
0.749,37.069,10.483,86.267,1.292,0.726,1.844,4.935,0,0,0.858
0.706,31.130,3.480,276.420,0.743,1.778,0.372,25.559,0,0,0.905
0.786,35.186,8.875,281.587,0.663,0.956,1.367,11.991,0,1,0.884
0.734,34.811,5.949,316.986,0.755,17.641,0.320,20.264,1,0,0.883
0.769,38.355,6.604,174.762,0.813,1.851,0.147,5.953,0,0,0.859
0.739,35.908,8.175,112.263,1.719,1.748,1.086,3.829,0,1,0.907
0.755,32.275,4.191,208.999,0.892,5.001,1.786,15.574,1,0,0.874
0.707,33.770,6.373,307.340,0.693,14.465,1.777,6.689,0,1,0.896
0.716,36.010,4.011,267.704,1.027,0.426,1.203,15.267,0,1,0.910
0.715,33.312,4.654,261.081,0.874,6.584,1.198,8.274,1,0,0.881
0.829,32.652,1.494,208.743,0.743,1.140,0.561,6.275,0,1,0.889
0.780,31.260,2.817,286.611,0.683,9.843,0.266,16.733,1,0,0.885
0.892,35.600,7.164,139.123,1.203,0.993,0.961,37.236,1,0,0.883
0.871,30.685,1.898,96.333,0.974,7.062,0.344,13.292,0,1,0.894
0.921,37.067,2.173,44.861,1.787,8.549,0.755,1.463,0,1,0.904
0.931,30.452,2.265,102.209,0.648,4.011,0.997,6.430,0,1,0.881
0.881,28.362,3.213,132.152,0.904,7.258,1.209,2.895,1,1,0.876
0.875,33.430,4.809,168.757,0.980,0.462,0.611,33.571,0,1,0.908
0.854,33.243,1.461,52.109,1.754,9.863,1.596,1.612,0,1,0.902
0.827,33.120,4.950,79.229,1.639,0.483,0.181,3.060,0,1,0.905
0.775,38.095,5.644,148.765,0.887,0.458,0.428,2.502,0,0,0.859
0.771,32.027,5.594,127.536,1.571,5.125,0.521,10.515,1,1,0.894
0.811,34.150,1.656,111.206,1.392,0.402,1.091,3.638,1,0,0.868
0.802,34.633,3.933,177.480,0.694,4.005,0.407,17.931,0,0,0.873
0.832,35.395,2.513,153.961,0.829,1.010,1.326,19.652,0,0,0.876
0.785,29.013,8.525,169.547,0.932,3.819,0.685,1.021,1,1,0.874
0.786,31.656,8.537,218.898,0.661,1.860,1.939,6.587,0,1,0.884
0.806,33.958,6.644,160.027,0.878,2.395,0.359,8.917,1,0,0.856
0.817,31.394,5.794,94.019,1.911,1.027,1.436,4.758,1,1,0.903
0.736,33.299,6.069,191.656,0.696,0.451,0.568,3.233,0,0,0.870
0.717,34.832,14.400,100.662,1.382,7.612,1.593,6.436,0,1,0.884
0.736,36.939,4.161,291.329,0.747,0.567,0.671,1.918,0,0,0.892
0.759,37.102,1.669,268.077,0.917,4.120,1.346,0.821,1,0,0.881
0.763,35.075,5.714,161.146,1.106,0.400,0.377,1.554,0,1,0.893
0.816,32.978,5.834,335.370,0.765,1.338,0.626,39.042,1,0,0.898
0.751,35.866,11.925,213.695,0.840,0.547,0.394,0.609,1,0,0.853
0.845,33.629,1.043,106.895,1.264,4.952,2.094,13.574,1,0,0.869
0.794,30.794,3.809,72.346,2.667,1.298,1.437,31.389,0,1,0.952
0.737,27.226,4.232,152.839,0.796,1.902,0.826,0.456,1,0,0.862
0.885,34.511,4.775,105.780,0.719,0.419,1.029,23.518,0,0,0.870
0.741,35.452,9.690,102.544,1.090,1.407,1.216,7.664,0,0,0.863
0.854,28.783,5.407,65.850,1.615,1.486,0.890,21.508,0,1,0.919
0.811,27.955,3.721,219.895,0.708,3.330,1.007,21.604,0,1,0.909
0.810,29.084,1.642,54.870,0.765,0.921,0.603,11.434,0,0,0.865
0.721,30.796,3.054,163.598,1.167,7.483,1.142,22.041,0,1,0.914
0.783,30.927,6.300,194.759,0.625,0.578,0.540,23.639,0,0,0.888
0.731,34.249,5.898,97.529,1.573,1.523,0.491,16.305,0,0,0.894
0.890,30.071,3.170,66.823,2.368,0.400,0.438,6.338,1,1,0.921
0.737,34.367,2.856,297.968,0.612,10.094,0.325,0.000,0,0,0.896
0.760,30.185,2.523,197.188,0.733,0.402,1.451,22.590,0,0,0.897
0.779,35.224,4.588,104.677,0.941,3.083,0.639,4.994,0,0,0.863
0.887,35.263,3.325,103.091,1.178,3.045,0.412,9.753,0,1,0.900
0.763,30.234,1.487,347.893,0.664,0.410,2.016,31.902,0,0,0.925
0.901,34.960,4.200,62.922,1.694,1.503,0.205,1.127,0,1,0.912
0.765,37.516,3.524,117.006,0.816,12.542,0.930,3.692,0,0,0.855
0.766,26.940,0.998,250.407,0.618,0.458,1.094,35.088,0,0,0.916
0.810,33.044,2.912,406.937,0.635,11.425,1.386,38.752,0,1,0.910
0.792,28.724,8.120,245.480,0.643,2.186,0.875,17.274,0,1,0.905
0.880,35.009,5.828,164.069,0.959,0.841,1.154,47.831,0,0,0.907
0.799,32.139,0.000,259.932,0.649,7.106,0.289,23.596,0,0,0.902
0.898,34.510,6.332,76.897,1.812,0.408,1.205,46.612,0,0,0.929
0.905,33.076,5.550,114.582,1.747,0.487,0.217,54.084,0,1,0.954
0.855,35.779,5.425,76.611,2.271,0.968,0.381,8.121,0,1,0.944
0.746,33.652,7.983,97.665,1.876,1.267,1.472,3.172,0,1,0.919
1.007,33.100,2.303,48.130,2.003,0.403,0.285,15.372,0,1,0.938
0.785,32.003,4.063,145.907,0.798,31.087,0.870,3.989,1,1,0.875
0.886,32.470,4.724,167.748,1.095,0.573,0.853,15.662,1,1,0.895
0.781,34.087,2.575,132.577,0.891,4.198,0.360,10.616,0,0,0.878
0.816,33.880,4.882,195.097,0.633,10.743,1.180,2.113,0,1,0.884
0.901,36.647,4.423,130.151,1.564,0.409,0.443,12.974,1,1,0.909
0.829,33.831,5.449,287.646,0.632,6.752,0.843,10.196,1,0,0.879
0.816,33.729,7.899,98.419,1.522,1.026,0.340,10.969,0,1,0.914
0.792,34.136,6.654,313.743,0.774,0.471,0.329,16.810,1,0,0.894
0.769,38.356,2.586,172.565,1.231,10.335,0.447,11.661,0,1,0.907
0.865,35.047,0.995,153.972,0.769,0.419,0.623,15.771,0,0,0.880
0.859,34.766,1.870,158.562,0.961,4.034,1.046,12.156,0,1,0.901
0.815,34.269,2.554,144.401,1.232,6.797,1.461,20.361,0,1,0.914
0.709,34.923,4.255,241.907,0.755,16.605,0.491,16.410,0,0,0.895
0.773,36.288,3.303,195.948,1.006,5.613,1.056,0.436,1,0,0.873
0.706,35.958,5.499,178.875,1.295,7.698,0.665,9.458,0,1,0.913
0.739,31.880,4.429,255.528,0.621,3.471,1.873,1.165,0,0,0.894
0.738,30.131,4.734,160.705,0.680,0.431,0.326,3.613,0,0,0.878
0.875,34.538,3.476,104.724,1.278,0.401,1.019,5.961,0,1,0.907
0.945,30.246,3.731,134.366,1.346,0.403,0.505,34.312,1,1,0.919
0.785,27.760,4.771,152.441,0.913,0.434,0.357,5.567,0,1,0.904
0.784,34.496,8.963,159.194,0.887,4.036,0.355,2.325,1,0,0.857
0.805,36.034,3.610,201.982,0.973,0.401,0.920,7.166,0,1,0.904
0.980,35.686,0.777,113.391,1.570,0.401,1.361,35.678,0,1,0.940
0.846,30.472,3.873,85.165,1.882,2.471,1.238,32.863,0,1,0.941
0.812,33.007,8.917,208.188,0.751,4.226,0.530,16.175,1,0,0.874
0.726,34.361,7.460,120.298,1.748,0.450,0.400,1.618,0,1,0.922
0.811,35.925,2.321,314.568,0.685,5.869,1.155,10.409,0,1,0.903
0.814,31.631,1.483,250.074,0.691,3.522,0.371,1.308,0,1,0.904
0.926,28.810,1.093,231.307,0.963,7.286,2.148,59.580,1,1,0.918
0.959,28.355,0.727,78.964,1.164,0.401,0.642,64.134,0,0,0.932
0.710,34.136,13.029,159.991,1.077,3.079,1.049,0.618,1,0,0.859
0.782,36.725,5.417,161.510,0.625,16.881,1.185,14.296,0,0,0.867
0.880,31.077,1.456,161.203,1.109,0.717,1.005,34.489,0,1,0.927
0.730,33.746,8.324,163.178,1.278,0.915,1.516,43.156,0,0,0.920
0.952,31.617,1.003,223.153,0.657,0.800,0.759,25.808,0,1,0.907
0.753,36.207,4.642,77.556,1.125,26.763,0.313,1.766,0,1,0.880
0.920,38.399,5.024,93.057,1.370,0.420,1.025,7.406,0,1,0.910
0.761,34.132,7.486,100.386,0.984,0.400,1.546,2.283,0,0,0.867
0.766,34.838,6.951,217.510,0.802,5.357,0.800,0.167,0,1,0.894
0.941,31.658,1.532,71.800,2.079,0.888,1.508,0.878,1,1,0.921
0.820,36.314,6.235,79.037,1.548,10.480,0.511,3.031,0,1,0.905
0.870,34.240,2.744,200.137,0.709,4.730,1.121,9.324,0,1,0.896
0.867,28.756,1.621,181.466,0.619,0.722,1.580,36.446,0,0,0.908
0.750,36.173,1.540,242.913,0.744,12.730,0.123,7.723,0,0,0.894
0.826,33.670,2.819,124.594,0.952,0.425,0.454,16.521,0,0,0.888
0.712,31.322,5.968,269.948,0.661,2.801,0.150,1.840,0,0,0.903
0.733,30.892,1.370,246.340,0.890,9.309,0.421,15.337,0,1,0.922
0.713,35.381,1.426,106.779,1.695,3.914,1.502,1.296,0,0,0.905
0.736,30.803,6.263,251.782,0.673,0.416,0.704,13.065,0,0,0.904
0.772,34.826,3.142,139.246,1.275,12.268,0.779,15.067,0,1,0.912
0.808,34.242,3.086,113.490,1.313,6.162,1.171,2.604,0,1,0.908
0.702,34.421,2.599,402.834,0.822,0.439,0.986,20.236,0,0,0.946
0.711,34.975,2.887,176.561,0.826,14.797,1.183,4.847,0,0,0.884
0.768,34.682,7.847,150.547,0.727,0.444,0.425,0.382,0,0,0.866
0.780,32.336,14.564,262.813,0.769,0.827,0.936,2.403,1,1,0.881
0.863,28.128,1.204,146.085,0.956,6.592,0.818,29.921,0,1,0.925
0.728,31.872,2.403,240.429,0.757,0.443,0.272,2.222,0,0,0.904
0.726,31.972,1.987,379.318,0.692,3.993,0.540,13.600,0,0,0.937
0.845,33.639,3.880,156.959,0.916,1.180,0.991,4.062,0,1,0.900
0.729,35.995,2.903,162.517,0.868,27.530,0.317,0.937,1,0,0.860
0.704,34.815,4.620,132.669,1.040,13.910,1.375,12.590,0,0,0.883
0.808,29.681,8.612,219.935,0.736,4.361,0.268,72.298,0,0,0.938
0.845,34.037,4.528,244.731,0.641,6.911,0.781,4.684,1,0,0.874
0.874,34.354,1.876,141.737,0.779,13.406,1.950,12.133,1,0,0.865
0.897,32.485,8.040,86.140,1.129,1.498,0.925,11.825,0,1,0.908
0.812,29.915,11.911,134.545,1.288,2.017,0.371,57.806,0,1,0.953
0.755,31.588,5.558,98.625,1.806,1.977,0.445,5.637,0,1,0.928
0.764,29.804,5.221,181.462,0.883,0.517,0.492,1.564,1,0,0.880
0.794,36.307,0.865,269.203,0.797,12.588,1.460,12.193,0,1,0.909
0.726,36.338,7.771,136.277,1.382,0.525,1.388,9.061,0,0,0.900
0.834,30.784,2.248,116.950,1.639,5.864,0.371,10.707,1,1,0.915
0.960,32.862,3.233,113.209,0.667,0.408,1.556,31.261,0,0,0.894
0.928,29.867,1.182,229.681,0.635,0.403,0.905,17.731,0,1,0.912
0.841,34.160,4.443,82.977,2.514,0.590,1.290,16.698,0,1,0.966
0.743,34.094,5.128,100.409,1.873,0.406,0.221,20.853,0,0,0.923
0.794,37.012,2.315,187.868,0.642,12.024,1.595,1.748,0,0,0.874
0.787,35.826,6.818,141.841,1.233,0.400,1.577,23.032,0,0,0.906
0.701,34.032,9.818,356.309,0.661,8.683,1.898,6.055,0,0,0.920
0.848,38.047,8.110,189.495,0.728,7.718,0.402,5.015,1,0,0.856
0.889,35.384,1.447,201.242,0.742,0.426,0.127,0.638,1,0,0.869
0.719,29.824,2.524,192.407,0.739,5.118,1.337,6.538,0,0,0.901
0.715,35.285,8.639,93.104,1.910,0.577,1.723,5.162,0,0,0.909
0.748,34.338,9.565,224.101,0.726,1.736,0.840,9.648,0,0,0.892
0.791,33.532,4.697,218.111,0.922,0.507,1.602,5.688,1,0,0.888
0.784,28.979,1.906,195.634,1.092,0.401,0.428,33.955,0,1,0.937
0.835,33.564,5.003,98.673,2.277,5.963,0.592,46.622,0,1,0.965
0.988,33.117,6.369,191.318,1.030,0.409,1.067,66.770,0,1,0.950
0.885,35.013,2.897,112.486,0.841,0.533,0.350,14.632,0,0,0.883
0.843,29.307,0.000,240.534,0.973,0.421,0.654,50.718,0,1,0.940
0.826,26.691,0.957,175.519,0.789,8.402,1.142,12.057,0,1,0.922
0.831,37.363,9.756,107.323,1.539,0.402,0.764,5.036,1,0,0.884
0.739,36.132,4.864,279.850,0.985,0.888,0.231,0.433,1,0,0.903
0.779,33.056,6.124,202.865,1.235,2.315,1.439,11.293,1,1,0.911
0.745,29.831,8.624,113.830,1.307,8.153,1.362,22.819,0,1,0.923
0.729,33.470,4.229,237.150,0.884,0.403,0.557,12.298,0,0,0.913
0.773,35.942,4.228,203.550,1.084,0.852,0.345,4.018,0,1,0.917
0.913,27.113,3.046,138.550,0.919,0.400,0.698,26.236,0,1,0.930
0.821,34.433,1.670,158.305,1.133,0.540,1.113,0.741,0,1,0.915
0.822,38.028,8.666,186.210,0.618,0.444,1.707,2.129,0,0,0.867
0.726,35.605,3.051,307.226,0.818,0.406,0.936,1.752,0,0,0.922
0.924,32.852,2.898,99.297,1.189,6.900,0.505,20.451,0,1,0.922
0.864,29.544,1.530,286.539,0.620,0.691,1.074,9.241,0,1,0.917
0.754,29.167,6.868,263.717,0.740,0.469,2.173,1.311,0,1,0.916
0.704,30.462,1.788,452.872,0.678,1.008,1.254,4.934,0,0,0.966
0.961,34.085,6.940,139.622,0.879,1.168,1.119,29.640,1,0,0.889
0.887,32.249,2.630,140.770,1.669,0.000,1.453,55.524,0,1,0.963
0.756,37.692,4.128,181.731,1.134,0.477,0.571,5.584,0,0,0.904
0.818,36.194,3.002,238.432,0.734,2.465,0.142,11.593,0,0,0.899
0.750,36.164,1.285,332.085,0.897,0.400,0.856,8.863,0,1,0.932
0.828,32.858,3.761,187.425,0.847,1.981,0.833,1.825,1,0,0.880
0.787,30.364,2.076,299.386,0.994,0.416,0.643,65.051,0,1,0.948
0.761,35.107,5.686,149.443,1.599,2.532,0.477,17.802,0,1,0.940
0.867,29.202,1.455,284.880,0.686,1.064,0.955,21.978,1,0,0.908
0.962,33.039,8.237,219.235,0.616,0.579,1.887,34.291,0,1,0.917
0.823,35.604,4.232,275.136,0.680,11.238,1.350,12.366,0,1,0.906
0.863,34.969,5.603,112.746,0.806,8.204,0.573,0.077,1,0,0.855
0.892,31.150,5.525,91.015,1.955,0.403,1.388,40.960,0,1,0.963
0.796,35.661,0.991,190.659,1.086,0.437,0.219,19.309,0,0,0.915
0.811,31.579,2.907,240.666,0.842,1.095,0.262,13.183,0,1,0.922
0.775,32.846,4.184,241.992,0.929,5.171,2.307,19.995,0,1,0.926
0.703,33.063,2.026,198.589,0.950,5.214,1.437,3.257,0,0,0.908
0.861,34.344,4.154,226.736,0.704,2.164,1.660,1.735,1,0,0.878
0.717,35.118,3.164,151.564,1.588,2.871,1.799,26.308,0,0,0.930
0.866,34.034,10.482,81.683,1.539,0.405,1.260,40.714,0,0,0.929
0.701,34.101,5.620,287.107,0.628,33.787,1.023,23.126,0,0,0.913
0.723,33.652,1.671,207.479,1.223,0.717,0.761,1.977,0,1,0.933
0.753,32.308,2.281,126.529,1.260,15.334,0.612,8.321,0,1,0.919
0.733,33.779,3.509,127.393,1.405,17.509,1.056,14.759,0,1,0.922
0.789,30.432,4.485,304.132,0.704,1.064,0.846,39.472,0,0,0.934
0.894,36.698,4.940,176.268,0.726,1.409,1.743,21.667,0,0,0.893
0.857,34.591,8.011,86.592,1.656,0.629,0.491,4.913,0,1,0.928
0.874,34.862,2.767,176.393,0.948,0.950,0.567,10.144,0,1,0.914
0.901,32.117,2.437,131.180,1.129,0.400,0.483,14.680,0,1,0.925
0.864,31.394,2.767,72.008,2.215,5.583,1.104,23.140,0,1,0.955
0.829,35.062,6.787,145.205,1.284,8.070,1.346,1.757,1,1,0.900
0.862,35.495,1.570,188.484,0.817,3.780,0.118,0.414,0,1,0.904
0.771,33.790,6.659,146.041,0.888,2.803,2.060,9.122,0,0,0.891
0.735,34.121,7.074,235.196,1.174,1.396,0.247,28.075,0,1,0.940
0.804,35.377,4.732,107.102,0.741,29.963,0.939,12.980,1,0,0.858
0.890,34.377,3.998,67.362,1.927,1.114,1.572,1.350,1,0,0.900
0.849,31.408,2.514,248.231,0.787,0.623,1.139,46.558,0,0,0.930
0.710,34.479,7.449,195.957,1.023,18.238,0.243,11.721,1,0,0.888
0.757,30.211,2.302,150.408,1.357,13.649,0.137,3.370,1,1,0.912
0.728,36.892,0.715,309.592,0.977,0.479,0.524,12.053,0,0,0.939
0.713,38.475,4.901,111.706,1.664,20.159,0.534,20.326,0,0,0.904
0.972,28.600,0.984,227.894,0.926,0.467,0.444,38.486,1,1,0.923
0.820,34.507,4.989,120.012,2.130,0.626,0.509,33.746,0,1,0.971
0.824,30.351,1.954,229.238,0.664,0.423,0.765,18.885,0,0,0.915
0.715,33.051,2.419,381.232,0.743,1.467,1.790,3.313,0,0,0.948
0.769,31.891,9.524,88.157,2.053,0.463,1.382,8.167,0,1,0.942
0.805,35.640,1.951,208.702,0.710,10.423,2.367,9.162,0,0,0.897
0.869,31.919,4.651,173.770,0.799,2.237,1.641,39.619,0,0,0.919
0.766,30.861,7.056,237.425,0.918,0.402,0.154,19.415,0,1,0.930
0.891,32.884,2.037,55.299,2.180,0.413,0.141,21.625,0,0,0.936
0.960,28.886,2.940,167.336,0.844,7.549,0.616,12.407,1,1,0.907
0.964,29.485,3.627,131.444,1.286,11.895,1.154,49.733,1,1,0.936
0.786,34.276,0.989,319.346,0.738,2.002,1.123,13.000,0,0,0.928
0.733,26.354,0.769,227.965,0.728,0.493,2.099,24.626,0,0,0.931
0.799,37.128,3.173,337.905,0.895,0.408,0.419,2.265,1,1,0.913
0.721,36.309,9.686,143.103,1.190,1.636,1.120,1.305,0,0,0.893
0.777,36.496,1.175,204.677,0.906,17.356,0.407,3.584,0,1,0.911
0.870,24.552,5.539,104.290,0.893,0.748,0.439,0.028,0,1,0.914
0.730,31.856,8.651,408.849,0.612,1.849,1.277,2.757,0,0,0.942
0.786,36.304,7.860,123.992,1.934,0.400,0.723,13.104,0,1,0.954
0.745,32.015,2.823,211.084,0.738,6.463,1.104,1.696,0,0,0.906
0.841,33.824,2.546,114.649,0.854,3.588,0.208,7.907,0,0,0.888
0.741,34.389,4.387,224.471,0.851,2.723,1.694,3.433,0,0,0.909
0.837,32.278,6.800,185.143,0.680,7.242,0.462,2.125,1,0,0.876
0.885,28.797,0.698,64.929,1.752,7.552,2.560,13.527,0,1,0.939
0.840,34.059,1.416,247.754,0.971,2.242,0.656,1.112,1,1,0.910
0.811,32.185,5.043,148.634,0.793,4.569,0.604,19.569,0,0,0.902
0.791,31.346,7.699,146.927,1.208,1.470,0.272,15.775,0,1,0.929
0.823,33.301,0.522,158.201,0.745,27.825,0.556,12.727,0,1,0.911
0.799,33.690,2.969,126.335,1.830,1.962,0.485,53.024,0,0,0.951
0.769,30.842,4.138,249.440,0.811,4.829,1.448,3.047,0,1,0.925
0.775,32.214,5.610,200.200,0.703,0.426,2.248,2.283,0,0,0.898
0.821,34.719,3.570,203.535,0.820,4.180,1.622,20.163,0,0,0.909
0.753,36.872,0.698,421.895,0.818,1.566,0.872,18.108,0,0,0.954
0.995,28.470,5.613,109.332,1.066,0.401,2.138,6.352,1,1,0.908
0.887,34.826,4.663,133.174,1.568,0.740,0.957,31.426,0,1,0.953
0.893,37.507,4.978,201.354,0.784,1.264,0.388,4.102,1,0,0.875
0.837,33.071,5.002,122.950,1.213,2.339,0.572,2.614,0,1,0.919
0.783,35.735,5.612,226.529,0.741,2.782,0.459,3.010,0,0,0.899
0.769,31.652,3.931,181.812,0.801,1.862,1.753,7.962,0,0,0.905
0.904,36.110,8.325,88.690,1.952,0.404,0.304,18.396,0,1,0.958
0.884,36.717,9.368,105.743,1.161,0.409,0.401,3.771,0,1,0.910
1.034,22.808,3.113,133.551,0.794,5.970,1.689,3.652,1,1,0.916
0.880,34.850,3.604,103.946,1.425,0.418,0.431,0.836,0,1,0.927
0.944,32.082,2.704,157.611,1.273,0.400,0.338,48.331,0,1,0.955
0.793,26.382,5.131,359.610,0.652,1.361,0.394,23.953,1,0,0.935
0.967,23.618,5.676,97.935,1.231,0.505,0.889,16.179,1,1,0.925
0.888,26.112,9.041,156.257,0.869,5.253,0.311,9.901,1,1,0.910
0.955,31.057,4.536,78.635,1.738,0.430,1.547,37.461,1,0,0.926
0.765,37.743,6.659,131.938,1.429,11.720,0.326,0.385,1,0,0.886
0.820,32.140,9.183,70.897,2.804,1.169,0.837,22.355,0,1,0.979
0.952,29.667,4.746,159.721,1.062,0.899,0.840,51.047,0,1,0.956
0.772,33.752,1.824,249.425,0.912,3.915,0.759,0.878,0,1,0.928
1.012,30.990,2.898,47.756,1.789,16.458,0.192,16.067,1,1,0.925
0.833,29.307,0.575,229.079,0.781,0.733,1.382,40.347,0,0,0.935
0.755,28.579,7.006,105.270,0.722,0.529,0.145,1.117,0,0,0.883
0.802,34.496,1.009,148.552,0.931,2.561,0.778,0.000,0,0,0.898
0.823,29.420,5.026,268.794,0.679,11.390,1.033,24.523,0,1,0.933
0.714,33.030,5.583,238.856,0.847,12.531,0.714,23.497,0,0,0.923
0.767,37.798,3.418,234.121,1.111,5.881,0.809,1.769,1,0,0.905
0.820,34.577,2.688,129.189,1.524,8.385,0.196,18.606,0,1,0.941
0.783,33.614,7.118,266.084,0.641,8.319,0.349,14.375,0,0,0.913
0.783,37.259,5.777,282.413,0.705,2.542,0.333,0.254,0,0,0.908
0.912,32.781,0.401,149.114,1.086,0.445,0.528,12.004,0,1,0.929
0.765,32.732,2.207,180.345,1.225,0.402,0.316,0.931,0,1,0.934
0.825,37.074,1.150,141.534,1.911,0.400,0.424,17.061,0,1,0.967
0.962,31.999,2.158,102.790,0.995,0.400,1.099,2.892,0,1,0.917
1.002,31.472,0.978,60.086,1.754,4.611,1.071,16.902,0,1,0.949
0.894,34.454,0.732,126.526,1.144,1.302,0.206,25.403,0,0,0.918
0.904,24.940,4.672,150.363,1.033,4.905,0.220,19.768,1,1,0.926
1.034,32.651,0.890,82.374,1.084,3.618,1.383,13.465,0,1,0.927
0.745,21.911,7.857,184.526,1.009,1.702,0.537,0.657,1,1,0.915
0.716,35.820,3.111,128.891,0.840,23.582,1.179,0.621,0,0,0.882
0.850,34.284,2.057,138.767,1.120,0.400,1.123,20.677,0,0,0.916
0.889,33.207,3.083,220.543,0.987,0.408,0.879,35.097,0,1,0.940
0.768,30.903,4.253,203.387,1.056,1.354,1.325,14.246,1,0,0.911
0.884,31.437,5.751,257.490,0.682,0.456,1.057,47.093,0,0,0.934
0.831,27.839,1.335,170.210,0.713,16.248,0.531,14.577,1,0,0.903
0.900,33.803,10.168,69.659,2.007,12.171,1.332,15.439,1,1,0.929
1.044,31.696,3.008,137.181,0.909,0.417,1.295,61.618,0,0,0.944
0.842,38.119,2.032,166.205,0.938,18.701,0.458,7.871,1,0,0.878
0.734,27.308,3.878,137.578,0.802,0.482,0.392,5.816,0,0,0.904
0.899,31.372,5.103,154.834,0.823,0.401,0.887,5.831,0,1,0.916
0.890,31.929,3.053,176.294,0.682,7.621,0.975,1.657,0,1,0.911
0.888,34.764,3.102,65.370,0.931,1.923,0.852,0.896,0,0,0.880
0.973,35.771,4.200,60.757,2.456,0.450,0.773,8.727,0,1,0.977
0.710,28.989,1.580,168.183,0.888,6.359,1.400,10.974,0,0,0.918
0.781,31.305,3.708,150.398,1.377,15.751,0.363,13.445,1,1,0.920
0.817,33.595,5.619,218.005,0.836,0.536,0.459,25.811,0,0,0.922
0.878,21.590,0.936,103.629,1.150,0.401,1.334,29.082,0,1,0.952
0.780,37.503,4.238,149.007,1.434,10.149,0.821,8.099,0,1,0.932
0.789,29.357,4.354,210.365,0.895,4.558,0.615,17.906,1,0,0.911
0.826,32.016,0.966,246.930,0.708,7.111,0.170,23.608,0,0,0.924
0.755,30.404,2.596,266.336,0.875,2.478,0.882,0.213,1,0,0.918
0.921,30.291,3.163,160.438,0.621,4.099,0.334,1.556,1,0,0.881
0.829,25.493,2.666,192.774,0.786,2.532,0.406,0.369,0,1,0.930
0.808,28.811,2.240,94.014,1.457,0.527,1.277,2.379,1,0,0.898
0.759,29.805,5.767,295.876,0.653,1.767,0.124,13.633,0,0,0.933
0.788,29.536,2.940,224.094,0.983,3.087,0.612,28.662,1,0,0.922
0.857,30.295,1.929,127.270,0.892,0.567,0.711,21.982,0,0,0.915
0.970,36.627,3.355,143.093,1.489,0.421,1.558,39.755,0,1,0.960
0.727,33.499,6.648,220.623,1.179,1.436,0.311,13.727,0,1,0.941
0.902,33.865,2.793,92.490,2.835,0.437,0.144,43.785,0,1,1.005
0.874,35.064,1.348,126.318,2.148,4.318,0.482,46.597,0,1,0.980
0.885,26.559,1.049,110.489,1.406,0.400,0.672,30.220,0,1,0.954
0.713,28.319,5.255,177.753,0.851,20.585,1.435,0.104,0,1,0.926
0.803,30.482,5.116,186.780,0.867,9.949,0.741,11.293,0,1,0.927
0.844,30.306,3.185,198.149,0.766,0.729,0.340,31.331,0,0,0.927
0.727,33.322,5.679,216.520,1.158,0.400,1.753,1.109,1,0,0.912
0.916,34.159,6.791,81.666,1.678,0.431,1.210,9.428,0,1,0.944
0.859,36.556,4.972,219.079,0.786,1.616,1.651,19.774,0,0,0.911
0.737,33.500,8.148,200.301,1.068,6.859,0.352,8.012,0,1,0.928
0.844,28.498,3.392,125.277,1.238,0.572,0.763,11.641,0,1,0.938
0.797,34.393,12.398,236.121,0.685,0.487,0.384,17.395,0,0,0.910
0.781,37.056,1.252,223.276,0.983,1.201,1.281,4.002,0,0,0.921
0.729,33.420,2.320,159.516,0.785,20.234,0.403,4.811,0,0,0.901
0.834,32.079,4.390,112.308,1.323,0.474,0.457,1.075,1,0,0.895
0.936,34.937,11.171,48.368,3.287,0.400,0.697,9.676,0,1,1.006
0.813,28.179,4.583,162.909,1.001,3.626,0.167,13.700,0,1,0.936
1.041,23.954,1.660,191.801,0.682,0.562,0.926,40.208,0,1,0.955
1.004,34.103,2.518,59.091,2.292,0.402,0.836,12.058,0,1,0.974
0.779,35.209,8.548,225.203,0.993,0.679,0.978,29.259,0,0,0.931
0.833,38.433,8.298,181.853,1.040,1.047,0.162,20.680,0,0,0.916
0.772,32.984,8.472,184.612,0.778,2.706,1.626,9.481,0,0,0.905
0.851,37.320,2.356,211.179,1.005,0.401,1.063,6.839,0,1,0.927
0.836,33.256,9.079,127.945,1.483,1.399,1.050,24.613,0,1,0.950
0.710,33.691,8.484,207.008,0.739,14.346,0.465,2.584,0,0,0.903
0.788,32.936,5.251,104.374,1.139,0.933,1.234,2.631,0,0,0.901
0.928,31.577,3.346,222.773,0.647,5.855,0.209,16.591,0,1,0.924
0.826,34.442,5.093,88.955,1.653,9.889,0.437,2.448,0,1,0.934
0.810,36.431,2.534,294.832,0.909,4.274,0.828,19.092,0,1,0.936
0.766,27.752,11.422,86.679,1.491,2.144,1.405,36.855,1,0,0.917
0.915,29.109,3.421,266.634,0.790,13.198,0.492,36.987,1,1,0.928
0.902,36.448,4.298,107.464,0.773,0.409,2.043,4.659,0,0,0.884
0.724,29.526,6.289,163.453,1.401,0.538,0.885,23.090,0,1,0.952
0.924,27.563,2.340,66.644,2.002,0.647,0.205,23.888,0,1,0.964
0.874,27.062,1.908,73.463,1.917,0.540,0.310,16.399,0,1,0.956
0.968,29.175,6.199,109.990,0.884,0.480,0.269,13.374,0,1,0.930
0.811,35.388,9.548,241.957,0.692,0.422,0.863,11.246,0,0,0.909
0.860,30.478,0.778,84.272,0.658,24.769,0.944,1.348,1,0,0.878
1.063,26.686,2.424,57.074,1.956,0.428,0.633,43.817,0,1,0.982
0.858,29.938,9.432,253.529,0.629,0.435,0.556,11.480,1,0,0.904
0.744,33.778,5.450,407.776,0.807,2.205,1.895,2.353,1,0,0.945
0.859,33.562,3.019,107.424,1.837,0.554,0.167,43.797,0,0,0.956
0.796,29.678,3.817,48.515,2.890,0.438,0.494,27.187,0,0,0.958
0.822,34.256,4.297,252.039,0.698,3.862,0.519,12.714,0,0,0.918
0.937,38.136,3.015,58.695,1.412,0.615,2.680,0.754,0,0,0.904
0.844,32.564,3.426,150.842,1.017,0.443,0.621,25.514,0,0,0.925
0.719,35.207,7.723,218.138,1.305,0.524,1.039,35.941,0,0,0.950
0.781,33.404,7.242,183.392,0.721,9.594,0.649,12.071,0,0,0.906
1.032,36.288,1.501,269.363,0.751,5.067,0.419,63.754,0,0,0.928
0.808,26.891,5.606,169.175,0.859,0.424,2.076,9.784,1,0,0.905
0.711,29.935,3.937,255.890,1.005,0.502,1.357,3.457,0,1,0.947
0.942,28.355,3.733,56.145,2.061,0.709,0.465,70.984,0,0,0.973
0.749,37.823,5.288,226.886,0.866,10.021,1.332,0.749,0,0,0.909
0.741,34.127,4.375,159.970,1.070,12.475,1.021,19.986,0,0,0.918
0.746,35.825,2.782,168.710,1.243,0.466,0.608,0.426,0,0,0.923
0.860,32.418,5.200,164.335,0.971,1.918,1.783,7.592,0,1,0.927
0.805,36.634,4.122,242.227,0.742,2.561,0.661,0.368,0,0,0.910
0.961,23.368,9.475,75.801,0.711,4.136,0.235,7.368,0,1,0.932
0.794,29.928,4.122,113.715,0.806,3.394,0.431,3.520,0,0,0.899
0.817,37.401,2.088,242.792,1.020,3.017,1.085,24.968,0,0,0.933
0.801,35.323,2.769,218.375,1.021,1.919,1.969,22.768,0,0,0.932
0.920,35.057,0.994,234.444,0.790,0.403,0.708,31.307,0,0,0.925
0.808,36.296,7.750,168.584,1.186,1.266,1.516,4.311,0,1,0.929
0.764,27.348,5.082,75.085,0.814,3.603,1.019,1.708,0,0,0.892
0.962,36.771,8.130,75.602,1.467,1.730,0.205,9.089,0,1,0.938
0.738,32.085,1.458,175.443,1.328,1.661,0.843,34.612,0,0,0.946
0.702,37.860,4.806,228.140,1.222,16.785,1.514,3.288,1,0,0.912
0.799,38.264,3.003,238.031,0.950,0.823,0.225,6.992,0,0,0.923
0.785,30.041,1.374,213.337,0.908,7.980,0.980,4.578,1,0,0.914
0.800,31.221,6.890,184.331,0.913,5.118,0.686,4.097,0,1,0.926
0.771,32.039,7.568,225.192,0.877,5.168,1.180,2.033,1,0,0.904
1.059,31.609,1.873,62.439,2.014,0.442,0.187,26.320,0,1,0.976
0.802,30.975,9.040,344.137,0.711,0.519,0.528,25.371,0,1,0.943
0.801,32.688,7.883,147.146,1.535,0.401,0.203,27.397,0,1,0.959
0.821,37.829,2.571,199.333,1.152,0.406,0.585,2.039,0,1,0.936
0.807,34.399,7.833,330.416,0.659,15.540,1.753,6.354,1,0,0.912
1.020,35.120,5.151,108.459,0.899,11.844,1.291,31.359,0,1,0.935
0.790,37.232,1.377,315.992,0.846,0.420,1.696,8.562,0,0,0.939
0.785,30.777,4.968,147.225,1.352,0.460,1.113,16.443,1,0,0.918
0.893,29.614,1.893,99.299,0.817,19.908,0.405,20.413,1,0,0.900
1.047,30.677,3.898,48.988,2.686,0.483,0.256,33.364,0,1,0.998
0.767,30.126,7.460,182.020,0.712,0.400,0.917,2.689,0,0,0.908
0.789,31.327,6.539,195.410,0.700,3.806,0.640,9.213,0,0,0.914
0.875,31.149,1.336,127.953,1.138,0.552,0.180,1.423,1,0,0.901
0.761,37.569,4.958,137.276,0.832,32.095,0.127,24.000,0,0,0.893
1.037,30.833,4.988,50.876,1.684,5.327,0.212,23.668,0,1,0.962
0.847,33.727,4.734,82.200,2.491,5.180,0.277,24.172,1,0,0.945
0.852,34.470,2.762,364.156,0.688,2.814,1.038,4.070,1,0,0.923
1.037,31.896,1.093,82.960,1.135,1.266,0.220,39.892,0,0,0.938
0.860,35.016,4.422,196.637,1.094,0.781,0.460,19.253,0,1,0.942
0.846,36.301,6.161,186.255,1.099,1.902,0.452,13.420,0,1,0.935
0.808,32.257,4.391,383.552,0.665,1.599,0.264,7.995,0,1,0.942
0.873,31.104,5.522,90.674,1.026,12.148,0.731,2.078,0,1,0.921
0.703,35.357,9.125,307.972,0.907,14.611,2.140,0.609,1,0,0.920
0.789,29.538,4.373,131.159,1.438,8.430,0.220,33.063,0,1,0.956
0.839,30.395,6.079,117.729,1.311,0.412,1.006,4.877,0,1,0.937
0.756,33.364,7.244,414.294,0.666,2.218,0.289,8.639,0,0,0.956
1.026,35.485,1.086,221.031,0.674,0.527,0.382,19.792,1,0,0.895
0.895,28.115,6.323,83.026,1.290,0.402,0.693,1.852,0,1,0.933
0.715,22.647,3.881,138.836,0.634,1.329,1.641,2.116,0,0,0.915
0.775,31.813,5.096,110.595,2.379,0.439,0.643,32.122,0,1,0.987
0.896,35.305,1.261,149.690,0.738,0.742,1.054,2.822,0,0,0.898
0.927,30.232,2.529,87.775,1.384,2.436,0.521,4.825,0,1,0.941
0.719,33.115,2.425,185.508,1.152,1.832,0.574,5.639,0,0,0.932
1.140,27.885,0.721,46.839,2.451,2.212,0.417,50.676,0,1,0.999
0.823,38.430,1.007,237.582,0.863,1.258,0.880,1.120,0,0,0.919
0.829,33.894,0.777,179.653,0.825,4.779,0.813,5.537,0,0,0.914
1.017,36.403,9.887,203.543,0.667,3.036,1.990,54.766,0,0,0.935
0.826,31.672,2.375,260.403,0.639,0.479,1.418,2.465,0,0,0.925
0.779,33.465,4.115,247.912,0.781,0.433,0.572,2.256,0,0,0.925
0.761,32.458,6.665,168.496,1.261,2.671,0.770,5.912,0,1,0.941
0.808,31.631,4.406,124.632,1.154,0.871,0.221,19.748,0,0,0.926
0.825,28.025,3.066,180.569,0.683,1.938,0.851,17.071,0,0,0.926
0.857,31.791,1.033,179.737,0.881,1.915,0.706,23.461,0,0,0.929
0.824,35.752,4.002,198.845,0.824,2.544,0.793,5.910,0,0,0.913
0.783,31.908,9.739,191.869,0.882,0.570,0.911,27.337,0,0,0.931
0.845,32.512,0.968,311.278,0.671,2.747,0.687,17.971,0,0,0.939
0.841,32.887,1.976,118.680,1.472,1.757,0.169,1.686,1,0,0.912
0.722,31.813,12.879,201.679,1.365,1.123,1.760,8.480,1,1,0.931
0.941,37.109,4.633,109.919,0.752,15.682,0.831,10.130,0,1,0.909
0.809,33.824,2.861,207.265,1.077,2.046,0.186,7.027,0,1,0.942
0.822,28.666,1.704,133.368,0.721,13.280,0.166,27.419,0,0,0.927
0.859,33.113,6.821,68.543,2.010,7.027,0.815,3.287,0,1,0.952
0.820,29.322,2.449,217.126,0.619,5.329,1.654,7.242,0,0,0.925
1.012,27.772,4.616,113.124,1.364,3.225,0.897,28.975,1,1,0.948
0.753,34.524,8.896,183.805,0.957,1.875,0.579,6.222,0,0,0.914
1.098,28.570,1.649,76.415,1.932,0.409,0.171,54.269,0,1,0.995
0.712,30.719,7.572,218.542,1.168,0.832,0.169,15.098,0,1,0.952
0.863,32.077,2.138,102.767,1.298,17.705,0.295,19.731,0,1,0.942
1.009,28.646,7.229,65.345,2.002,0.453,0.654,15.632,1,1,0.953
0.723,30.034,3.228,224.887,1.156,2.369,0.859,15.485,0,1,0.957
0.849,35.119,8.274,220.603,1.038,2.488,0.884,5.820,1,1,0.919
0.774,35.266,9.241,198.383,0.855,18.512,2.110,4.740,1,0,0.892
0.866,32.242,6.563,249.492,0.623,0.672,1.346,21.251,0,0,0.927
0.873,31.203,8.274,118.557,1.456,2.737,0.978,32.303,0,1,0.963
0.757,31.813,2.998,205.330,1.226,0.518,0.819,10.071,0,1,0.954
0.838,32.494,4.978,205.510,1.118,0.425,0.842,27.343,0,1,0.954
0.825,31.928,2.359,165.816,0.776,27.028,1.237,12.236,0,1,0.931
0.838,35.507,2.177,271.122,0.793,0.408,0.554,14.084,0,0,0.932
1.050,29.852,9.015,175.261,0.883,0.418,1.025,68.101,1,0,0.957
0.727,34.334,10.339,262.485,0.701,12.845,1.334,2.957,0,0,0.919
0.768,32.543,7.576,144.184,0.786,9.538,1.100,6.122,0,0,0.904
0.936,34.957,2.505,89.013,0.894,0.513,0.354,6.235,0,0,0.900
0.805,35.081,4.462,252.516,0.852,24.595,0.942,33.797,0,1,0.936
0.802,33.504,8.275,158.465,1.476,2.857,1.286,29.537,0,1,0.962
0.853,35.119,8.543,261.894,0.692,3.452,1.081,0.500,1,0,0.898
1.023,26.896,3.523,52.988,2.006,0.400,0.177,29.083,0,1,0.979
0.936,30.667,4.932,84.923,2.889,0.407,1.236,71.058,0,1,1.021
0.860,31.958,3.036,151.573,1.266,2.986,2.156,18.138,0,1,0.952
0.777,27.289,1.918,251.986,0.706,19.362,1.209,2.408,1,0,0.931
0.972,33.391,2.029,182.486,0.799,0.463,0.631,13.160,0,1,0.931
0.822,34.431,4.882,330.857,0.739,3.249,0.986,11.427,0,1,0.939
0.803,35.435,3.980,121.376,0.981,32.026,0.544,17.559,1,0,0.887
0.907,32.141,2.173,108.571,1.359,5.929,1.630,18.756,1,0,0.916
0.812,32.208,9.497,136.465,0.686,7.970,1.483,14.760,0,0,0.906
0.863,30.829,6.094,155.080,0.911,0.430,0.492,2.963,1,0,0.899
0.762,32.796,1.725,377.884,0.665,38.297,2.042,5.042,1,0,0.944
0.956,31.712,3.751,76.627,1.345,4.544,0.223,4.493,0,1,0.940
0.706,32.782,10.217,174.785,1.441,0.421,0.460,7.132,0,1,0.950
0.795,36.522,6.052,237.938,0.923,11.099,0.699,2.793,1,0,0.907
0.710,30.260,2.537,136.323,1.141,5.571,0.182,3.225,0,0,0.923
0.878,28.868,0.920,219.310,0.825,1.126,0.282,6.787,0,1,0.943
0.800,26.747,0.431,237.319,0.796,11.028,0.156,1.285,0,1,0.951
0.810,30.639,4.735,389.159,0.632,1.970,0.820,2.446,0,1,0.948
0.805,32.238,3.436,105.001,1.571,11.035,0.889,5.170,0,1,0.946
0.942,33.540,3.054,182.846,0.855,0.406,0.657,35.919,0,0,0.936
0.969,27.439,2.075,73.041,1.437,2.375,0.591,7.496,0,1,0.951
0.806,36.401,4.152,261.835,1.004,2.344,0.243,4.512,1,0,0.923
0.919,31.613,3.266,107.038,1.576,0.511,1.429,18.011,0,1,0.962
0.709,32.710,2.116,165.964,1.246,5.493,0.288,7.941,0,0,0.936
0.776,33.352,4.136,117.700,1.142,11.624,0.750,14.832,0,0,0.919
0.879,35.784,2.355,188.490,1.061,0.400,1.509,7.642,0,1,0.940
0.823,32.936,1.892,384.167,0.846,3.492,1.933,60.556,0,0,0.964
0.905,33.103,1.290,131.990,1.346,1.147,0.849,10.007,0,1,0.951
0.802,37.487,8.437,251.069,0.782,0.401,2.111,3.609,0,0,0.918
0.749,30.147,4.161,330.913,0.666,16.905,0.650,23.131,0,0,0.957
1.150,31.240,1.176,51.664,1.856,0.844,0.154,24.482,0,1,0.980
0.790,30.252,2.442,322.980,0.687,0.437,0.446,9.992,0,0,0.952
0.854,26.595,2.430,155.345,1.174,2.343,0.202,33.650,0,1,0.965
0.808,31.176,4.900,363.362,0.652,18.098,1.656,8.776,1,0,0.939
0.717,28.332,3.499,222.633,0.815,1.902,1.623,1.131,0,0,0.937
0.983,31.170,2.933,120.487,0.884,18.483,0.324,42.096,1,0,0.921
0.879,36.592,1.488,95.580,2.399,1.127,1.520,2.976,0,1,0.992
0.801,28.094,5.892,141.880,0.750,0.739,0.740,10.724,0,0,0.919
0.712,33.669,6.011,204.152,1.200,8.538,1.376,1.593,0,1,0.946
0.798,35.380,1.126,334.018,0.847,1.487,0.902,19.088,0,0,0.954
0.865,35.668,4.649,84.389,1.321,1.452,1.307,1.182,0,0,0.913
0.801,25.523,3.246,84.912,1.540,12.133,1.166,33.980,0,1,0.963
1.131,30.025,5.771,63.641,1.434,0.592,0.350,10.004,1,1,0.942
0.909,32.570,1.153,109.907,1.666,7.030,1.186,26.189,0,1,0.966
0.906,36.434,3.595,187.934,0.878,0.937,0.163,21.465,0,0,0.925
0.797,33.318,7.327,123.758,1.584,3.277,0.605,5.380,0,1,0.951
0.812,30.355,12.264,155.931,1.354,1.200,0.419,47.938,0,1,0.977
0.981,38.181,3.551,123.613,0.647,10.270,1.757,3.869,1,0,0.870
0.882,32.091,2.174,62.665,1.660,2.687,0.308,11.781,0,0,0.932
0.769,31.875,2.800,158.926,1.503,1.202,1.272,7.992,0,1,0.961
0.901,32.373,2.152,160.419,0.878,25.888,0.276,38.603,0,1,0.945
0.953,32.438,6.180,215.663,0.935,0.487,0.274,44.524,0,1,0.960
0.896,38.326,5.095,175.860,0.947,3.748,1.683,6.329,0,1,0.926
0.811,29.894,4.333,190.482,0.954,1.426,0.565,1.268,1,0,0.914
0.798,30.173,4.983,209.977,0.780,2.890,1.365,19.614,0,0,0.936
0.896,28.731,4.090,121.528,1.417,0.400,1.636,28.655,0,1,0.967
0.919,27.503,6.928,178.508,1.069,0.535,1.412,21.490,1,1,0.941
0.921,31.655,3.111,191.749,0.807,0.453,0.607,7.597,1,0,0.909
0.948,34.624,4.045,117.711,1.163,0.548,1.231,5.714,0,1,0.939
0.769,38.347,7.375,223.963,0.981,5.398,1.444,6.453,0,0,0.925
0.910,29.582,2.101,167.000,0.925,3.965,0.432,19.263,1,0,0.920
0.713,31.310,2.574,136.308,1.962,1.478,1.859,8.033,0,1,0.975
0.850,34.744,4.933,178.750,0.727,1.454,0.182,1.671,0,0,0.908
1.115,26.223,3.183,188.790,0.878,1.112,0.654,40.305,1,1,0.952
0.838,34.877,8.450,163.258,1.173,11.919,0.736,2.034,1,1,0.917
0.782,35.153,2.117,363.008,0.635,23.889,0.672,9.413,0,0,0.947
0.794,28.938,4.340,256.898,0.757,13.539,0.697,9.062,0,1,0.949
1.023,26.469,5.599,80.926,1.199,0.511,0.533,22.268,0,1,0.963
1.138,35.295,2.549,211.936,0.896,7.448,0.522,51.369,1,1,0.933
0.813,33.831,5.529,249.139,0.824,1.113,0.170,18.057,0,0,0.938
0.943,29.004,4.307,145.126,0.949,0.758,1.438,14.274,0,1,0.947
0.827,28.745,3.403,117.619,0.824,35.199,0.310,35.555,0,1,0.953
0.786,30.228,3.518,271.646,0.750,5.074,1.509,22.406,0,0,0.950
0.774,31.940,9.963,234.027,0.679,1.993,1.533,3.114,0,0,0.921
0.727,35.401,5.294,158.305,1.296,4.637,0.122,1.121,0,0,0.929
0.955,31.149,0.000,190.332,0.676,6.664,0.264,31.761,0,0,0.935
0.880,28.690,3.106,122.682,0.796,0.457,0.144,16.248,0,0,0.925
0.738,33.014,4.127,171.868,1.388,6.406,1.164,3.540,0,1,0.954
0.921,31.116,2.218,181.445,0.788,7.195,1.094,7.965,0,1,0.937
0.775,32.935,5.576,227.603,0.634,19.235,0.127,7.565,0,0,0.924
0.833,31.176,3.768,210.652,0.880,6.321,0.162,5.310,0,1,0.942
0.917,33.260,2.201,216.737,1.095,0.605,1.969,38.117,0,1,0.962
0.740,38.396,4.177,194.029,1.168,15.702,1.277,12.604,0,0,0.929
0.707,36.490,11.141,130.025,1.804,0.928,0.684,3.843,0,0,0.942
1.104,36.149,1.839,59.804,1.634,0.467,0.574,11.028,0,1,0.964
0.894,29.946,4.537,232.156,0.864,0.400,0.194,28.420,0,1,0.955
0.888,27.772,2.138,187.205,0.679,0.400,1.399,24.274,0,0,0.940
0.737,27.317,1.079,258.080,0.713,9.953,0.392,7.743,0,0,0.954
0.778,36.462,2.615,166.651,0.995,11.402,1.032,0.554,0,0,0.917
0.854,27.637,2.141,137.376,1.675,2.853,0.631,70.964,0,1,0.993
0.882,32.771,1.230,107.062,1.212,9.660,1.031,30.694,0,0,0.936
1.145,30.224,3.185,47.383,1.104,31.265,1.370,37.691,1,1,0.951
0.949,38.433,4.676,209.536,1.023,0.412,0.266,9.548,1,1,0.922
0.886,30.537,2.415,223.488,0.747,0.557,0.686,29.613,0,0,0.944
1.003,29.282,4.112,61.631,1.791,1.987,0.181,17.335,0,1,0.970
0.837,34.900,5.369,138.737,0.725,10.144,2.203,3.893,0,0,0.902
0.918,34.609,2.818,77.871,1.397,2.497,0.775,12.084,0,0,0.928
0.857,31.866,7.149,196.921,0.904,7.838,0.610,55.178,0,0,0.956
0.922,34.692,4.998,120.196,1.636,3.125,1.399,3.447,1,1,0.942
1.000,28.582,3.028,89.749,0.854,3.380,2.539,7.917,1,0,0.905
0.979,33.726,4.301,199.668,0.892,1.750,0.452,32.198,0,1,0.951
0.731,34.895,1.454,142.063,1.504,19.077,0.409,1.287,0,1,0.949
0.745,34.421,9.867,118.941,1.145,6.845,0.550,0.649,0,0,0.907
0.737,26.124,2.315,207.225,0.772,2.573,0.735,6.987,0,0,0.944
0.744,26.335,0.823,467.653,0.631,12.010,0.932,25.294,0,0,0.999
0.858,33.252,4.572,171.977,0.617,25.621,1.356,2.517,0,1,0.924
0.864,31.832,5.929,179.768,1.501,0.671,0.377,60.797,0,1,0.991
0.794,24.787,6.784,137.949,1.115,0.503,1.165,4.121,0,1,0.946
0.949,33.939,3.609,95.895,2.538,0.404,1.170,40.383,0,1,1.013
0.941,37.579,2.687,84.518,0.817,5.721,2.812,3.951,0,0,0.894
0.724,32.478,4.192,431.334,0.845,0.446,0.950,17.945,0,1,0.976
0.817,34.726,11.091,108.142,1.540,5.053,0.140,2.968,0,1,0.944
0.937,27.767,3.547,66.076,1.649,6.385,0.238,13.887,0,1,0.962
0.862,29.797,2.104,230.735,0.631,0.486,0.356,6.474,0,0,0.933
0.773,32.185,2.034,248.967,0.822,21.962,1.669,5.505,0,1,0.948
0.734,37.970,11.322,156.227,1.410,15.827,1.070,7.991,0,1,0.939
0.808,34.601,4.791,140.582,1.847,0.867,0.679,16.783,0,1,0.979
0.943,33.713,4.860,94.441,1.935,16.970,0.438,58.698,0,1,0.984
0.843,29.814,0.593,363.321,0.729,2.000,0.255,46.294,0,0,0.968
0.739,33.946,5.049,200.429,1.427,0.558,1.275,10.721,0,1,0.968
0.859,30.354,0.922,156.990,0.824,20.954,1.273,3.350,0,1,0.941
0.752,34.226,3.022,182.331,1.117,5.126,0.176,5.356,0,0,0.936
0.849,31.240,8.348,78.563,1.888,1.881,0.303,0.000,0,1,0.957
0.847,31.904,1.366,165.091,1.454,0.463,1.180,24.317,0,1,0.972
0.769,29.396,4.119,258.841,0.791,7.874,0.953,33.605,0,0,0.958
0.948,30.819,3.381,116.180,0.982,0.510,0.755,32.209,0,0,0.942
0.787,28.643,3.152,196.518,1.098,0.551,0.206,6.112,0,1,0.956
0.754,31.342,5.767,151.581,0.917,10.890,0.105,12.427,0,0,0.926
1.016,29.694,6.182,77.927,2.039,0.424,0.427,47.692,0,1,1.003
0.800,34.980,10.949,121.557,1.191,10.319,0.631,27.865,0,0,0.930
0.889,30.058,12.753,141.052,1.254,1.149,0.672,48.561,0,1,0.984
0.778,31.183,3.712,235.686,0.859,1.060,1.571,12.790,0,0,0.946
0.935,32.547,1.917,136.855,1.064,11.309,0.659,19.571,0,1,0.950
0.728,34.614,4.196,121.785,1.838,1.402,1.093,2.300,0,0,0.951
0.908,19.120,5.770,117.296,0.898,0.629,1.224,4.123,0,1,0.954
0.857,33.668,0.686,130.303,0.867,8.437,1.193,2.686,0,0,0.915
0.796,29.539,5.722,150.377,1.231,0.438,2.259,8.630,1,0,0.923
0.725,35.725,0.815,192.606,1.366,4.759,0.251,7.347,0,0,0.954
0.803,32.332,4.939,183.579,1.283,3.506,0.275,20.589,0,1,0.964
0.770,33.996,3.304,183.191,0.975,12.000,0.213,12.329,0,0,0.933
0.934,28.000,6.653,64.149,2.158,2.122,0.769,32.769,0,1,0.989
0.811,32.242,6.765,212.334,1.182,4.884,1.256,5.682,1,1,0.939
0.816,37.472,6.742,229.512,0.828,0.958,0.584,1.636,0,0,0.923
0.882,30.888,2.660,290.596,0.714,18.372,0.133,2.026,1,1,0.932
0.827,31.755,9.776,196.721,1.119,3.325,1.056,35.368,0,1,0.967
0.781,33.329,3.084,314.034,0.886,3.389,1.218,29.115,0,0,0.964
0.751,35.187,6.394,277.818,1.034,2.002,1.033,25.568,0,0,0.960
0.962,32.020,4.406,217.537,0.712,1.761,0.943,42.168,0,0,0.948
0.886,34.747,3.252,164.679,0.697,6.619,0.689,6.858,0,0,0.913
0.790,33.264,3.564,147.695,1.201,2.170,0.139,9.402,0,0,0.936
0.859,30.581,9.531,111.674,1.348,0.420,1.314,8.249,0,1,0.951
0.815,35.665,2.794,255.643,0.796,6.707,1.395,7.186,0,0,0.936
0.837,32.309,1.615,282.117,1.023,0.789,0.392,36.073,0,1,0.968
0.881,33.694,4.130,172.959,0.756,1.834,0.287,9.097,0,0,0.921
0.995,30.879,4.260,91.237,1.860,0.409,1.022,35.816,0,1,0.991
0.751,30.679,11.420,152.051,0.971,0.400,1.127,14.574,0,0,0.928
0.830,35.390,6.111,180.379,1.023,7.803,1.021,0.580,1,0,0.908
0.703,32.117,1.555,159.752,1.761,1.072,0.579,38.709,0,0,0.975
0.883,33.748,6.211,109.883,0.978,1.007,1.163,9.808,0,0,0.919
0.896,30.854,6.178,93.971,1.573,4.369,0.194,25.670,1,0,0.935
0.833,30.968,4.298,149.783,1.095,3.239,0.806,33.454,0,0,0.950
0.731,31.654,2.885,231.101,1.125,7.572,0.884,3.686,1,0,0.939
0.879,31.961,2.360,189.234,0.651,5.794,0.121,7.233,0,0,0.925
0.935,31.066,1.908,106.942,1.558,0.404,1.199,49.892,0,0,0.970
0.821,31.772,2.660,166.451,0.941,4.929,1.025,14.621,0,0,0.936
0.921,31.069,2.164,151.337,0.911,9.610,1.154,14.175,1,0,0.918
1.037,27.227,2.885,153.367,0.703,3.825,0.787,25.440,1,0,0.930
0.952,26.622,3.597,150.861,0.667,0.590,0.686,36.779,0,0,0.953
0.841,32.808,1.517,134.705,0.902,14.444,1.148,17.316,0,0,0.928
0.734,30.951,10.342,91.359,1.537,1.984,1.462,11.224,0,0,0.930
1.003,31.234,0.805,213.614,0.659,0.551,1.756,34.302,0,0,0.943
0.773,31.263,4.745,312.721,0.659,16.413,1.084,14.579,0,0,0.956
0.757,28.096,4.033,138.516,1.408,9.223,2.400,20.719,0,1,0.965
0.803,33.452,5.427,107.511,1.547,0.675,0.465,9.835,0,0,0.942
0.794,28.300,1.502,186.121,1.277,1.634,1.053,26.735,0,1,0.974
0.825,33.987,3.065,245.663,0.895,0.407,1.223,17.131,0,0,0.948
0.885,29.021,0.963,78.176,1.827,0.412,1.040,40.583,0,0,0.966
0.782,31.245,14.715,91.665,0.837,4.119,0.231,9.279,0,0,0.903
0.844,30.135,4.782,97.747,1.790,0.680,0.133,16.516,1,0,0.938
0.821,31.148,6.130,147.276,1.295,2.068,1.563,7.051,0,1,0.955
1.013,31.326,3.293,52.755,1.807,5.834,0.333,7.452,0,1,0.967
0.831,33.562,7.560,187.723,0.821,4.911,0.249,17.132,0,0,0.931
0.861,31.699,1.053,206.459,0.890,4.298,0.102,28.209,0,0,0.949
0.930,32.049,4.957,62.397,2.081,9.865,1.415,16.026,0,1,0.974
0.760,32.993,7.786,321.937,0.811,0.429,0.554,16.762,0,0,0.960
0.731,29.253,4.198,185.166,1.235,3.651,0.261,9.123,1,0,0.936
0.802,30.162,8.891,111.958,1.240,13.400,0.564,11.231,0,1,0.947
0.817,31.773,3.448,142.632,1.253,18.421,0.402,32.369,1,0,0.930
0.945,31.743,2.467,168.370,0.865,3.270,0.888,9.300,1,0,0.916
0.856,25.792,2.323,59.464,0.857,4.237,2.083,1.561,0,0,0.917
0.724,26.039,11.517,292.517,0.670,1.673,0.432,35.853,0,0,0.971
0.722,32.900,11.186,266.889,1.009,9.538,1.071,22.232,0,1,0.960
0.789,32.571,3.043,403.736,0.706,0.765,1.327,10.178,0,0,0.974
0.999,34.893,2.283,99.832,2.025,0.628,0.963,28.085,0,1,0.996
0.834,33.141,2.356,206.090,0.946,9.752,0.388,1.880,1,0,0.922
0.881,36.150,7.206,81.953,2.650,0.717,2.854,2.380,0,1,1.005
0.873,36.641,3.550,142.196,1.554,4.081,0.727,11.476,1,0,0.935
0.819,27.905,2.356,152.614,1.293,0.593,0.157,7.972,0,1,0.964
0.722,37.614,8.077,217.984,1.385,5.949,1.109,7.126,0,1,0.964
0.911,34.729,5.380,70.995,1.429,0.534,0.265,5.432,0,0,0.929
0.822,28.461,5.100,137.782,1.053,0.665,0.949,35.004,0,0,0.954
0.904,30.855,8.676,90.499,1.936,0.544,0.564,27.959,0,1,0.988
0.819,38.251,1.795,144.767,1.099,11.707,1.435,0.838,0,0,0.921
0.959,36.090,7.515,88.361,1.533,3.025,1.357,9.277,0,1,0.960
0.900,31.264,3.365,353.503,0.626,0.414,0.784,33.126,0,0,0.960
0.928,33.064,1.342,115.701,1.302,8.721,1.560,10.434,0,1,0.956
0.940,35.262,3.649,89.857,0.961,1.565,0.875,5.187,0,0,0.914
0.833,36.166,3.891,164.793,1.610,0.627,0.410,12.682,1,0,0.947
0.896,33.391,1.783,125.781,1.084,0.490,0.984,11.016,0,0,0.934
0.714,26.059,3.683,188.807,0.818,6.042,0.464,8.459,0,0,0.947
0.920,29.297,1.582,99.520,1.245,15.994,1.487,36.221,1,0,0.935
0.775,27.442,2.037,385.886,0.647,0.913,0.681,4.684,0,0,0.982
0.880,28.115,3.436,178.048,1.352,0.401,0.377,62.617,0,1,0.995
0.790,37.446,5.680,291.533,0.815,2.869,0.734,0.651,0,0,0.942
0.870,29.993,3.768,179.618,1.005,2.788,0.496,8.937,0,1,0.955
1.119,25.754,1.796,124.661,1.319,1.288,0.220,68.101,0,1,1.008
0.895,32.308,2.492,312.724,0.652,3.622,1.261,26.642,0,0,0.953
0.861,34.384,7.589,123.385,1.425,0.895,0.332,1.080,0,1,0.954
0.891,37.004,3.773,90.254,1.739,0.540,0.591,5.254,0,0,0.949
0.733,32.025,2.812,367.817,0.630,32.279,1.450,0.562,0,0,0.974
0.895,31.213,2.811,200.311,0.996,1.009,0.600,48.263,0,0,0.965
0.818,32.879,4.203,168.645,0.924,0.857,0.401,1.730,0,0,0.929
0.765,32.849,8.891,84.964,1.593,3.375,0.412,0.245,0,0,0.927
0.820,35.792,1.928,143.374,1.488,0.754,0.651,10.464,0,0,0.953
0.767,28.294,2.675,126.246,1.891,0.436,0.653,25.666,0,1,0.986
1.011,33.015,4.230,81.387,2.572,1.888,0.621,44.459,0,1,1.021
0.808,35.374,9.311,140.828,1.150,15.493,0.702,7.473,1,0,0.907
0.946,35.010,8.902,73.153,2.254,0.426,1.540,10.314,0,1,0.993
0.899,30.951,5.583,167.633,1.092,3.145,0.588,23.783,0,1,0.964
1.053,32.663,5.297,162.398,0.705,3.628,0.184,47.849,0,0,0.954
0.828,34.054,4.622,155.227,0.967,3.709,0.568,5.133,0,0,0.928
0.849,31.713,3.279,209.974,0.681,14.699,0.285,20.812,0,0,0.941
1.023,33.642,3.901,98.020,1.149,3.512,1.527,11.778,0,1,0.954
0.815,32.469,4.485,212.046,0.964,8.706,1.351,5.620,0,1,0.952
0.865,33.152,13.087,92.477,1.050,0.620,2.100,18.469,0,0,0.928
0.856,36.775,7.403,160.959,1.297,0.409,0.288,5.550,0,1,0.956
0.760,33.704,5.856,168.448,0.681,34.549,0.865,24.269,0,0,0.927
0.875,29.431,4.898,238.888,0.850,4.415,0.596,24.842,0,1,0.964
0.839,34.019,5.226,239.127,1.027,2.546,0.950,19.767,0,1,0.962
0.910,26.818,0.532,275.676,0.646,0.652,0.175,37.311,0,0,0.966
0.893,34.283,1.542,440.010,0.733,1.376,0.427,49.788,0,0,0.968
0.989,33.588,2.168,147.491,1.087,1.954,1.446,17.364,0,1,0.958
0.853,33.261,3.676,332.481,0.701,0.741,1.845,18.851,0,0,0.958
0.909,33.004,5.149,135.519,1.126,4.087,0.536,6.427,0,1,0.950
0.761,33.207,8.311,137.670,1.378,11.588,0.120,5.292,1,0,0.919
0.714,35.093,1.860,194.116,0.975,38.632,0.408,4.552,0,1,0.943
0.740,27.243,4.310,103.946,1.099,3.843,0.342,1.355,0,0,0.928
0.763,28.912,5.075,165.223,0.963,1.606,0.914,11.149,0,0,0.943
0.857,33.359,5.118,206.532,0.645,5.072,0.503,1.633,0,0,0.924
0.805,26.965,3.624,54.502,1.666,0.438,1.104,7.149,0,0,0.937
0.784,31.491,1.636,216.297,0.983,1.039,0.793,11.751,0,0,0.954
0.969,27.909,3.734,77.783,1.326,2.183,2.178,16.204,1,0,0.931
0.806,36.085,2.753,224.290,0.855,7.807,2.079,0.584,0,0,0.935
1.127,29.333,2.848,216.249,0.746,4.299,1.599,59.141,1,0,0.953
0.780,28.207,2.176,143.808,1.222,4.032,0.832,44.759,0,0,0.966
1.040,34.192,2.666,139.764,1.235,3.285,0.194,36.507,1,0,0.942
0.931,35.571,5.878,125.112,1.668,0.536,0.907,22.261,0,1,0.983
0.896,35.091,6.418,149.641,1.521,0.962,0.647,26.244,0,1,0.980
0.797,29.580,0.727,285.409,0.955,1.862,1.668,16.911,0,1,0.974
0.803,29.465,0.837,274.741,1.034,1.116,1.392,70.381,0,0,0.985
0.970,28.928,5.775,60.434,1.838,0.559,0.390,4.449,0,1,0.971
0.904,31.700,4.321,107.236,2.145,0.400,0.468,35.955,0,1,1.004
0.724,23.872,3.326,192.371,0.727,6.252,0.477,7.547,0,0,0.954
0.964,36.378,2.621,79.890,1.077,0.886,0.463,2.466,0,0,0.918
1.003,26.738,4.071,61.662,2.000,0.478,0.417,24.936,0,1,0.991
0.776,35.403,9.367,104.023,1.139,12.363,0.592,2.506,0,0,0.913
0.738,22.181,5.941,160.357,1.397,0.401,0.284,0.835,1,1,0.950
0.708,27.590,4.289,403.486,0.685,15.699,1.367,14.380,0,0,0.997
0.896,34.312,2.196,220.087,0.898,0.922,0.812,3.921,0,1,0.949
0.968,30.782,3.370,136.694,0.976,5.863,0.807,12.521,0,1,0.955
0.874,30.434,5.687,174.782,0.783,5.026,0.814,27.902,0,0,0.948
1.113,28.418,1.980,85.922,1.270,0.456,1.027,20.841,0,1,0.977
0.860,28.106,3.227,197.356,0.941,4.177,1.238,19.227,1,0,0.941
0.732,32.196,5.560,185.080,1.380,7.033,0.230,11.627,1,0,0.942
1.065,27.772,2.109,224.662,0.854,3.555,0.938,67.834,1,0,0.964
0.787,35.681,1.780,142.818,1.336,7.032,1.352,1.970,0,0,0.942
0.954,37.729,2.332,146.955,0.928,1.469,1.087,12.653,0,0,0.927
0.887,31.686,2.520,194.104,0.854,8.457,0.207,4.013,1,0,0.923
0.858,32.724,5.764,261.300,0.661,6.668,1.713,17.081,0,0,0.945
0.754,29.203,2.439,119.998,1.408,1.875,0.510,16.191,0,0,0.952
0.962,36.161,1.245,182.328,0.918,2.500,1.928,25.881,0,0,0.942
0.808,29.160,2.759,210.538,1.108,0.444,0.734,11.475,0,1,0.970
0.894,32.424,1.800,103.207,1.396,10.670,0.124,8.872,1,0,0.925
0.925,35.404,6.770,74.302,0.995,2.196,0.542,3.251,0,0,0.912
0.804,24.660,10.440,99.381,0.857,9.906,0.138,11.339,1,0,0.918
0.879,33.028,7.187,95.251,1.129,34.982,0.562,14.521,1,1,0.927
1.024,27.837,1.009,238.642,0.870,0.596,0.415,53.345,0,1,0.979
0.861,30.217,2.144,130.712,0.834,5.150,0.406,4.193,0,0,0.930
1.022,31.559,5.776,166.081,0.984,2.536,0.465,67.446,0,0,0.982
0.715,36.667,4.210,164.541,1.667,2.827,0.404,2.164,0,0,0.965
0.789,29.405,4.220,87.101,2.787,1.511,0.568,26.993,0,1,1.008
0.993,28.346,1.508,238.410,1.001,0.400,1.366,66.818,0,1,0.988
0.812,34.535,2.738,230.623,1.037,1.670,2.565,18.890,0,0,0.958
0.744,31.876,3.951,210.676,0.775,21.349,0.972,7.160,0,0,0.943
0.851,32.611,3.897,140.097,1.098,0.848,0.405,12.002,0,0,0.942
0.877,33.426,3.434,175.775,1.177,0.936,0.519,8.907,0,1,0.962
0.843,32.851,3.620,102.304,1.318,3.682,2.707,7.325,0,0,0.938
0.981,31.568,3.486,154.843,1.015,0.648,0.553,16.683,0,1,0.961
0.771,30.414,12.180,234.422,0.940,1.430,1.325,9.986,0,1,0.957
0.824,35.750,3.449,181.504,1.363,3.632,0.527,8.506,0,1,0.969
0.760,34.485,8.606,287.950,1.153,1.070,0.703,33.483,0,1,0.982
0.782,36.576,1.519,218.379,0.805,21.263,1.060,0.350,0,0,0.933
0.736,36.717,4.208,234.863,1.236,0.427,0.323,5.686,0,0,0.965
0.838,36.077,7.347,164.198,1.117,18.057,0.434,20.066,0,1,0.951
0.881,28.934,5.119,159.089,1.271,0.565,2.551,30.776,0,1,0.981
0.930,29.943,1.594,132.215,1.330,0.729,0.302,53.793,0,0,0.977
0.866,28.969,4.019,297.783,0.641,8.324,1.337,36.558,0,0,0.968
0.852,21.124,6.668,117.107,0.742,6.625,1.137,10.742,1,0,0.933
0.930,38.032,5.091,213.334,1.032,7.577,1.097,30.504,0,1,0.958
0.785,33.433,3.723,232.320,0.789,29.621,1.101,6.066,0,1,0.950
0.893,26.411,7.887,252.096,0.715,0.502,0.577,20.973,0,1,0.967
0.940,33.822,3.436,170.822,0.983,0.449,2.439,6.716,1,0,0.923
1.120,27.720,2.688,112.197,1.171,0.400,0.764,36.154,0,1,0.989
0.941,37.481,4.298,220.368,0.695,12.768,0.460,7.686,1,0,0.906
0.804,33.460,8.618,68.955,2.846,1.844,0.330,16.187,0,0,0.989
0.816,30.040,2.858,124.556,1.880,0.412,0.625,18.261,0,1,0.989
0.756,37.682,4.438,289.331,1.047,13.244,1.953,0.164,1,0,0.944
0.778,32.939,3.691,286.195,0.854,0.443,0.695,5.721,0,0,0.962
0.751,33.447,13.527,105.563,2.097,0.975,0.405,0.685,1,0,0.939
1.033,32.361,3.882,108.676,1.527,0.409,0.585,6.905,1,1,0.957
0.946,36.460,3.231,129.967,1.428,1.842,0.810,10.743,0,1,0.969
0.763,32.991,2.492,168.980,0.971,17.850,0.754,11.006,0,0,0.941
0.722,32.668,5.316,233.197,1.092,12.335,0.220,1.168,0,1,0.964
0.966,37.804,6.783,65.022,2.269,6.992,1.623,4.674,0,1,0.991
0.885,30.869,5.509,64.760,2.893,0.400,1.971,5.571,0,1,1.009
0.802,30.921,10.418,221.424,0.683,0.406,0.293,2.558,0,0,0.934
1.079,33.844,5.115,52.291,1.087,1.497,1.501,3.674,1,0,0.909
0.824,36.199,6.371,249.492,0.928,12.076,0.438,7.083,1,0,0.929
0.939,32.280,2.030,101.152,2.304,3.420,0.607,40.306,0,1,1.011
0.759,31.976,2.928,155.145,1.557,7.636,0.913,6.934,0,1,0.975
0.746,31.745,3.336,253.037,0.682,27.754,1.348,5.092,0,0,0.953
0.786,34.043,3.500,194.551,0.637,30.126,1.403,6.337,0,0,0.930
0.834,33.122,5.822,240.760,0.741,1.265,0.761,5.086,0,0,0.942
0.722,33.464,3.363,186.761,1.053,31.277,0.961,5.287,0,1,0.953
0.770,29.804,7.577,294.836,0.639,19.767,0.893,22.882,0,0,0.966
0.749,34.994,7.226,367.843,0.633,28.434,1.078,1.382,0,0,0.962
0.853,31.469,4.699,306.793,0.731,7.188,0.944,4.221,1,0,0.943
0.852,32.504,1.206,226.648,0.871,1.315,0.516,13.597,0,0,0.953
0.878,32.190,4.254,96.048,1.922,6.751,2.239,23.145,1,0,0.951
0.988,29.752,5.083,175.375,1.065,7.026,1.475,24.033,1,1,0.956
0.930,35.537,3.833,85.239,1.804,8.838,0.658,6.015,0,1,0.973
0.999,30.968,0.873,208.297,1.045,0.413,0.749,70.094,0,0,0.982
0.941,32.990,3.852,59.922,2.712,0.483,0.282,2.218,1,0,0.969
0.812,36.663,3.620,227.819,0.998,2.914,1.102,7.105,0,0,0.950
1.037,32.684,2.823,111.965,1.674,5.575,0.161,46.257,0,1,0.999
0.950,30.932,1.382,144.979,1.506,0.402,0.536,69.962,0,0,0.992
0.933,29.588,0.947,130.622,0.845,0.400,0.651,11.168,0,0,0.940
0.893,29.400,6.547,187.205,1.151,0.400,0.486,5.275,1,1,0.949
0.862,30.681,2.851,332.829,0.729,0.400,1.064,8.642,0,1,0.964
0.888,30.511,6.070,242.221,0.810,17.756,0.296,8.050,1,1,0.942
0.926,33.329,9.676,62.170,2.393,0.562,0.730,0.339,0,1,0.992
0.900,31.213,11.654,173.866,1.250,0.423,1.231,20.615,1,1,0.958
0.781,29.722,2.109,287.682,0.909,8.108,0.903,11.383,0,1,0.976
1.031,29.504,4.525,63.209,1.357,2.040,2.006,41.128,0,0,0.973
0.734,33.465,5.351,230.341,1.152,0.851,0.855,14.615,0,0,0.967
0.893,36.748,2.150,197.833,0.941,0.818,0.138,10.530,0,0,0.942
0.846,25.546,1.194,257.130,0.743,0.634,0.558,42.427,0,0,0.980
0.875,31.636,8.834,114.292,1.591,0.493,0.448,14.212,0,1,0.977
0.808,30.150,6.883,102.951,2.111,0.408,1.411,13.987,0,1,0.991
0.965,30.726,7.696,60.797,1.846,0.710,0.150,0.655,0,1,0.973
0.895,31.814,0.530,240.730,0.760,0.402,0.928,14.351,0,0,0.953
0.792,30.879,4.389,132.831,2.027,3.021,0.853,37.043,0,1,1.002
0.946,32.326,3.356,54.739,3.464,2.100,0.182,7.397,0,1,1.035
0.974,34.135,3.172,162.314,1.289,0.490,0.658,29.730,1,0,0.950
0.907,32.794,4.072,203.499,0.987,1.090,1.968,14.178,0,1,0.963
0.892,31.537,4.589,100.434,1.315,0.400,0.610,19.119,0,0,0.952
0.973,30.222,2.002,126.099,1.362,0.734,2.320,19.722,0,1,0.979
0.920,30.672,4.249,143.003,1.135,0.420,0.319,4.749,0,1,0.961
0.734,32.016,2.151,161.626,1.862,0.401,1.134,10.204,0,1,0.996
0.929,31.388,6.458,82.139,2.348,3.040,1.406,2.922,1,1,0.977
0.899,26.045,1.773,170.110,1.307,0.594,0.850,8.043,1,1,0.961
0.720,30.569,6.690,316.563,0.860,3.657,0.203,17.492,0,0,0.979
0.876,30.637,5.395,381.641,0.746,8.884,0.184,41.769,1,0,0.964
0.965,37.014,2.773,150.311,0.877,9.401,0.764,3.731,1,0,0.908
0.738,31.273,6.085,117.125,1.413,6.078,1.273,8.110,0,0,0.946
0.831,32.290,3.602,230.103,0.796,0.962,0.359,3.059,0,0,0.948
0.936,36.371,1.338,189.467,0.968,1.090,1.456,2.622,0,1,0.951
0.809,35.767,5.953,265.525,0.846,0.582,1.734,3.126,0,0,0.950
0.954,28.424,1.054,120.142,1.338,0.402,1.490,22.612,1,0,0.948
1.027,23.636,1.785,115.355,1.304,1.099,1.296,43.888,0,1,1.001
0.860,28.860,1.096,346.124,0.868,2.551,1.882,52.126,0,1,0.983
0.880,31.227,3.112,214.025,0.617,6.225,1.760,2.131,0,0,0.939
0.899,31.205,4.044,130.563,1.516,0.468,0.669,16.139,0,1,0.981
0.859,35.554,1.328,276.985,0.760,7.006,0.536,9.440,0,0,0.951
0.991,35.152,1.095,159.596,0.930,1.085,0.727,3.297,0,1,0.949
0.799,31.343,5.640,209.077,0.894,2.461,0.624,11.837,0,0,0.953
0.725,31.550,9.323,234.187,1.098,0.513,0.990,30.454,0,0,0.974
0.822,35.315,8.539,398.599,0.699,4.379,1.321,20.606,0,0,0.971
0.797,33.473,8.682,145.537,1.574,0.471,0.848,3.266,0,1,0.973
0.810,29.319,2.166,99.411,1.996,5.907,1.751,6.348,0,1,0.984
0.844,32.112,2.414,177.259,0.900,1.491,0.472,2.041,0,0,0.943
0.909,33.289,2.805,257.506,0.797,1.651,0.482,8.130,0,1,0.956
0.775,31.900,3.770,239.085,0.660,24.414,0.234,2.903,0,0,0.950
0.962,25.890,2.299,334.187,0.613,0.889,0.360,67.700,0,0,0.987
0.773,33.377,1.707,155.593,1.301,3.084,0.602,0.344,0,0,0.954
0.857,28.589,2.675,244.167,1.084,0.413,0.267,48.482,1,0,0.970
0.848,31.492,5.066,104.027,2.049,1.312,0.468,51.829,0,0,0.995
0.908,38.211,1.990,147.586,1.052,1.705,1.580,2.598,0,0,0.934
0.927,26.696,4.464,102.023,1.292,6.332,0.544,13.907,0,1,0.974
0.852,31.548,7.613,207.282,0.923,0.960,1.025,2.273,0,1,0.956
0.782,34.806,4.760,202.687,0.847,30.189,0.242,2.386,0,1,0.946
0.936,32.873,8.356,89.020,1.521,2.201,0.245,4.436,0,1,0.967
0.775,32.679,5.959,344.893,0.756,3.697,0.649,7.277,0,0,0.973
0.942,29.094,2.320,234.477,0.614,3.793,0.372,23.695,0,0,0.958
0.843,32.564,3.930,195.368,1.136,11.586,0.530,24.905,0,1,0.973
0.838,31.197,3.239,242.440,1.033,1.246,0.457,17.302,0,1,0.976
0.950,33.899,4.181,67.112,3.416,0.901,1.548,15.839,0,1,1.048
0.935,30.673,4.416,220.428,0.834,0.432,0.804,14.102,0,1,0.963
1.132,25.809,1.630,135.587,0.679,0.613,2.196,0.353,0,1,0.957
0.971,32.243,3.134,114.597,1.295,1.890,1.873,6.475,0,1,0.967
0.736,31.266,7.222,216.544,1.223,8.703,0.597,21.205,0,1,0.979
0.861,36.416,3.182,292.122,0.981,2.395,1.464,12.531,1,0,0.950
0.719,28.977,1.080,312.114,1.055,0.412,0.803,60.662,0,0,1.000
1.392,24.669,1.594,150.439,0.919,0.401,1.872,67.747,0,1,1.021
0.833,29.719,5.324,109.168,1.800,14.262,1.145,6.136,1,1,0.958
0.974,32.448,2.998,194.906,0.699,3.821,0.786,26.114,0,0,0.949
0.733,31.350,4.790,168.476,1.379,11.891,0.336,3.912,0,1,0.971
0.875,34.919,2.870,121.995,1.392,6.089,0.153,18.676,0,0,0.956
0.861,30.105,2.202,249.310,0.734,0.703,0.144,10.864,0,0,0.959
0.905,28.163,2.330,113.447,1.476,0.445,1.458,3.752,0,1,0.975
0.805,33.632,5.463,138.529,1.374,1.207,1.190,10.376,0,0,0.956
0.952,27.153,3.784,133.143,0.956,5.007,1.143,1.000,0,1,0.961
0.829,28.185,2.908,240.984,0.702,6.857,0.256,13.887,0,0,0.964
0.785,29.239,3.955,135.214,1.693,0.453,1.073,6.425,0,1,0.983
0.981,25.795,0.778,240.987,0.950,0.550,2.318,62.507,0,1,0.996
0.748,29.251,4.898,162.208,1.457,0.727,0.537,9.064,1,0,0.951
0.801,32.085,2.763,181.480,1.050,4.225,1.528,10.097,0,0,0.955
0.756,32.065,4.451,199.740,1.489,0.443,0.457,18.769,0,1,0.991
0.934,35.127,4.841,82.367,1.259,1.213,0.882,4.072,0,0,0.936
0.936,34.095,1.365,68.805,1.664,1.353,1.685,0.671,0,0,0.951
0.915,36.646,5.258,171.039,0.709,4.258,0.325,4.481,0,0,0.923
0.917,24.776,8.458,281.208,0.648,0.409,1.375,35.395,1,0,0.967
0.748,35.528,5.197,111.486,1.051,34.293,1.167,20.711,0,0,0.926
0.788,37.728,6.175,195.667,1.318,0.474,0.123,8.396,0,0,0.964
0.858,25.715,2.843,155.501,0.996,3.927,1.894,6.638,1,0,0.941
0.834,31.183,4.764,66.274,2.358,0.404,2.396,10.642,0,0,0.976
0.814,33.725,9.186,172.386,1.384,4.927,0.910,21.451,1,0,0.951
1.130,35.688,3.826,51.615,1.677,0.416,1.209,6.398,0,1,0.983
0.855,35.446,7.061,207.786,0.796,1.276,0.145,3.195,0,0,0.936
0.804,31.073,1.498,209.759,0.899,5.009,0.870,4.730,0,0,0.957
0.816,28.703,3.655,248.060,0.734,16.753,1.470,40.717,0,0,0.975
0.963,25.699,1.306,242.399,0.785,0.470,0.410,21.829,0,1,0.977
0.932,32.351,3.163,284.561,0.677,1.536,0.411,6.231,0,1,0.955
0.827,33.092,8.185,282.460,0.856,1.874,0.786,10.118,0,1,0.965
0.777,36.241,5.348,188.368,1.311,0.617,1.775,6.425,0,0,0.963
0.722,31.440,7.753,347.781,0.646,37.156,1.416,18.568,0,0,0.978
0.833,31.872,2.628,247.162,1.047,4.929,0.128,20.552,0,1,0.978
0.936,34.914,0.401,179.870,0.858,12.239,1.432,25.403,0,0,0.947
0.959,28.082,5.725,148.336,1.359,0.400,0.255,52.438,0,1,1.007
1.018,29.755,5.810,116.072,1.881,0.546,0.141,67.185,0,1,1.030
0.895,33.021,0.763,176.541,0.995,16.344,1.011,12.531,0,1,0.963
0.848,35.992,11.559,105.599,1.210,2.097,0.794,4.353,0,0,0.931
0.990,27.731,2.344,234.207,0.804,0.401,0.686,28.500,0,1,0.977
1.173,31.739,2.178,87.580,1.165,0.779,1.106,20.955,0,1,0.981
0.930,34.392,1.995,188.327,1.294,0.893,1.413,27.607,0,1,0.984
1.112,27.629,2.906,106.219,1.346,0.400,0.914,38.257,0,1,1.002
0.718,24.533,7.325,142.300,0.668,17.379,1.468,20.233,0,0,0.958
0.947,33.817,2.301,162.107,1.099,0.787,0.532,30.265,0,0,0.964
0.723,30.213,6.222,211.207,1.052,23.570,0.774,25.184,1,0,0.951
0.945,28.922,9.562,163.507,0.873,1.227,1.754,16.711,0,1,0.968
0.877,30.785,1.171,254.327,0.842,0.423,1.263,27.033,0,0,0.971
0.894,32.591,7.404,152.954,1.260,4.232,0.606,21.040,0,1,0.977
0.989,28.587,2.406,115.855,1.246,2.073,0.498,11.492,0,1,0.976
0.964,35.119,14.430,59.746,2.013,0.714,0.528,4.929,0,1,0.986
0.952,28.264,1.987,159.802,0.944,0.855,1.075,8.085,1,0,0.938
0.932,28.425,4.402,159.391,0.662,0.420,0.701,12.073,0,0,0.947
0.855,31.220,5.296,116.221,1.645,5.643,1.096,11.776,0,1,0.981
0.783,31.832,2.015,151.190,1.302,2.726,0.808,7.964,0,0,0.960
0.865,33.650,5.941,141.540,1.338,17.939,1.561,2.288,1,1,0.945
0.884,30.791,4.006,197.563,0.923,0.406,0.248,29.739,0,0,0.967
0.860,33.268,5.308,143.647,1.189,0.414,0.615,15.345,0,0,0.956
0.879,32.555,2.901,182.002,0.902,0.653,0.507,9.571,0,0,0.950
0.729,31.307,1.198,324.258,0.699,34.813,0.612,5.891,0,0,0.983
1.020,32.555,2.483,76.297,2.470,1.921,0.632,26.805,0,1,1.021
0.808,31.956,4.278,200.293,1.144,1.073,1.529,28.888,0,0,0.974
0.741,30.952,1.604,176.660,1.213,9.809,0.817,21.373,0,0,0.968
1.153,29.708,1.232,100.451,1.063,3.323,0.284,29.764,1,0,0.951
1.036,31.420,3.903,57.170,2.118,2.436,1.008,8.048,0,1,0.997
0.882,26.253,2.275,246.984,0.968,8.179,2.237,63.695,0,1,0.999
0.842,36.991,9.126,188.874,0.923,1.085,1.289,3.747,0,0,0.937
0.758,32.782,2.514,208.752,1.265,10.086,1.827,6.322,0,1,0.980
0.891,33.257,2.948,175.771,0.967,1.343,1.489,15.013,0,0,0.954
0.849,34.156,4.298,212.151,0.795,9.911,0.110,10.350,0,0,0.947
0.727,36.031,2.853,90.693,1.792,36.465,1.768,0.297,0,1,0.953
0.918,25.575,5.384,249.306,1.016,0.401,0.248,40.381,1,1,0.979
0.927,30.226,4.715,148.746,0.935,8.519,1.097,4.126,0,1,0.961
0.830,30.157,5.792,138.985,1.457,0.474,0.511,2.269,0,1,0.975
0.943,34.580,1.942,212.235,0.787,10.278,0.393,5.075,1,0,0.927
0.886,35.227,2.212,230.933,0.828,2.024,0.493,8.983,0,0,0.951
0.883,32.573,6.118,205.927,1.049,9.948,1.317,32.355,0,1,0.978
0.786,28.163,1.463,286.523,0.846,13.385,1.077,1.268,0,1,0.983
0.917,29.612,3.629,257.127,0.741,0.658,0.970,36.660,0,0,0.974
0.887,30.388,8.473,55.684,2.972,3.235,0.665,6.663,0,1,1.011
0.791,36.121,5.551,223.044,1.463,1.694,0.839,24.023,0,1,0.996
0.894,31.497,0.694,303.949,0.745,0.751,0.744,23.610,0,0,0.972
0.989,32.763,0.963,119.669,0.766,0.622,0.504,3.367,0,0,0.932
0.748,35.422,6.480,222.551,1.414,0.432,0.312,28.566,0,0,0.988
0.863,33.360,5.708,291.350,0.621,4.488,1.046,2.844,0,0,0.953
1.017,35.523,3.759,106.007,1.566,3.258,0.519,18.624,0,1,0.988
0.832,32.799,3.490,200.699,1.156,4.706,0.341,6.644,0,1,0.974
0.920,31.293,8.131,74.502,2.060,0.416,1.102,42.402,0,0,0.996
0.778,32.456,6.559,200.650,1.014,7.236,0.494,17.699,0,0,0.961
0.903,30.288,4.580,115.487,0.950,0.533,1.334,8.357,0,0,0.944
0.868,28.653,2.427,198.819,1.086,0.406,2.188,11.155,0,1,0.979
0.837,35.487,10.248,158.492,1.088,0.512,0.325,10.140,0,0,0.946
0.770,25.260,8.273,254.398,0.914,2.164,1.120,21.521,0,1,0.986
0.728,29.429,3.595,134.617,1.816,7.223,0.910,9.631,0,1,0.989
1.164,25.188,0.500,97.219,1.570,0.776,0.353,52.545,0,1,1.019
0.870,32.143,3.371,132.629,1.528,0.888,0.526,0.434,0,1,0.979
0.857,34.754,10.051,127.808,1.091,1.288,1.118,8.370,0,0,0.940
0.804,31.250,4.290,304.553,0.754,1.452,1.193,4.426,0,0,0.972
0.742,35.176,5.484,317.347,0.962,3.782,1.424,8.536,0,0,0.981
1.104,26.857,2.102,74.983,1.619,0.414,0.503,71.610,0,0,1.013
0.899,33.703,6.282,83.550,2.332,0.928,1.154,0.623,0,1,1.004
1.029,29.330,2.293,103.207,1.194,8.570,1.807,17.657,0,1,0.980
0.808,33.871,2.865,337.098,0.936,4.890,0.412,8.744,1,0,0.969
0.926,34.941,5.440,185.025,0.962,2.821,0.415,7.353,0,1,0.959
1.084,31.105,0.785,110.763,1.003,1.646,0.687,11.373,1,0,0.935
0.904,29.684,7.812,275.839,0.682,0.443,0.136,39.148,0,0,0.978
0.766,29.503,5.659,154.738,1.362,5.029,0.738,5.178,1,0,0.946
0.719,30.691,5.708,163.969,0.774,45.920,0.226,0.727,1,0,0.929
1.084,28.534,2.757,82.641,2.038,2.119,1.240,21.680,1,1,0.991
0.859,34.642,2.562,220.262,0.843,2.978,0.186,2.832,0,0,0.950
1.141,29.111,3.403,97.777,1.483,0.728,1.497,41.481,0,1,1.011
0.939,32.910,3.495,53.035,1.534,9.289,1.529,11.271,0,0,0.950
0.754,32.885,9.887,150.789,0.771,20.565,0.860,1.303,0,0,0.927
0.928,34.835,2.144,253.340,0.629,1.640,0.753,3.498,0,0,0.943
1.039,35.509,7.176,84.788,1.234,0.400,0.940,4.928,0,1,0.964
0.867,32.461,5.742,142.139,1.051,0.499,0.391,10.387,0,0,0.950
0.807,31.102,5.818,138.168,0.842,33.351,1.747,1.498,0,1,0.954
0.895,31.010,6.018,276.285,0.859,0.401,0.635,53.855,0,0,0.988
0.946,25.852,1.082,405.760,0.696,3.032,0.582,25.482,1,1,0.967
0.914,36.468,0.690,288.590,0.626,9.178,0.142,6.233,0,0,0.947
0.846,32.958,10.544,178.049,1.222,0.751,1.690,17.063,1,0,0.949
0.952,30.508,2.477,219.239,0.822,3.204,0.317,42.024,0,0,0.974
0.785,26.586,8.728,418.308,0.702,0.587,0.707,5.104,1,0,0.986
0.728,35.047,4.708,169.759,1.495,5.747,2.559,6.615,0,0,0.970
0.776,32.139,2.927,148.456,0.858,29.529,0.317,20.479,0,0,0.948
0.787,32.959,6.409,213.315,1.065,1.988,1.051,17.139,0,0,0.968
0.793,29.587,6.191,222.949,0.923,1.774,0.422,24.991,0,0,0.973
1.043,34.022,8.588,72.009,1.383,11.059,0.413,2.764,1,1,0.949
0.796,33.221,4.813,146.682,1.197,17.148,0.174,30.830,0,0,0.960
0.862,28.151,10.940,143.017,0.869,4.067,2.570,1.025,1,0,0.924
0.994,30.483,1.486,171.332,1.174,5.095,1.113,39.013,0,1,0.991
0.856,33.596,2.162,148.115,0.902,11.278,0.143,3.125,0,0,0.940
0.893,29.533,6.408,148.096,1.782,1.396,1.082,35.349,1,1,0.992
0.780,37.829,12.668,229.158,0.996,1.049,0.464,3.193,0,0,0.948
0.879,36.728,1.761,242.713,0.953,0.566,0.324,13.451,0,0,0.962
1.079,30.699,8.615,78.342,1.489,4.120,2.343,8.890,1,1,0.966
0.785,32.947,3.761,268.217,1.094,0.438,0.184,32.682,0,0,0.988
0.780,34.570,5.018,299.083,0.847,5.753,0.753,4.004,0,0,0.970
0.959,29.089,11.234,126.280,1.294,6.961,0.198,20.691,1,1,0.968
0.905,37.050,5.622,124.836,1.587,1.674,0.560,1.300,0,1,0.980
0.802,29.807,2.983,222.143,1.188,1.032,0.320,15.907,0,1,0.988
0.874,26.786,6.287,377.889,0.618,12.610,0.464,30.896,0,1,0.985
1.019,29.156,1.840,165.307,1.095,0.401,1.922,28.813,0,1,0.987
0.905,31.710,5.031,258.476,0.747,14.912,1.933,51.077,0,0,0.975
0.872,26.712,4.977,292.755,0.748,1.749,0.699,63.652,0,0,0.999
1.055,25.279,4.760,133.291,1.064,3.456,0.190,40.048,0,1,1.003
0.756,35.534,7.873,335.396,0.737,20.320,0.535,4.908,0,0,0.967
0.851,33.316,4.497,173.230,1.221,6.124,0.185,6.657,0,1,0.973
0.979,30.093,4.919,263.917,0.655,1.783,0.333,15.411,0,1,0.965
0.892,25.914,4.366,79.176,2.070,2.360,1.849,25.965,0,1,1.001
1.013,32.312,2.599,97.972,0.681,0.402,0.821,2.621,0,0,0.928
0.916,33.213,3.684,161.421,1.105,1.766,2.304,2.119,1,0,0.936
0.946,28.751,3.962,115.262,1.797,1.995,0.613,11.061,1,1,0.978
0.844,32.236,4.286,177.208,0.918,2.686,0.994,4.764,0,0,0.951
0.794,29.769,6.511,174.689,1.295,15.832,0.795,0.281,1,1,0.957
0.941,29.613,2.594,179.590,1.109,0.409,0.279,20.096,0,1,0.983
0.920,29.905,2.079,83.596,2.205,11.779,0.864,3.999,1,1,0.977
0.873,28.049,0.955,167.591,1.182,5.924,0.866,11.186,0,1,0.982
0.867,33.895,2.825,204.132,0.853,13.695,1.467,21.256,0,0,0.956
0.783,34.259,4.161,276.062,0.914,0.790,0.289,0.685,0,0,0.970
0.932,31.906,3.299,146.366,1.158,0.747,0.539,32.006,0,0,0.972
0.939,31.625,0.922,139.036,1.157,15.316,0.379,18.451,0,1,0.975
0.839,35.247,7.579,196.232,1.077,5.015,0.806,2.042,0,1,0.963
0.936,30.621,4.795,115.079,1.527,0.400,1.800,11.895,0,1,0.987
0.757,31.130,2.975,315.542,1.028,0.705,0.883,42.696,0,0,1.000
1.047,26.493,4.550,199.449,0.860,1.431,0.421,43.670,0,1,0.996
0.993,28.468,12.149,81.229,1.666,0.401,1.120,4.511,1,1,0.966
0.848,34.420,14.798,245.096,0.638,16.067,0.547,2.393,1,0,0.920
0.905,33.987,4.030,262.830,0.675,4.031,0.669,11.699,0,0,0.954
0.774,33.251,4.265,236.905,1.044,4.977,0.830,15.384,0,0,0.973
1.019,33.054,4.060,132.834,0.961,1.988,0.254,5.825,0,1,0.962
0.778,35.803,2.670,243.964,0.625,39.354,0.284,1.428,0,0,0.945
0.763,34.741,4.307,228.119,1.459,0.654,0.569,11.502,1,0,0.975
1.035,37.044,1.681,77.776,0.809,0.460,0.542,0.000,0,0,0.919
0.943,36.422,8.922,135.800,0.893,11.380,0.446,8.692,0,1,0.949
0.767,34.050,6.556,158.496,1.369,0.971,1.001,3.257,0,0,0.962
0.750,34.562,10.055,173.178,1.588,11.620,0.291,24.378,1,0,0.960
0.994,25.695,4.206,190.979,0.922,0.541,0.592,34.281,0,1,0.994
0.867,24.758,2.613,126.854,1.052,0.967,2.617,46.641,0,0,0.986
0.949,28.661,7.655,130.008,1.144,0.461,1.675,13.100,0,1,0.978
0.942,28.842,1.535,249.537,0.747,0.400,0.189,35.527,0,0,0.978
0.828,31.231,4.818,146.466,1.379,2.762,1.669,1.148,1,0,0.946
0.768,35.971,4.957,124.169,2.245,10.203,0.163,33.392,0,0,0.995
0.838,37.160,9.121,143.814,1.071,20.747,0.566,3.597,1,0,0.915
1.072,31.246,0.601,306.654,0.783,0.422,0.796,56.387,0,1,0.976
0.800,27.039,6.399,223.685,1.035,0.946,0.209,14.267,0,1,0.985
1.117,25.616,2.025,122.458,1.516,0.402,1.543,68.348,0,1,1.030
0.759,36.314,9.327,165.963,1.145,23.384,0.189,0.393,0,1,0.952
0.916,33.714,3.703,225.470,0.687,1.348,0.743,5.553,0,0,0.948
0.765,37.479,0.961,206.387,1.438,0.438,1.053,0.701,0,0,0.984
0.807,32.968,5.431,79.860,2.591,13.807,0.375,8.112,0,1,1.001
0.744,27.863,6.654,234.379,0.920,2.790,0.728,26.532,0,0,0.982
0.940,29.381,1.849,154.201,1.116,1.143,0.509,2.568,0,1,0.974
0.865,30.327,1.959,244.566,0.833,0.420,0.472,18.153,0,0,0.973
0.824,32.508,11.639,112.179,1.874,0.550,2.130,6.481,0,1,0.989
0.878,29.939,6.303,135.736,1.433,0.403,1.264,11.820,0,1,0.985
1.009,31.285,5.777,53.798,2.397,0.426,0.699,13.013,1,0,0.974
0.761,29.676,3.252,153.108,1.510,8.036,0.238,15.316,1,0,0.959
0.936,30.020,1.775,165.200,1.131,1.009,1.402,45.566,0,0,0.985
0.941,29.939,5.298,208.787,0.721,5.978,0.871,4.403,1,0,0.938
0.861,33.524,2.604,126.752,1.190,4.835,0.270,3.497,0,0,0.951
0.757,27.562,3.996,343.724,0.739,2.366,0.380,4.152,0,0,0.995
1.040,31.159,1.754,57.790,2.247,6.176,1.036,12.499,0,1,1.006
0.974,26.045,3.713,132.763,1.495,0.560,0.267,56.103,0,1,1.019
1.106,29.799,0.621,125.282,0.616,11.754,1.593,34.976,0,0,0.965
0.750,33.820,7.874,209.494,1.135,14.689,0.440,33.392,0,0,0.973
1.108,30.953,0.890,165.073,1.020,0.400,1.394,32.600,0,1,0.987
0.754,30.717,3.679,317.962,0.882,7.496,0.951,24.273,0,0,0.993
0.972,31.058,2.500,92.382,1.816,0.671,0.226,7.205,0,1,0.995
0.996,36.662,5.980,155.964,0.790,1.563,1.022,19.120,0,0,0.944
0.777,34.724,14.459,156.450,1.318,6.531,0.325,0.203,0,1,0.961
0.915,33.569,1.668,154.367,1.273,7.458,0.284,11.266,0,1,0.979
0.811,28.584,1.253,228.269,0.746,21.503,0.641,28.110,0,0,0.977
0.951,30.296,2.291,143.531,1.033,0.406,0.183,27.641,0,0,0.970
0.832,36.292,8.469,213.639,1.062,6.409,0.845,24.687,0,0,0.967
0.844,37.275,6.561,225.523,0.640,40.179,1.134,6.691,1,0,0.916
1.000,37.012,2.682,151.561,0.664,1.769,0.877,5.433,0,0,0.927
0.920,34.422,6.154,211.270,0.882,2.896,0.368,4.783,1,0,0.936
0.799,32.462,10.558,93.597,2.092,11.945,1.427,14.924,0,1,0.990
0.898,28.503,3.149,341.031,0.621,2.418,0.454,25.809,0,0,0.984
0.745,32.141,8.764,198.509,1.110,15.272,0.637,1.237,0,1,0.968
0.864,34.337,5.562,194.072,1.308,0.936,2.878,41.528,0,0,0.989
0.893,30.717,4.820,167.377,0.637,27.699,1.521,1.820,1,0,0.931
0.982,32.718,7.289,98.243,1.680,0.784,0.395,17.437,0,1,0.997
1.054,30.214,3.267,132.098,0.697,0.663,1.379,23.046,0,0,0.958
0.733,35.241,7.217,196.598,1.203,7.507,0.762,1.742,0,0,0.961
0.874,35.054,5.495,169.185,0.989,5.889,0.878,13.387,0,0,0.953
1.067,29.999,3.582,135.829,1.116,0.480,0.185,25.266,0,1,0.989
0.790,36.900,10.677,194.755,1.393,1.217,0.257,23.972,0,0,0.981
0.791,31.535,13.146,203.955,0.901,17.406,0.535,14.879,0,1,0.967
0.929,33.772,8.104,149.716,1.336,6.098,0.284,30.441,0,1,0.991
0.920,32.469,8.774,65.950,1.838,1.442,0.594,19.694,0,0,0.975
0.876,34.618,2.993,118.461,1.688,1.940,0.681,17.834,0,0,0.979
0.870,30.034,3.661,98.065,1.633,11.879,1.735,6.929,0,1,0.982
0.936,33.053,3.006,459.586,0.612,2.120,0.479,4.789,1,1,0.953
0.839,32.803,12.598,70.237,2.447,7.601,1.616,2.948,0,1,0.995
0.914,29.565,5.428,160.604,1.284,0.406,1.538,25.917,0,1,0.994
0.839,35.679,8.209,216.760,1.032,0.493,1.397,17.130,0,0,0.966
0.796,27.350,5.276,140.036,0.855,8.632,0.934,4.271,0,0,0.952
0.882,30.172,4.455,99.101,1.989,2.478,1.050,11.651,0,1,1.000
0.715,29.176,5.188,422.387,0.777,23.623,0.896,13.838,0,1,1.005
0.836,33.184,11.070,206.000,0.698,3.269,1.139,0.373,0,0,0.939
0.818,30.516,7.958,332.483,0.700,4.945,0.745,20.949,0,0,0.984
0.783,32.895,2.883,317.211,0.845,2.993,0.521,3.014,0,0,0.984
0.850,34.831,4.734,146.130,1.079,19.501,0.244,0.183,0,1,0.958
0.882,30.506,3.364,193.902,1.016,3.512,0.362,38.617,0,0,0.982
0.897,30.525,6.619,177.032,0.862,0.483,1.176,22.515,0,0,0.966
0.940,33.963,3.958,208.205,0.734,2.487,0.501,13.740,0,0,0.952
0.819,37.328,1.676,166.723,1.488,13.205,0.998,0.732,1,0,0.951
0.779,33.587,4.011,141.916,1.752,10.330,0.226,41.390,0,0,0.988
1.059,27.577,3.284,157.905,0.964,0.484,0.893,24.191,0,1,0.989
0.774,36.346,10.272,133.265,2.220,0.400,0.957,1.287,0,1,1.012
0.892,32.663,5.337,144.197,1.334,0.402,1.090,4.225,1,0,0.948
0.727,36.930,0.935,217.238,1.330,11.229,0.637,3.179,0,0,0.980
0.750,31.410,12.693,362.294,0.845,0.431,1.333,11.537,0,1,0.986
0.930,29.580,3.336,100.758,1.404,3.288,1.250,37.196,0,0,0.983
1.077,32.170,2.636,199.043,0.639,3.819,1.497,36.555,0,0,0.964
0.933,29.318,4.643,133.258,1.214,1.372,0.290,3.589,0,1,0.977
0.883,28.342,7.541,215.469,0.658,3.931,1.107,20.334,0,0,0.968
0.860,31.922,10.095,350.788,0.680,0.873,0.229,29.566,0,0,0.984
0.861,28.125,3.100,175.227,1.174,0.468,0.135,2.233,0,1,0.982
0.945,26.747,4.229,155.079,1.063,0.447,1.211,25.072,1,0,0.963
0.924,27.913,3.680,315.073,0.888,0.407,0.958,63.173,0,1,1.001
0.941,35.773,4.036,258.063,0.708,3.143,0.257,2.686,0,1,0.955
1.079,27.816,3.274,84.664,1.941,0.437,0.594,12.836,1,1,0.990
1.123,25.102,0.878,161.937,0.822,3.761,1.333,20.075,0,1,0.988
0.883,35.068,9.002,155.145,1.166,4.572,0.885,4.209,0,1,0.967
0.916,32.569,5.209,95.047,1.974,0.410,0.957,8.463,1,0,0.967
0.837,28.934,8.037,156.538,0.795,20.098,1.967,0.235,1,0,0.934
0.797,37.642,5.111,181.422,1.365,14.761,0.550,0.738,1,0,0.946
1.045,30.641,2.583,132.051,1.095,0.406,0.590,11.558,0,1,0.980
0.959,31.028,6.939,154.605,0.860,0.831,0.921,29.446,0,0,0.969
0.913,31.741,3.992,261.615,0.958,0.404,1.076,0.464,1,1,0.960
1.073,29.497,2.408,261.643,0.700,2.290,1.750,36.512,0,1,0.980
0.718,34.544,2.450,365.824,0.694,48.651,1.874,4.738,0,0,0.989
0.880,31.657,5.931,147.058,1.789,2.728,0.531,14.471,1,1,0.987
1.020,27.871,12.739,97.550,1.126,1.008,0.268,25.854,0,1,0.996
0.744,31.000,0.850,221.514,1.442,0.404,0.214,10.899,0,1,1.005
1.049,30.865,3.549,137.684,1.119,11.314,1.368,12.234,1,1,0.963
0.893,30.170,2.286,172.388,1.401,9.205,0.514,12.644,1,1,0.975
0.862,27.887,8.989,213.234,0.924,2.737,0.306,16.806,0,1,0.983
0.908,25.124,2.674,86.927,1.981,3.040,1.010,33.091,0,1,1.010
0.765,31.260,7.369,267.794,0.881,2.934,1.004,9.040,0,0,0.977
0.747,33.231,2.564,366.405,0.944,2.802,1.867,17.805,0,0,1.006
0.801,31.558,3.431,406.891,0.699,4.018,0.576,2.803,0,0,1.000
0.812,33.938,1.962,305.276,0.944,11.014,0.804,32.977,0,0,0.987
0.906,33.612,5.387,226.318,0.660,0.712,0.654,0.886,0,0,0.947
0.993,28.134,0.777,163.030,1.059,0.899,2.200,11.214,0,1,0.984
0.911,35.858,2.382,323.231,0.625,4.736,0.117,5.311,0,0,0.960
0.946,31.114,2.035,81.057,1.873,9.631,1.354,7.676,0,1,0.993
0.716,37.262,7.290,218.464,1.514,9.972,1.139,0.122,1,0,0.966
0.778,37.536,3.646,321.630,0.688,58.435,0.750,9.417,1,0,0.940
0.773,34.295,7.735,378.874,0.865,2.711,0.822,22.096,0,0,0.998
0.920,26.307,2.394,166.928,0.889,0.496,0.609,35.195,0,0,0.984
0.863,35.913,6.335,118.283,1.853,4.725,1.600,1.645,0,1,0.995
0.842,25.178,3.555,258.131,0.874,1.725,1.022,6.854,0,1,0.989
0.871,33.753,7.452,286.077,0.668,9.153,0.388,16.288,0,0,0.965
0.965,28.233,6.080,197.811,0.998,1.099,0.852,37.035,0,1,0.998
0.831,34.979,4.157,349.436,0.822,2.382,0.457,17.027,0,0,0.986
1.015,36.406,4.638,111.177,1.519,0.516,1.119,11.390,0,1,0.991
1.027,28.366,5.678,81.093,1.394,0.400,0.663,49.192,0,0,1.000
0.756,33.567,5.379,129.696,1.066,28.044,1.871,17.358,0,0,0.948
1.170,28.614,2.596,156.395,0.750,8.204,0.465,39.849,1,0,0.966
0.757,33.809,3.119,297.422,0.848,15.642,1.300,1.954,0,0,0.980
0.901,33.790,5.203,94.695,1.379,0.664,0.914,1.969,0,0,0.955
0.864,36.603,9.968,182.633,0.899,1.473,2.342,4.857,0,0,0.945
0.997,32.140,1.486,59.841,2.702,5.404,0.393,7.285,0,1,1.023
0.850,32.051,2.419,365.932,0.788,1.607,0.829,10.814,0,1,0.986
0.976,28.077,8.094,127.640,1.050,1.391,0.329,10.510,0,1,0.980
0.926,34.053,1.676,100.864,1.675,4.828,1.787,20.957,0,0,0.979
0.840,33.145,3.224,204.378,1.133,6.578,0.917,3.552,0,1,0.980
0.900,32.064,4.434,264.550,1.011,0.858,0.371,57.779,0,0,0.998
0.888,28.084,1.846,145.211,1.288,0.566,0.444,8.815,1,0,0.958
0.870,36.352,3.170,185.565,0.788,16.678,0.326,5.750,0,0,0.943
0.731,22.707,3.082,124.550,1.003,2.958,0.600,2.505,0,0,0.962
0.874,29.518,1.903,255.785,1.100,0.437,0.963,38.832,0,1,1.001
1.175,29.128,3.243,142.800,0.769,0.436,0.201,51.444,0,0,0.992
0.924,24.936,1.575,159.651,1.271,0.487,0.371,58.182,1,0,0.989
1.239,21.929,2.741,48.777,2.155,3.366,0.321,65.285,0,1,1.051
1.067,27.099,2.658,67.907,1.773,0.487,0.153,9.836,0,1,1.001
1.009,36.300,4.355,67.194,1.806,0.761,0.502,10.290,0,0,0.977
0.973,29.154,6.347,91.664,1.639,0.403,0.543,11.950,0,1,0.996
0.734,35.575,7.122,108.014,3.420,2.295,2.351,1.289,0,1,1.065
0.853,32.572,4.572,253.541,1.116,3.113,0.314,30.699,0,1,0.995
0.964,27.190,3.903,140.341,1.329,0.465,0.363,29.664,0,1,1.003
0.850,31.435,6.571,249.756,0.941,0.401,0.321,6.778,0,1,0.979
0.770,33.146,3.915,249.986,0.987,4.948,1.958,4.160,0,0,0.977
0.931,32.920,1.645,225.256,0.917,11.811,1.170,20.569,0,1,0.978
0.845,30.663,0.982,218.862,1.172,4.317,0.409,15.439,0,1,0.993
0.795,33.298,5.836,383.277,0.685,16.393,2.414,7.871,0,0,0.990
0.714,37.133,12.564,231.015,1.293,11.857,0.711,6.560,0,1,0.979
0.851,31.665,3.305,150.836,1.409,0.401,0.160,28.504,0,0,0.986
1.046,24.048,1.326,123.737,1.577,0.562,0.780,69.126,0,1,1.034
0.929,28.354,3.407,193.153,0.837,14.111,2.077,12.329,0,1,0.981
0.778,26.608,5.245,245.113,0.767,8.831,0.270,18.661,0,0,0.986
0.809,29.113,1.692,259.433,0.889,0.501,1.099,13.388,0,0,0.986
0.817,32.718,7.250,152.879,1.531,0.412,0.690,33.244,0,0,0.992
0.932,34.104,3.530,148.014,1.125,0.538,0.574,16.656,0,0,0.967
0.795,28.441,4.916,309.734,0.751,3.136,0.151,12.002,0,0,0.991
0.872,28.119,5.456,435.582,0.699,7.407,1.138,53.645,0,1,0.994
0.884,29.156,8.544,100.191,0.904,0.554,0.732,2.716,0,0,0.943
0.913,37.841,3.006,168.577,0.994,1.080,0.232,1.076,0,0,0.949
0.812,32.552,5.243,346.992,0.921,5.018,1.050,16.066,1,0,0.981
0.887,30.687,2.130,262.603,0.707,6.386,0.785,12.458,0,0,0.973
0.890,25.063,8.311,65.690,2.010,0.796,0.389,3.074,0,1,0.990
1.039,32.996,4.903,66.513,1.839,1.056,1.393,0.243,0,1,0.996
0.795,34.762,2.399,191.101,1.239,5.004,0.315,6.442,0,0,0.975
0.842,26.334,7.014,166.678,1.240,0.401,0.143,20.659,0,1,0.996
0.792,36.103,5.138,139.219,0.733,34.336,1.056,3.924,0,0,0.929
1.048,31.645,5.096,86.563,2.599,1.107,0.293,52.974,0,1,1.053
1.029,29.300,3.142,152.999,0.848,0.527,0.443,34.773,0,0,0.980
0.707,35.044,1.921,364.205,1.069,6.440,1.128,16.621,0,0,1.015
0.961,28.882,5.485,246.340,0.659,0.435,1.055,32.368,0,0,0.981
0.990,33.224,3.031,192.158,0.724,5.405,1.892,22.232,0,0,0.961
0.895,35.332,5.806,106.380,1.524,0.538,0.721,5.970,0,0,0.968
0.967,33.277,1.923,298.515,0.664,0.488,0.372,21.281,0,0,0.970
1.115,33.520,4.351,52.580,1.540,7.721,0.649,9.151,0,1,0.990
0.918,30.106,8.318,193.795,0.753,7.383,0.507,3.635,1,0,0.941
0.913,28.310,7.438,217.853,0.685,3.300,0.216,29.846,0,0,0.980
0.842,26.158,3.388,166.853,0.802,5.134,0.134,6.699,0,0,0.968
0.803,30.348,4.322,230.198,1.067,23.508,1.220,1.490,1,1,0.969
0.897,32.896,2.879,307.118,0.777,0.724,1.153,4.476,0,1,0.976
0.927,30.369,4.044,140.842,1.319,1.404,1.653,8.027,0,1,0.988
0.830,35.430,2.153,327.588,0.721,18.816,0.293,7.844,0,0,0.976
0.922,28.813,4.707,250.092,0.675,0.400,1.282,21.027,0,0,0.977
0.774,35.922,5.902,144.155,1.630,5.206,1.032,4.405,0,0,0.976
0.893,35.399,7.501,170.348,1.227,0.400,0.394,4.698,0,1,0.979
0.942,28.388,2.205,163.823,0.833,9.747,1.030,35.360,0,0,0.981
0.797,35.680,3.567,193.364,1.313,0.961,0.154,5.002,0,0,0.980
0.997,35.327,2.984,111.711,1.351,6.634,1.131,30.118,0,0,0.976
0.904,28.423,3.397,121.379,1.860,0.403,0.631,33.998,0,1,1.018
0.843,28.654,7.040,161.211,1.198,10.088,0.150,20.810,0,1,0.991
0.825,34.235,1.832,199.232,1.243,0.554,1.140,12.535,0,0,0.983
1.069,29.105,1.406,245.019,0.804,0.403,0.486,64.869,0,0,0.997
0.886,30.057,3.400,214.470,0.779,0.425,0.618,6.657,0,0,0.967
0.756,36.104,2.386,380.248,0.885,7.562,0.605,1.022,0,0,1.003
0.886,30.575,6.555,213.770,1.033,0.449,0.140,49.498,0,0,0.998
0.892,27.194,1.618,127.201,0.903,18.650,1.940,45.260,0,0,0.985
0.734,34.656,3.812,405.696,0.927,4.102,1.803,12.143,0,0,1.016
0.982,28.999,9.042,178.130,0.925,10.246,1.712,10.571,1,1,0.964
0.899,34.767,1.875,137.159,1.776,3.153,0.555,11.169,0,1,1.007
1.056,28.012,5.941,122.063,1.222,0.403,1.607,28.778,0,1,1.005
0.895,31.814,5.458,190.000,1.044,3.921,0.882,6.962,0,1,0.979
0.984,28.112,5.571,208.181,0.754,0.577,0.249,12.172,1,0,0.955
0.952,34.987,6.585,228.191,1.251,0.711,1.601,50.386,0,1,1.009
0.874,30.743,5.792,271.515,0.648,2.700,0.668,3.493,0,0,0.968
0.794,31.189,4.924,423.699,0.695,19.635,0.929,26.237,0,0,1.006
0.886,29.856,1.821,328.267,0.742,5.144,0.363,6.468,0,1,0.986
0.702,30.204,4.633,483.868,0.631,63.462,1.194,6.524,0,0,1.040
0.930,29.674,10.145,108.573,1.289,14.988,0.619,0.162,1,1,0.958
0.971,31.035,4.395,148.381,1.080,6.220,0.509,12.832,0,1,0.983
0.846,33.970,5.982,226.759,0.896,0.621,0.902,5.312,0,0,0.966
0.893,31.965,4.344,97.105,2.474,0.415,0.755,15.269,0,1,1.029
0.969,30.987,4.913,148.667,0.815,10.433,0.314,3.704,1,0,0.938
0.809,35.066,5.349,110.407,1.872,5.623,0.298,6.602,0,0,0.981
0.828,36.094,5.419,331.390,0.683,21.302,0.739,9.694,0,0,0.971
0.955,30.122,5.784,76.123,1.632,12.027,0.546,11.253,0,1,0.991
0.886,31.975,2.813,160.902,1.608,2.974,0.785,28.985,0,1,1.011
1.069,24.483,3.355,110.928,1.173,2.998,1.938,19.508,0,1,1.002
0.746,31.507,5.870,434.775,0.668,31.480,0.326,6.459,0,0,1.014
0.930,26.234,5.500,192.401,0.678,0.489,0.604,21.433,0,0,0.978
0.758,32.852,6.461,206.462,1.500,15.429,2.143,13.645,1,1,0.981
1.010,30.927,4.563,230.481,0.915,2.253,0.829,38.940,0,1,0.995
0.988,26.150,5.629,99.704,1.550,1.863,1.695,28.391,0,1,1.011
0.892,36.962,2.604,182.071,1.332,3.136,0.719,6.166,0,1,0.989
0.896,29.633,2.914,208.902,1.069,1.067,1.033,12.014,0,1,0.991
0.890,31.122,6.397,306.307,0.659,22.690,0.528,22.504,0,1,0.981
0.889,30.233,6.176,215.784,0.653,6.048,1.554,6.498,0,0,0.962
0.902,33.581,6.910,279.149,0.702,0.982,0.408,14.908,0,0,0.970
0.843,30.536,5.955,171.844,1.370,0.457,1.225,11.814,0,1,0.996
0.923,29.307,2.304,142.473,0.906,0.440,0.910,5.446,0,0,0.962
1.012,37.030,0.925,182.923,0.713,1.030,0.283,7.119,0,0,0.944
0.778,36.676,9.565,294.602,0.932,1.562,0.156,2.943,0,0,0.977
0.755,27.364,4.421,100.042,2.287,5.122,0.695,13.978,0,1,1.009
1.004,27.877,2.049,151.136,1.435,0.523,1.039,46.690,0,1,1.019
0.788,33.008,2.513,223.496,0.618,39.661,0.196,1.033,0,0,0.963
0.969,31.505,1.975,169.721,1.387,0.736,0.803,32.496,0,1,1.008
0.838,28.902,4.698,192.609,0.631,44.092,0.374,0.197,0,1,0.982
1.027,31.638,1.804,156.839,1.105,1.615,1.658,15.811,0,1,0.988
0.865,34.855,6.147,169.866,1.182,0.555,0.441,12.849,0,0,0.972
0.987,26.030,4.094,234.888,0.733,0.468,0.240,57.716,0,0,1.006
0.860,29.980,12.310,183.047,0.865,14.263,0.323,14.955,0,1,0.978
1.149,30.024,1.547,104.738,1.559,0.401,0.666,35.618,0,1,1.019
1.124,24.116,2.706,110.772,1.605,0.400,1.217,68.038,0,1,1.045
1.068,26.346,4.399,200.172,0.774,0.440,1.153,23.292,0,1,0.993
1.028,24.719,3.285,147.754,1.188,0.401,1.410,38.442,0,1,1.015
0.962,33.392,3.588,235.195,0.716,3.741,0.253,20.420,0,0,0.967
0.891,35.487,3.447,237.390,1.076,3.342,1.068,32.251,0,0,0.986
0.860,29.380,3.023,102.047,2.422,7.968,1.006,11.207,1,1,1.000
0.730,36.487,3.426,183.308,0.619,76.233,0.623,11.365,1,0,0.921
0.810,32.593,4.039,269.324,0.930,2.428,0.421,12.112,0,0,0.986
0.825,34.521,5.033,279.114,0.814,29.140,1.193,40.908,0,0,0.976
1.023,29.465,3.616,245.463,0.628,3.048,0.681,36.676,0,0,0.982
0.813,31.514,5.407,278.315,0.791,11.249,0.493,15.891,0,0,0.983
0.857,32.024,3.825,204.520,1.192,1.946,0.788,8.406,0,1,0.992
0.871,38.351,7.280,245.174,0.934,1.676,0.169,11.255,0,0,0.967
0.985,28.604,5.272,150.959,0.615,0.462,0.485,7.463,0,0,0.956
0.803,32.153,3.260,158.249,1.524,11.012,0.879,9.707,0,1,0.996
0.814,35.150,11.374,112.386,1.932,8.740,0.303,3.803,0,1,0.995
0.867,31.787,6.188,332.371,0.652,0.520,2.000,5.349,0,0,0.980
0.804,28.913,4.976,181.553,1.496,1.191,1.099,31.170,0,1,1.013
0.817,29.566,2.668,147.417,1.120,9.659,0.565,17.302,0,0,0.975
0.931,28.353,0.566,173.075,1.057,0.450,0.712,36.458,0,0,0.992
0.786,32.509,3.195,120.968,1.613,23.111,1.520,7.045,0,1,0.985
0.846,35.965,6.845,298.320,0.809,0.499,2.043,5.942,0,0,0.974
1.022,29.727,2.411,208.116,0.765,1.301,1.448,6.065,0,1,0.976
0.732,31.874,5.083,292.483,0.970,24.532,1.090,15.602,0,1,0.995
0.842,32.735,4.088,371.180,0.616,18.300,0.927,5.375,0,0,0.989
0.832,30.263,2.593,99.380,1.786,0.443,0.629,10.152,0,0,0.984
1.066,21.582,1.221,211.621,0.610,0.483,0.761,52.234,0,0,1.010
0.954,29.422,8.965,156.805,1.340,0.432,0.734,44.683,0,1,1.019
0.861,31.868,0.703,169.374,1.450,0.403,0.229,34.199,0,0,0.999
0.873,30.818,2.046,149.467,1.523,0.803,0.412,3.761,0,1,0.999
1.021,33.437,3.586,248.146,0.821,1.128,0.513,45.464,0,0,0.985
0.992,30.126,3.102,78.343,2.642,2.529,0.856,34.997,0,1,1.041
0.821,31.436,5.129,139.380,1.104,6.265,0.865,1.341,0,0,0.960
0.837,30.075,2.129,140.975,1.255,2.366,1.166,10.251,0,0,0.976
1.035,32.786,1.727,133.952,1.288,0.466,0.301,12.972,0,1,0.993
0.957,30.729,4.061,63.787,2.108,13.022,0.546,11.834,0,1,1.003
0.945,28.255,1.330,199.496,1.011,2.725,0.831,12.676,0,1,0.992
0.892,30.366,9.479,108.120,1.709,0.484,1.376,20.779,1,0,0.973
1.037,25.343,1.305,143.238,1.409,0.473,1.438,52.590,0,1,1.026
0.892,34.499,6.334,125.031,1.926,1.484,0.622,39.796,0,0,1.012
0.785,33.822,2.064,218.054,1.242,0.527,0.262,8.240,0,0,0.991
0.969,29.622,1.853,164.116,0.882,0.604,0.500,19.635,0,0,0.975
0.936,32.619,4.965,127.023,1.026,17.542,2.121,6.116,0,1,0.973
1.188,28.069,2.480,120.147,1.522,0.427,1.082,59.050,0,1,1.038
0.849,31.439,7.722,228.153,1.076,0.819,0.835,14.808,0,1,0.992
1.075,27.483,2.652,118.759,1.478,0.402,2.843,37.783,0,1,1.020
1.049,37.532,7.485,142.668,0.789,3.132,0.946,7.622,1,0,0.926
0.733,34.696,4.082,104.197,1.004,37.738,0.696,1.133,0,0,0.936
0.868,33.948,5.645,196.037,0.705,16.828,2.021,6.529,0,0,0.954
0.705,23.703,8.594,81.944,1.973,10.555,0.596,5.902,0,1,0.984
0.979,32.270,3.993,220.598,0.736,16.391,0.551,20.349,0,1,0.978
0.971,30.947,4.378,463.076,0.612,2.396,0.188,45.925,0,1,0.979
0.917,25.831,1.107,210.672,0.757,3.946,2.701,25.453,0,0,0.989
0.977,26.829,1.595,134.770,1.089,0.435,1.919,41.156,0,0,0.996
0.881,33.887,8.664,135.698,0.951,18.990,0.854,2.478,1,0,0.930
0.963,26.558,3.343,108.968,1.469,2.994,1.384,12.447,0,1,1.000
0.882,33.099,5.087,312.840,0.702,0.511,0.636,8.531,0,0,0.979
0.754,33.802,4.014,207.519,1.764,0.750,0.522,27.251,0,1,1.027
0.970,32.647,5.779,241.297,0.706,25.193,0.447,34.956,1,0,0.959
0.792,36.141,0.841,230.897,0.784,33.208,0.235,2.492,0,0,0.961
1.117,26.261,6.838,140.755,0.904,0.421,0.674,27.059,0,1,1.005
1.029,28.695,1.118,170.600,0.649,1.718,0.341,12.571,0,0,0.967
0.821,31.088,1.781,124.190,1.798,11.067,1.001,6.983,0,1,1.002
0.875,35.575,1.716,292.723,0.826,20.058,1.683,31.582,0,0,0.977
0.999,28.281,2.367,193.574,0.718,8.443,0.552,37.578,0,0,0.988
1.025,37.081,2.237,218.153,0.965,2.488,1.478,24.957,0,1,0.981
0.924,31.593,9.210,93.878,1.715,3.201,0.337,5.947,0,1,0.996
0.783,31.602,1.735,149.143,1.453,7.883,2.270,17.444,0,0,0.986
0.865,30.283,6.739,141.256,1.497,0.668,1.088,7.506,0,1,0.997
1.014,30.344,2.494,105.392,0.876,0.727,0.568,7.497,0,0,0.959
0.900,25.870,2.684,228.355,0.972,4.437,0.597,39.680,1,0,0.987
0.738,28.842,3.362,260.860,0.866,16.666,0.240,12.388,0,0,0.995
1.149,32.321,1.114,203.833,0.957,0.401,1.256,44.385,0,1,0.998
0.879,30.273,5.822,219.098,0.705,11.466,0.974,16.862,0,0,0.975
1.049,29.885,2.587,129.013,1.323,2.779,1.452,61.193,0,0,1.011
0.977,30.938,3.107,259.935,0.831,0.902,1.072,46.874,0,0,0.994
0.979,28.289,5.432,90.111,1.726,0.566,0.770,10.854,0,1,1.005
0.888,30.633,1.602,217.102,0.745,22.636,0.283,30.966,0,0,0.981
0.942,29.244,1.314,229.582,0.722,0.418,0.141,11.359,0,0,0.976
0.945,34.003,2.830,107.725,1.701,0.655,0.723,21.011,0,0,0.993
0.852,32.933,11.693,175.814,0.742,23.129,0.667,1.495,1,0,0.932
0.802,25.411,4.536,165.771,1.105,15.226,1.661,1.690,0,1,0.992
0.965,29.834,4.759,182.180,1.053,4.269,0.269,23.782,0,1,0.997
0.955,31.308,2.545,127.223,1.725,9.613,0.557,41.408,0,1,1.018
1.057,30.629,0.852,103.151,1.690,0.407,1.130,18.005,0,1,1.013
0.739,29.242,6.614,190.190,1.065,3.719,0.727,1.058,0,0,0.975
0.948,29.620,7.071,77.580,2.883,0.922,0.201,11.963,1,1,1.022
0.985,33.331,3.346,114.575,1.169,12.612,0.421,6.666,0,1,0.980
0.961,31.030,5.962,119.813,1.425,0.409,0.541,7.399,0,1,0.995
1.118,35.144,7.931,55.077,1.856,1.013,0.208,9.578,0,1,1.013
0.853,28.511,0.970,197.014,0.933,5.710,0.224,16.300,0,0,0.985
0.815,34.037,8.694,126.942,1.602,0.409,0.560,8.020,0,0,0.980
0.939,29.360,0.645,283.062,0.797,3.799,0.812,42.395,0,0,0.996
0.949,33.410,4.082,278.121,0.808,2.371,2.037,35.397,0,0,0.986
0.890,37.566,4.309,163.163,1.173,0.592,1.033,1.485,0,0,0.965
0.720,35.578,4.599,367.120,0.788,34.682,0.552,1.634,0,0,0.997
0.899,35.304,2.955,153.251,1.544,0.495,0.497,1.574,1,0,0.970
0.831,30.395,3.147,89.294,3.228,2.078,0.829,29.033,0,1,1.053
0.908,32.646,9.494,127.830,1.563,3.985,0.347,19.589,0,1,1.004
1.040,32.272,6.056,116.200,1.674,0.731,1.449,34.693,0,1,1.024
0.780,28.576,3.589,171.272,1.327,12.345,0.270,8.223,0,1,0.998
0.926,30.006,2.917,126.587,1.505,6.019,1.403,13.640,0,1,1.002
1.044,34.661,2.875,166.412,1.059,0.407,0.544,16.561,0,1,0.987
0.731,28.854,4.015,237.954,1.212,5.351,0.680,1.816,0,1,1.004
0.961,27.620,2.228,163.764,1.140,11.053,0.515,33.304,0,1,1.007
0.874,28.717,6.732,87.467,1.838,4.076,0.394,11.412,1,0,0.967
1.060,28.591,4.754,93.006,1.098,1.200,0.124,35.875,0,0,0.994
0.880,26.287,2.585,337.461,0.653,0.848,0.433,19.379,0,0,1.003
1.012,26.446,1.113,238.207,1.040,0.500,1.759,61.385,0,1,1.018
0.813,33.197,2.853,353.535,0.833,7.951,0.680,17.928,0,0,1.002
0.946,34.218,5.618,241.143,0.612,3.524,1.263,6.175,0,0,0.958
1.031,31.181,4.888,307.273,0.719,0.408,1.109,14.033,1,1,0.963
0.959,31.851,0.628,132.201,1.499,0.910,1.137,3.575,0,1,1.000
0.863,25.789,7.637,250.503,0.752,20.644,1.475,43.654,1,0,0.991
0.764,37.161,5.476,236.269,1.434,0.421,1.443,0.871,0,1,1.008
0.845,33.814,7.012,260.959,0.831,3.375,0.177,9.015,0,0,0.977
0.953,28.559,1.459,248.390,0.895,16.431,0.717,8.859,1,1,0.977
0.709,30.968,2.565,111.319,2.691,7.872,1.078,3.908,0,1,1.029
1.031,27.266,2.352,129.480,1.540,3.737,1.070,50.471,0,1,1.028
0.965,32.245,0.834,241.834,0.862,5.882,1.318,36.562,0,0,0.987
0.974,26.960,1.098,123.645,1.396,0.551,0.963,3.847,0,1,0.999
0.784,34.548,5.027,152.730,1.751,0.873,1.292,13.365,0,0,1.000
1.042,28.603,2.200,46.883,3.347,9.513,1.151,46.453,0,1,1.045
0.810,35.167,1.634,264.587,1.063,13.386,0.689,6.664,0,1,0.993
0.877,31.692,1.020,324.044,0.774,0.951,0.207,13.617,0,0,0.994
0.994,32.798,3.187,163.686,1.391,5.672,1.057,14.867,1,1,0.985
0.888,31.943,9.021,94.392,1.571,0.816,0.246,17.606,0,0,0.983
0.914,35.006,2.729,202.846,1.189,0.458,1.294,8.520,0,1,0.993
0.868,36.315,5.928,278.755,0.958,15.300,0.399,3.865,1,1,0.964
0.854,29.348,5.605,105.562,1.242,9.503,1.994,22.900,0,0,0.978
0.922,34.071,8.571,147.737,0.924,17.028,0.726,8.781,0,1,0.971
1.032,28.629,7.637,56.994,2.226,1.026,1.032,13.537,0,1,1.022
1.105,33.449,2.293,254.496,0.693,0.535,0.321,7.928,1,1,0.951
0.733,32.514,6.806,461.540,0.829,0.404,1.363,8.252,0,0,1.032
1.068,28.327,1.551,124.789,1.369,4.106,0.249,31.056,0,1,1.014
0.849,31.808,3.404,196.701,0.967,2.798,1.186,3.832,0,0,0.975
0.983,29.152,1.195,175.159,0.749,0.545,0.586,8.584,0,0,0.970
0.869,29.109,7.510,140.270,0.984,1.648,0.306,12.525,0,0,0.971
0.960,33.119,5.766,150.818,0.963,1.573,0.733,18.703,0,0,0.972
0.884,30.213,5.685,93.089,1.728,0.436,1.029,22.847,0,0,0.993
0.920,29.165,3.065,181.690,1.216,0.807,0.918,17.321,0,1,1.003
0.787,33.093,7.011,240.960,0.746,27.914,0.544,12.838,0,0,0.973
0.819,32.782,10.780,354.108,0.805,2.070,0.360,29.556,0,0,1.003
0.795,29.103,1.382,341.234,0.786,19.664,0.623,36.027,0,0,1.010
0.918,32.554,3.768,166.608,1.528,1.974,0.823,1.459,1,1,0.987
0.713,32.332,4.070,182.242,1.790,7.207,0.521,13.452,0,1,1.018
0.846,29.107,1.614,135.887,1.681,4.493,1.649,7.337,0,1,1.008
1.148,24.336,1.260,181.420,1.039,0.907,0.850,55.571,0,1,1.027
0.884,35.848,3.482,220.639,1.541,1.202,0.284,58.009,0,0,1.020
0.795,30.173,3.269,320.556,0.684,31.337,1.056,20.459,0,0,1.000
1.020,27.771,6.354,116.435,1.250,0.429,0.805,13.871,0,1,1.001
0.923,30.596,3.410,182.963,1.146,0.624,0.245,7.020,0,1,0.994
1.120,26.706,3.053,152.368,1.095,0.400,0.695,36.993,0,1,1.017
0.802,36.896,8.356,193.601,1.207,14.369,1.154,1.617,0,1,0.979
0.833,26.106,6.080,182.306,1.225,0.485,0.578,14.229,0,1,1.003
0.857,28.731,1.001,290.253,0.843,0.400,0.860,23.127,0,0,1.002
0.700,19.558,5.797,240.802,0.671,11.861,1.531,12.135,0,0,1.010
0.823,33.123,3.853,142.510,1.717,4.483,2.089,29.932,0,0,1.003
0.768,32.042,1.562,296.256,0.851,19.373,1.193,6.540,0,0,0.997
0.847,34.199,9.143,369.743,0.739,10.586,0.473,2.112,1,0,0.974
0.869,29.251,8.868,88.129,1.386,0.594,0.136,12.416,0,0,0.973
0.775,26.832,6.533,398.246,0.660,13.131,0.241,10.006,0,0,1.022
0.965,32.186,3.874,242.587,0.768,0.400,2.037,24.283,0,0,0.982
0.793,34.200,6.229,213.109,1.161,0.892,1.986,5.680,0,0,0.985
0.836,30.749,4.051,150.152,1.667,0.432,1.304,6.302,0,1,1.010
0.883,31.570,7.691,245.757,0.702,0.469,0.713,4.005,0,0,0.970
1.073,28.858,3.384,67.313,1.980,0.400,0.450,51.435,0,0,1.023
0.960,28.744,2.058,458.576,0.636,1.596,0.449,25.432,1,0,0.991
0.818,28.312,4.793,132.794,2.098,0.400,0.336,45.319,0,1,1.036
0.753,33.335,7.472,418.679,0.806,4.478,0.710,4.129,0,0,1.017
0.950,34.074,1.803,133.605,0.696,21.653,0.539,11.791,0,0,0.953
0.824,24.254,7.197,98.683,1.274,21.737,1.017,18.358,0,1,0.999
0.985,30.952,5.451,182.680,0.985,4.789,1.315,19.894,0,1,0.994
0.962,30.958,4.273,203.958,0.822,4.211,0.414,30.133,0,0,0.986
0.758,32.826,7.796,156.655,2.240,4.155,0.224,10.259,1,1,1.014
0.860,24.642,0.695,283.289,0.813,0.713,1.035,50.213,0,0,1.016
0.845,28.348,1.943,102.053,1.753,18.536,2.237,21.740,0,1,1.005
1.017,32.340,1.476,88.260,1.152,1.823,0.550,6.079,0,0,0.966
0.955,28.062,4.369,208.137,0.973,0.506,1.006,17.735,0,1,0.999
0.827,30.985,5.880,115.620,2.098,0.479,0.278,1.686,0,1,1.017
0.780,35.548,1.792,210.468,1.556,2.449,0.566,23.360,0,0,1.012
0.815,30.157,3.944,191.718,0.984,5.088,1.719,4.269,0,0,0.979
1.046,30.396,1.118,107.656,1.743,0.665,1.478,21.811,0,1,1.020
0.737,35.806,2.748,288.339,1.430,1.911,1.031,38.530,0,0,1.026
0.949,31.770,3.654,231.969,0.745,1.621,0.263,16.163,0,0,0.977
0.828,33.661,5.364,139.708,1.181,13.791,0.767,11.103,0,0,0.969
1.120,27.120,2.374,61.111,2.629,0.519,2.456,42.373,0,1,1.051
0.946,35.209,1.271,120.794,1.028,9.451,2.305,3.607,0,0,0.957
1.008,35.889,3.788,101.422,1.349,9.043,0.821,4.002,0,1,0.986
0.875,26.194,3.632,130.459,0.764,15.439,0.503,13.199,0,0,0.977
0.792,31.132,3.944,259.039,0.907,4.751,1.564,2.454,0,0,0.990
0.902,27.336,4.099,276.073,0.757,11.529,1.000,13.681,1,0,0.980
1.067,37.263,0.456,131.561,0.775,3.635,0.580,9.600,0,0,0.949
0.753,32.228,3.109,254.451,0.676,43.506,0.307,2.194,0,0,0.983
0.894,29.677,4.789,320.377,0.765,3.611,0.170,6.427,1,0,0.979
1.062,26.685,1.721,115.023,1.129,12.818,0.792,20.674,0,1,1.006
0.887,33.999,3.821,394.046,0.740,0.538,0.264,23.177,0,0,1.000
0.816,33.213,3.987,279.145,0.783,38.868,0.995,11.090,1,0,0.967
0.945,30.251,1.726,123.193,1.075,7.427,0.635,18.724,0,0,0.978
0.805,35.704,4.854,313.025,0.768,21.039,0.906,6.128,0,0,0.983
0.937,26.510,7.001,76.586,2.518,0.401,1.617,44.641,0,1,1.044
0.914,38.226,4.474,162.140,1.369,15.269,0.879,20.516,0,1,0.992
0.781,35.756,2.638,299.146,0.926,11.603,0.433,0.250,0,0,0.992
0.915,29.069,9.314,193.208,0.661,11.995,1.703,30.986,0,0,0.987
0.835,30.725,10.048,305.535,0.690,0.678,0.681,5.160,0,0,0.984
0.849,30.075,2.436,285.487,0.677,16.611,1.217,5.248,0,0,0.990
0.813,29.730,0.000,193.677,1.167,2.174,1.497,12.654,0,0,0.994
0.868,27.281,3.437,190.977,0.873,6.534,0.204,24.319,0,0,0.992
0.796,37.272,4.979,223.945,0.738,36.426,0.136,6.315,0,0,0.955
0.933,30.289,2.377,226.068,0.711,6.381,1.582,11.996,0,0,0.979
0.966,26.857,5.333,331.404,0.653,1.636,0.750,21.313,0,1,0.996
0.841,34.723,5.038,153.082,1.610,4.990,0.666,1.149,0,1,1.003
1.061,29.988,1.915,120.959,1.213,0.410,0.296,5.107,0,1,0.995
0.991,27.106,1.253,135.965,1.637,1.001,2.004,45.111,0,1,1.030
0.978,30.721,1.986,292.880,0.682,3.902,1.600,1.839,1,0,0.965
0.943,31.857,6.908,251.587,0.660,15.675,1.512,7.368,1,0,0.957
0.831,36.283,6.109,262.082,0.917,3.029,1.299,1.932,0,0,0.979
0.820,32.569,4.746,184.496,1.619,0.897,0.273,20.011,0,1,1.020
0.929,38.243,10.059,200.909,0.719,20.727,1.942,28.672,0,0,0.958
0.819,30.691,4.298,140.971,1.334,0.400,0.377,3.811,0,0,0.980
0.883,32.716,2.367,389.618,0.621,10.424,2.022,5.717,0,0,0.997
0.850,31.635,3.129,222.286,0.720,18.648,1.466,2.785,0,0,0.974
0.916,34.277,4.794,169.585,0.932,0.405,0.396,2.087,0,0,0.964
0.726,34.835,3.518,300.901,1.139,4.613,0.469,7.788,0,0,1.012
1.025,25.240,1.154,138.640,1.357,0.404,0.202,30.497,0,1,1.019
0.875,29.175,10.996,188.254,0.826,0.659,0.749,22.781,0,0,0.984
0.792,31.221,3.124,133.413,1.350,26.521,1.775,11.856,1,0,0.959
1.019,30.213,3.369,85.266,1.854,15.574,0.764,11.256,1,1,0.991
0.953,34.533,2.732,104.601,1.466,0.426,1.653,5.786,0,0,0.979
0.764,34.014,1.082,268.304,1.147,0.927,1.208,2.739,0,0,1.006
0.701,35.953,8.422,213.956,1.547,11.743,0.760,4.644,0,1,1.006
0.978,32.994,2.731,277.113,0.759,3.080,1.253,13.104,0,1,0.983
0.765,35.889,7.490,149.353,1.838,12.075,1.431,2.885,0,1,1.006
1.045,31.669,4.107,138.628,0.852,0.892,2.159,22.214,0,0,0.977
0.822,27.731,4.068,166.103,1.329,9.698,0.789,15.642,0,1,1.006
0.853,30.922,3.823,213.244,1.289,0.541,1.119,19.628,0,1,1.011
0.901,36.332,3.231,402.941,0.620,6.223,1.506,4.566,0,0,0.987
0.931,31.327,1.433,127.853,1.649,9.508,1.641,21.629,0,1,1.012
0.842,31.347,0.729,198.824,1.001,23.147,1.858,1.721,1,0,0.965
0.987,37.618,2.411,204.795,0.820,2.905,1.116,12.490,0,0,0.963
0.766,38.199,9.236,134.383,1.215,26.112,0.308,4.103,0,0,0.948
0.740,28.568,4.033,286.995,0.997,17.367,0.627,12.199,0,1,1.012
0.817,35.645,10.809,133.931,1.617,2.953,2.315,11.628,0,0,0.987
0.912,29.788,4.029,384.996,0.736,0.531,0.387,27.490,0,1,1.000
0.974,28.908,3.000,65.877,2.101,18.501,0.605,34.144,0,1,1.018
0.843,33.027,3.871,279.069,0.815,23.586,0.283,8.898,0,1,0.989
0.838,23.858,4.049,313.490,0.646,1.789,0.690,3.464,0,0,1.007
0.942,34.259,2.479,253.121,1.022,0.446,1.180,20.672,0,1,0.998
0.991,29.364,10.128,98.528,1.805,0.406,1.549,33.941,0,1,1.033
0.979,34.618,1.051,114.796,1.261,0.472,0.868,4.400,0,0,0.973
1.059,27.445,1.711,97.031,1.252,0.495,0.347,36.240,0,0,1.003
0.864,29.185,7.282,205.652,0.762,27.557,1.717,7.539,0,1,0.990
1.041,32.564,6.474,154.722,1.399,0.450,0.623,41.916,0,1,1.026
1.021,29.483,2.737,259.743,0.863,3.030,1.225,67.138,0,0,1.012
1.067,23.346,9.373,88.280,0.699,6.790,1.623,54.540,0,0,1.029
0.818,33.077,1.506,191.680,0.926,19.206,0.406,2.077,0,0,0.974
0.837,36.848,5.278,214.109,1.370,0.584,0.280,21.685,0,0,1.003
0.799,35.603,4.616,290.827,1.015,0.728,2.052,5.494,0,0,0.999
0.859,28.682,9.283,204.565,0.766,2.182,0.847,10.707,0,0,0.979
0.786,29.459,7.255,169.983,1.486,1.814,0.676,5.379,0,1,1.005
0.839,31.764,4.670,173.699,0.939,9.494,0.326,1.267,0,0,0.971
0.895,37.161,6.066,91.813,1.595,28.835,0.200,15.747,0,1,0.984
0.867,34.085,2.212,122.963,1.757,0.432,0.940,7.144,0,0,0.998
0.967,35.220,1.818,138.562,1.662,0.400,0.313,32.086,0,0,1.010
1.080,31.258,1.637,45.970,3.462,0.887,0.149,6.755,0,1,1.068
0.924,34.084,5.031,154.278,1.060,15.161,1.725,5.855,0,1,0.982
0.948,28.663,4.584,95.760,1.982,2.097,0.956,18.085,0,1,1.023
1.072,25.696,3.080,301.362,0.699,0.409,1.091,46.736,1,0,0.993
0.936,30.167,2.028,111.833,1.654,7.030,0.704,50.274,0,0,1.011
0.907,26.615,0.922,400.090,0.639,3.174,1.884,30.278,0,0,1.016
1.132,22.826,1.184,88.237,2.082,0.400,1.084,35.874,1,1,1.023
0.927,32.074,3.268,322.831,0.799,5.301,0.763,22.501,0,1,0.995
0.833,31.046,1.548,129.908,1.985,1.173,0.291,6.407,1,0,0.992
0.716,31.803,2.851,216.519,1.154,19.841,1.357,18.616,0,0,0.996
0.944,33.844,1.940,239.019,0.962,3.758,1.733,7.552,1,0,0.968
0.897,27.295,1.935,203.774,1.118,5.288,0.204,19.346,0,1,1.010
0.902,31.711,2.540,212.629,1.168,0.493,2.119,11.238,0,1,1.004
0.906,29.812,5.488,162.720,1.280,0.408,0.574,6.862,0,1,1.001
0.833,34.631,6.652,166.317,1.699,0.986,0.119,9.152,0,1,1.018
0.916,29.987,7.086,137.957,1.485,16.638,2.725,55.672,0,1,1.026
0.891,31.148,3.247,178.115,0.975,1.280,0.764,5.645,0,0,0.979
1.021,28.522,2.844,140.592,1.351,4.531,0.523,32.163,0,1,1.019
0.983,30.253,7.897,105.056,2.079,0.852,0.208,14.240,1,1,1.012
0.788,29.563,6.734,273.516,0.999,6.873,0.894,7.913,0,1,1.005
1.030,30.719,1.445,124.762,2.081,4.607,0.386,35.858,1,1,1.022
0.975,27.099,9.303,76.133,1.325,11.156,1.031,5.853,0,1,0.996
0.755,34.994,4.371,135.834,2.645,0.658,0.814,0.671,0,1,1.057
0.903,34.421,3.078,241.804,1.099,1.214,1.668,14.069,0,1,1.001
0.720,28.136,4.886,425.492,0.830,15.665,0.698,3.956,0,1,1.030
0.901,26.407,3.542,300.333,0.797,1.869,1.471,10.535,0,1,1.004
0.770,29.585,8.789,250.946,0.930,2.769,0.652,13.122,0,0,0.996
0.880,36.947,4.638,185.629,1.279,9.889,1.024,27.018,0,0,0.990
0.780,33.035,2.698,327.000,0.928,2.791,0.750,3.052,0,0,1.010
1.101,37.263,5.665,97.009,1.114,14.745,0.974,5.561,1,1,0.962
0.856,27.155,3.166,173.842,0.954,1.394,1.367,7.368,0,0,0.985
0.939,37.751,2.244,277.046,0.782,2.774,0.146,9.524,0,0,0.975
0.795,32.059,7.408,385.344,0.753,29.225,1.024,5.479,1,0,0.995
0.871,33.461,0.649,126.432,1.707,0.615,0.970,6.816,0,0,0.999
1.110,28.086,7.311,113.196,0.872,0.698,0.878,3.015,0,1,0.989
0.823,33.916,5.292,196.895,1.140,6.814,0.693,12.475,0,0,0.987
0.969,31.567,2.441,187.823,1.468,8.537,0.652,62.245,0,1,1.029
0.951,30.261,1.804,107.958,1.662,0.402,0.121,31.555,0,0,1.008
0.788,29.165,6.147,146.984,1.895,1.035,2.166,24.169,0,1,1.028
0.717,30.503,6.149,159.052,1.613,6.213,0.654,31.689,0,0,1.006
0.821,34.592,12.907,425.539,0.676,5.643,0.644,11.976,0,0,1.003
0.961,35.481,5.924,152.359,1.105,5.943,1.758,2.671,1,0,0.952
0.954,36.456,1.587,184.899,1.150,3.478,0.967,3.873,0,1,0.991
1.176,28.207,4.316,64.462,1.878,0.401,0.388,23.665,0,1,1.035
0.901,28.802,2.675,317.109,0.686,1.504,1.046,12.948,0,0,1.000
0.763,32.873,4.802,225.137,1.020,33.993,0.601,10.166,1,0,0.969
0.931,26.355,5.200,244.850,0.880,0.433,0.607,68.447,0,0,1.027
0.862,37.837,2.115,236.946,1.043,2.632,1.896,1.393,0,0,0.984
0.878,30.092,6.301,169.469,1.273,0.400,1.049,2.495,0,1,1.000
0.879,32.902,6.412,97.376,2.667,1.930,0.461,13.360,0,1,1.048
1.002,31.784,3.236,174.650,1.062,2.406,1.589,12.226,0,1,0.997
0.843,32.524,3.184,146.407,1.732,1.152,1.504,0.384,1,0,0.985
0.915,29.091,1.500,175.640,1.067,11.480,1.755,1.842,0,1,0.997
0.895,31.722,2.249,341.147,0.707,10.519,0.896,21.364,0,0,1.000
0.897,34.303,3.577,202.112,1.468,1.931,1.648,51.917,0,0,1.020
0.892,30.932,6.177,91.040,1.300,5.045,1.549,3.354,0,0,0.970
0.921,36.420,7.642,78.676,2.373,2.109,0.622,7.286,0,0,1.014
1.061,32.791,3.057,185.807,0.877,0.679,0.986,34.382,0,0,0.990
0.785,38.210,2.307,178.803,1.142,39.581,0.633,0.837,1,0,0.944
1.116,34.618,3.899,60.202,1.946,3.389,0.105,4.904,0,1,1.020
0.963,36.073,3.954,110.567,0.991,13.744,1.426,11.058,0,0,0.960
1.087,27.762,6.727,59.683,2.004,0.400,0.254,14.202,0,1,1.027
0.961,30.726,4.404,104.179,1.894,0.409,0.680,10.227,0,1,1.022
0.712,26.854,5.009,155.740,1.185,25.695,0.987,1.417,1,0,0.969
1.081,30.187,4.833,51.902,1.519,0.402,0.164,17.928,0,0,0.993
0.862,33.306,2.989,274.403,0.779,10.529,1.223,5.387,0,0,0.987
0.893,29.373,4.970,191.277,1.053,0.708,0.337,33.886,0,0,1.003
0.846,29.164,7.305,188.440,0.833,4.806,0.313,3.392,0,0,0.977
0.744,36.456,1.795,285.887,1.048,19.931,2.084,4.945,0,0,1.000
0.983,28.862,12.311,90.553,1.352,1.623,0.671,6.605,0,1,0.998
0.775,35.403,9.129,250.413,0.917,15.729,0.658,4.606,0,0,0.979
0.859,28.836,2.873,224.741,1.119,1.107,0.275,10.585,1,0,0.986
0.901,32.972,12.209,353.585,0.616,9.270,0.188,29.695,0,0,0.996
1.015,27.711,5.538,205.534,0.925,1.404,1.435,27.794,0,1,1.010
0.857,27.474,5.478,125.236,1.584,10.284,0.638,46.481,1,0,0.995
0.795,33.089,9.840,354.512,0.761,10.876,1.261,11.825,0,0,1.003
1.078,28.594,1.634,255.537,0.772,7.720,0.734,69.394,0,0,1.012
0.810,30.413,3.836,183.960,0.853,19.849,0.720,3.215,0,0,0.979
1.036,33.734,5.521,139.788,1.598,0.400,0.982,34.991,0,1,1.031
0.876,30.427,2.033,215.618,0.973,0.591,0.814,11.783,0,0,0.994
1.000,31.356,2.920,230.022,0.760,2.811,1.146,27.338,0,0,0.990
0.785,31.096,3.005,272.271,0.726,34.577,0.766,11.772,0,0,0.997
0.900,30.744,1.764,164.955,0.933,5.024,0.658,0.037,0,0,0.976
0.765,36.057,5.910,155.298,1.641,21.787,0.321,7.059,0,1,1.000
1.035,31.860,5.737,224.455,0.666,0.400,0.586,2.993,1,0,0.953
0.833,35.497,1.893,173.415,1.614,0.547,1.054,13.485,0,0,1.010
0.903,30.413,7.125,101.406,2.093,0.459,0.269,10.306,0,1,1.026
0.856,27.456,5.118,92.445,2.584,0.517,0.979,30.484,0,1,1.043
1.159,29.503,6.584,81.147,1.846,5.646,1.850,49.803,0,1,1.053
0.787,27.735,1.666,165.606,1.003,33.424,0.551,5.621,1,0,0.974
0.703,21.966,3.550,300.711,0.810,3.739,0.656,2.120,0,0,1.025
1.227,21.920,10.202,118.480,0.826,0.428,0.258,28.248,0,1,1.035
0.829,34.498,8.978,174.334,1.430,3.300,1.349,1.773,0,1,1.002
1.011,27.761,2.294,161.611,0.862,14.421,1.025,3.993,0,1,0.996
0.920,31.207,5.854,174.592,1.021,8.705,1.430,2.629,0,1,0.991
1.098,26.191,2.781,202.471,1.077,1.247,0.168,61.091,0,1,1.035
0.889,32.946,3.172,195.742,1.038,0.555,1.107,8.183,0,0,0.987
0.734,30.650,2.929,147.550,1.511,10.561,0.365,11.443,0,0,0.995
0.922,31.052,6.408,205.040,1.090,2.688,0.140,50.006,0,0,1.014
1.067,29.552,2.103,109.329,1.731,0.420,2.222,27.280,0,1,1.031
0.835,35.597,5.533,179.886,0.794,40.796,0.530,0.049,1,0,0.940
0.714,33.111,3.445,142.664,2.617,3.723,0.337,13.267,0,1,1.055
0.926,30.499,2.391,257.025,0.625,9.296,0.631,0.720,0,0,0.982
1.002,28.640,2.462,238.431,0.799,0.400,0.119,5.790,0,1,0.994
0.859,31.691,8.646,240.527,1.012,0.424,0.267,6.430,0,1,0.998
0.886,27.713,4.225,212.709,1.376,2.448,1.440,25.842,1,1,1.008
1.069,27.673,8.304,190.711,1.014,0.466,0.214,21.515,1,1,0.995
0.779,31.429,3.191,179.889,1.786,11.283,0.323,46.349,0,1,1.031
0.889,32.013,3.031,291.966,0.758,1.832,0.737,5.687,0,0,0.993
0.996,31.013,8.196,209.362,0.845,0.508,0.375,15.092,0,1,0.995
0.891,34.574,1.530,181.231,0.794,18.878,0.860,0.924,0,0,0.966
0.733,31.595,3.903,163.562,2.174,0.402,1.865,19.010,0,1,1.045
0.831,28.107,6.815,80.141,1.250,10.885,1.046,2.963,0,0,0.968
0.989,32.864,4.019,296.240,0.611,1.648,0.527,15.931,0,0,0.983
0.742,25.928,1.946,188.096,0.749,35.534,0.236,12.151,0,0,1.003
0.819,32.302,4.390,208.443,0.804,20.977,0.986,0.975,0,0,0.978
0.837,31.063,1.794,213.422,1.061,0.906,2.198,5.100,0,0,0.996
0.996,28.332,2.986,197.014,0.855,13.629,0.443,17.096,0,1,1.003
0.858,32.721,10.232,139.039,1.323,0.443,1.108,15.165,0,0,0.989
0.905,32.441,10.486,83.690,2.369,6.479,1.240,15.285,0,1,1.032
0.844,27.730,1.325,260.963,0.794,8.574,1.394,7.728,0,0,1.004
0.973,30.627,5.925,103.042,0.946,0.405,0.287,1.241,0,0,0.965
0.832,28.883,3.772,380.172,0.792,5.952,0.398,40.112,0,0,1.025
0.831,27.811,8.217,221.230,0.869,0.695,0.154,16.715,0,0,0.997
0.750,36.288,2.305,249.079,0.807,45.943,0.813,6.907,0,0,0.976
0.960,33.380,1.154,186.468,1.132,0.757,0.286,1.067,0,1,0.998
0.746,34.766,2.603,252.628,1.216,14.717,0.902,19.066,0,0,1.007
0.808,30.061,3.674,222.035,1.008,0.411,0.804,0.261,0,0,0.994
0.969,29.241,3.500,208.702,0.994,1.051,0.514,49.027,0,0,1.014
0.973,33.179,2.817,102.223,1.430,1.399,1.212,9.777,0,0,0.988
0.944,26.237,1.498,340.836,0.874,0.420,0.569,59.751,0,1,1.020
0.832,35.064,6.113,153.076,1.774,3.909,0.882,2.601,1,0,0.988
0.994,29.394,1.383,93.005,1.390,0.000,0.671,13.235,0,0,0.992
1.017,34.961,2.769,115.299,1.551,0.482,0.880,1.933,0,1,1.009
0.843,32.763,5.754,180.677,1.328,24.228,0.506,9.106,1,1,0.983
0.968,33.960,1.453,186.781,1.184,2.628,0.425,9.265,1,0,0.975
0.722,30.827,2.800,215.243,1.308,8.990,0.637,23.093,0,0,1.011
0.954,27.247,3.131,190.484,1.036,0.492,0.755,4.287,0,1,1.003
1.034,28.437,2.154,88.316,1.821,1.277,0.472,7.680,0,1,1.021
0.915,35.257,3.155,263.908,0.939,2.231,1.047,5.915,0,1,0.994
0.910,35.387,9.150,163.635,1.155,7.314,1.202,3.912,1,0,0.959
0.890,26.443,9.893,70.961,1.240,2.584,0.636,14.653,0,0,0.980
0.850,34.841,10.638,115.830,1.294,20.640,1.153,2.198,1,0,0.946
0.770,23.008,6.257,137.421,1.192,10.091,1.772,6.011,1,0,0.974
0.893,30.051,12.543,44.801,2.169,19.894,0.726,8.744,0,1,1.001
0.975,27.871,1.628,172.612,0.912,2.546,1.392,25.542,0,0,0.998
0.978,25.408,3.698,205.651,0.690,27.597,1.086,14.362,0,1,1.012
0.862,29.292,5.307,196.356,1.159,0.860,1.028,3.973,1,0,0.979
1.072,29.774,1.104,205.467,1.048,0.403,0.591,34.455,0,1,1.014
0.940,29.623,4.300,299.263,0.753,0.416,0.410,33.923,0,0,1.007
0.910,31.333,7.587,72.951,2.806,12.506,0.714,34.635,0,1,1.044
0.894,36.389,5.699,143.922,1.645,0.476,1.253,17.079,0,0,1.007
0.727,35.786,3.496,240.815,1.003,33.843,0.183,8.674,0,0,0.985
0.844,35.370,5.511,165.468,1.314,0.927,1.857,0.289,0,0,0.986
0.933,30.434,5.085,286.561,0.842,0.400,1.396,42.870,0,0,1.012
0.863,29.266,1.155,243.639,0.997,0.411,0.633,24.682,0,0,1.009
1.032,36.127,4.705,257.265,1.157,0.640,2.012,68.469,0,0,1.020
0.903,35.624,4.238,181.427,1.079,4.329,1.688,9.187,0,0,0.982
0.936,31.048,3.285,182.320,1.100,3.840,0.349,2.202,0,1,0.999
0.934,32.781,4.499,253.559,1.015,0.413,0.463,21.643,0,1,1.007
0.959,26.058,3.570,279.624,0.735,5.758,2.084,58.581,0,0,1.022
0.800,28.056,2.494,258.537,0.954,19.384,0.293,3.076,0,1,1.013
1.129,25.972,3.748,93.525,1.511,2.144,0.340,26.886,0,1,1.032
0.920,29.785,2.298,312.423,0.684,3.823,0.835,13.282,0,0,1.001
1.056,26.927,1.747,236.457,0.864,6.268,0.338,38.475,0,1,1.015
0.928,30.271,3.638,385.418,0.684,2.281,0.268,33.644,0,0,1.012
1.152,29.174,3.268,96.897,1.552,21.313,0.482,42.092,1,1,1.013
0.916,34.311,5.002,216.339,1.169,1.906,0.239,15.971,0,1,1.007
0.790,35.388,3.942,312.875,0.893,12.559,0.999,1.167,0,0,1.002
1.077,30.495,2.664,86.051,1.742,0.857,1.309,17.068,1,0,0.990
0.928,30.777,4.882,138.275,1.141,1.486,0.843,15.866,0,0,0.989
0.918,31.933,7.049,181.064,1.469,0.503,1.286,35.294,0,1,1.030
0.947,28.412,10.767,157.228,0.645,9.205,0.245,24.022,0,0,0.989
0.985,31.400,3.982,153.917,0.883,8.925,0.542,24.081,0,0,0.987
0.711,37.325,2.923,208.285,0.761,72.076,0.206,4.080,0,1,0.967
0.871,27.865,4.728,248.459,0.742,7.809,0.229,13.583,0,0,1.000
0.800,35.936,12.969,142.832,1.793,0.417,2.475,14.353,0,0,1.007
0.915,29.979,4.769,158.815,0.903,0.443,0.515,0.490,0,0,0.976
0.940,35.347,3.487,62.469,2.628,20.787,0.247,8.729,0,1,1.025
0.927,33.604,2.519,258.865,0.755,0.555,0.170,1.701,0,0,0.983
0.830,33.558,4.957,312.176,0.978,1.115,0.789,23.968,0,0,1.014
1.089,29.339,4.095,50.480,3.406,0.547,0.432,29.150,0,1,1.076
0.863,37.081,1.337,208.680,1.402,2.315,0.653,1.967,0,1,1.015
1.136,30.072,1.276,170.166,1.282,0.400,1.146,48.829,0,1,1.032
0.817,31.754,3.778,160.298,0.671,38.151,0.851,5.149,0,0,0.972
0.763,32.173,1.989,234.148,1.290,4.261,1.036,20.541,0,0,1.016
0.987,30.693,1.317,162.122,1.276,4.305,0.984,16.192,0,1,1.013
0.879,29.734,3.346,199.291,0.873,4.547,0.479,3.240,0,0,0.987
0.844,31.310,2.217,261.505,1.257,1.011,1.088,31.709,0,1,1.026
0.904,35.021,13.881,109.158,1.843,0.402,1.953,3.911,0,1,1.015
0.942,26.387,3.367,152.192,0.864,0.590,0.981,7.496,0,0,0.987
0.908,29.908,3.716,279.906,1.036,0.439,1.658,36.431,0,1,1.020
0.967,32.687,2.508,176.207,1.207,0.401,0.860,6.316,0,1,1.005
1.081,29.691,3.825,58.656,1.434,0.476,1.775,15.366,0,0,0.994
0.879,26.154,8.620,195.912,0.848,15.926,0.550,20.655,1,0,0.986
0.832,27.042,1.750,214.444,0.967,1.784,0.620,10.593,0,0,1.003
0.735,28.750,4.753,269.282,1.061,0.420,1.023,14.058,0,0,1.018
0.850,26.001,1.814,199.857,0.761,20.484,1.687,19.485,0,0,1.005
1.163,27.607,4.718,76.957,0.732,16.060,0.264,43.165,0,0,1.014
0.943,34.229,2.098,279.518,0.721,19.901,1.084,2.994,1,0,0.967
1.033,27.671,2.713,243.355,0.717,0.462,0.162,37.632,0,0,1.007
0.838,36.136,2.303,209.084,1.300,0.445,0.427,5.175,0,0,1.003
0.825,33.858,7.136,106.890,2.478,0.572,0.445,20.739,0,0,1.034
0.919,33.434,6.452,108.381,2.166,0.801,0.919,8.221,0,1,1.037
0.719,35.469,4.722,407.665,0.857,27.042,1.215,1.623,0,0,1.027
1.129,30.691,2.946,80.583,1.637,0.400,0.155,8.297,0,1,1.021
0.940,29.703,1.296,329.208,0.888,0.420,1.566,59.780,0,0,1.021
0.761,33.958,2.982,204.000,0.943,30.091,0.879,0.930,0,0,0.982
0.769,29.186,9.133,295.001,0.802,12.660,1.174,13.996,0,0,1.009
0.790,33.126,7.878,164.323,1.279,7.327,0.650,6.054,0,0,0.987
1.105,33.636,2.078,113.981,1.238,0.417,0.460,28.680,0,0,1.000
1.025,27.465,3.324,228.579,0.915,0.989,0.507,28.632,0,1,1.015
0.879,27.397,2.364,222.590,0.869,1.061,1.889,10.905,0,0,1.001
0.907,31.696,3.493,92.466,1.702,4.030,0.391,9.247,0,0,0.996
0.839,35.125,8.482,361.835,0.705,57.039,0.242,44.959,1,0,0.971
1.065,25.058,3.232,172.633,1.205,0.742,1.046,52.132,0,1,1.041
0.992,31.163,8.856,74.712,3.267,0.572,0.482,44.521,0,1,1.087
0.746,37.752,3.054,318.770,1.350,9.483,1.305,37.319,0,0,1.031
0.892,33.544,0.543,232.316,1.013,9.393,0.964,22.065,0,0,0.999
0.830,33.953,3.586,315.465,0.844,5.122,2.967,1.312,0,0,1.004
0.814,37.903,3.649,274.917,1.259,11.983,0.269,11.416,1,0,0.993
0.927,25.841,2.867,257.712,0.727,9.490,1.075,41.042,0,0,1.017
0.926,26.935,2.020,290.811,0.842,2.465,0.244,57.065,0,0,1.024
1.002,30.831,7.056,443.932,0.617,3.637,0.515,35.704,1,0,0.993
0.896,25.765,1.991,124.001,1.722,3.898,0.643,22.586,0,1,1.028
0.863,32.851,0.447,305.479,0.818,6.142,1.782,2.854,0,0,1.004
0.986,33.201,11.274,89.067,2.334,0.643,0.468,25.114,0,1,1.054
0.817,32.537,4.776,289.398,0.846,12.833,0.119,10.172,0,0,1.002
0.962,35.504,1.688,142.822,1.401,1.903,1.658,16.524,0,0,0.999
0.713,33.670,1.072,117.751,1.247,40.923,2.204,6.111,0,0,0.968
0.819,27.092,1.938,187.031,1.156,0.902,0.659,23.003,0,0,1.010
1.041,28.444,3.776,142.346,1.213,6.839,2.291,26.689,0,1,1.021
1.123,27.250,3.095,192.927,1.005,0.432,0.706,42.179,0,1,1.027
1.493,18.609,2.622,72.351,1.129,8.775,0.151,17.224,0,1,1.053
0.735,35.270,5.902,356.661,1.171,1.662,0.491,16.866,0,1,1.032
0.819,30.781,2.534,215.330,1.246,15.695,1.221,23.321,0,1,1.017
0.985,31.275,7.789,82.679,2.373,1.506,1.098,19.976,0,1,1.047
0.936,28.283,6.729,220.951,0.923,0.401,0.947,48.772,0,0,1.021
0.888,26.070,4.143,361.100,0.640,0.809,1.431,14.662,0,0,1.019
0.892,29.493,4.315,131.985,1.269,0.422,1.188,12.589,0,0,0.994
0.915,28.425,3.908,275.878,0.871,0.707,0.358,45.311,0,0,1.020
0.792,28.136,3.675,403.935,0.767,4.297,0.284,14.077,0,0,1.036
0.881,31.379,15.335,161.622,0.652,5.525,2.197,2.726,0,0,0.959
1.064,25.925,7.639,63.004,1.882,0.402,1.032,10.441,0,1,1.026
0.854,34.840,4.360,163.357,1.403,0.705,1.362,5.018,0,0,0.998
0.963,29.021,9.848,102.319,1.971,9.238,1.236,25.550,1,1,1.016
1.097,24.730,2.962,158.418,1.015,0.464,0.429,17.156,0,1,1.017
1.068,29.545,1.642,140.099,1.471,0.400,0.183,65.468,0,0,1.035
0.738,33.979,3.662,205.338,0.777,46.459,0.259,0.316,0,0,0.977
0.851,34.767,7.059,93.885,1.721,35.762,0.303,31.224,0,1,0.999
0.884,29.413,5.440,107.614,1.916,14.906,0.581,38.047,0,1,1.030
1.365,25.137,5.355,168.046,0.831,0.698,0.710,55.498,0,1,1.051
1.041,28.787,1.876,313.213,0.636,1.007,1.601,11.442,0,1,0.995
0.896,28.935,6.690,250.726,1.106,0.402,0.562,41.250,0,1,1.029
0.834,30.314,4.960,160.324,1.285,18.629,0.886,10.262,0,1,1.007
0.701,34.759,2.511,382.159,1.139,14.776,0.755,2.166,1,0,1.029
0.946,30.056,4.982,212.259,1.095,2.262,0.548,23.782,0,1,1.016
0.815,29.783,4.391,168.414,1.181,1.415,0.309,0.906,0,0,0.992
0.940,32.876,10.616,129.070,1.024,0.545,0.805,12.138,0,0,0.979
0.878,28.302,2.939,369.514,0.761,0.539,0.276,33.600,0,0,1.025
0.883,28.331,1.936,160.188,1.114,22.539,0.607,8.044,0,1,1.008
1.005,31.944,8.350,121.694,1.094,12.110,1.615,14.361,0,1,1.002
1.006,36.844,1.660,213.526,1.119,1.818,0.840,14.612,1,0,0.978
0.904,33.504,2.771,128.405,1.456,3.348,0.547,8.529,0,0,0.995
0.929,27.684,6.160,214.188,0.676,26.187,1.638,8.854,1,0,0.981
0.825,33.311,8.659,345.874,0.622,25.732,0.351,2.878,0,0,0.998
0.844,30.178,8.260,162.244,1.459,1.426,0.391,6.323,0,1,1.014
1.003,29.412,3.853,123.613,0.610,15.944,1.182,8.650,0,0,0.976
1.086,29.050,3.536,146.998,1.239,1.660,0.303,29.446,0,1,1.026
1.054,25.643,6.239,122.624,1.428,1.173,0.470,2.494,1,1,0.998
1.197,28.471,4.511,68.493,1.699,5.262,2.202,28.319,0,1,1.041
0.895,31.501,10.072,119.469,1.397,0.820,0.738,21.871,0,0,1.000
1.141,31.176,1.062,61.596,3.263,0.620,1.280,34.140,0,1,1.084
1.195,25.709,8.904,79.758,1.910,0.526,1.829,35.222,1,1,1.042
0.861,33.504,1.823,175.928,1.240,15.237,0.423,27.106,0,0,0.999
0.846,34.895,3.680,211.959,0.831,39.668,1.711,3.207,1,0,0.960
0.770,30.180,0.904,182.351,1.524,2.421,0.498,26.140,0,0,1.021
0.894,34.407,2.611,361.258,0.739,0.402,1.879,5.777,0,0,1.005
0.900,37.119,6.848,215.702,0.818,21.258,0.290,20.405,0,0,0.975
0.866,36.376,1.005,246.535,1.053,0.621,0.938,0.322,0,0,0.999
1.156,31.132,3.526,176.553,0.648,0.410,0.520,5.681,0,1,0.985
1.024,30.681,1.315,106.331,1.614,0.400,0.679,32.850,0,0,1.017
0.740,33.233,11.028,248.242,1.101,2.817,0.467,2.101,0,0,0.999
0.925,30.959,12.838,175.907,0.845,2.513,0.936,26.386,0,0,0.996
0.836,32.249,1.362,116.985,1.426,16.358,0.923,7.927,0,0,0.988
0.881,29.962,3.436,212.362,0.771,18.480,0.706,14.808,0,0,0.995
0.762,28.663,1.422,362.442,0.824,29.852,1.506,50.866,0,0,1.029
1.008,28.605,2.466,151.431,1.197,0.518,1.301,3.921,0,1,1.009
0.868,25.266,1.757,292.801,0.705,9.942,0.808,14.696,0,0,1.020
1.110,23.964,3.934,294.302,0.768,0.414,0.150,66.814,0,1,1.034
0.836,37.747,8.163,266.762,1.002,1.134,0.624,3.539,0,0,0.994
0.877,30.294,12.021,143.719,1.343,0.551,0.312,8.702,1,0,0.977
0.813,26.275,2.538,242.658,0.966,0.408,1.645,21.506,0,0,1.018
1.018,34.165,10.251,176.479,0.763,0.455,0.398,2.579,0,1,0.980
1.026,30.956,3.071,130.253,1.526,0.404,1.406,49.218,0,0,1.028
0.892,29.555,3.723,359.973,0.826,0.599,1.261,21.888,0,1,1.016
0.857,26.118,1.039,245.293,1.052,7.252,0.571,14.793,0,1,1.024
0.943,26.765,8.940,87.480,1.763,14.486,2.143,47.533,0,1,1.041
1.132,27.573,4.482,61.653,1.655,0.400,0.937,13.936,1,0,0.991
0.866,32.553,1.653,119.776,1.056,37.917,0.283,4.131,1,0,0.957
0.874,32.409,6.525,161.764,0.949,9.656,0.800,3.857,0,0,0.978
0.777,33.438,5.201,137.942,0.846,40.130,0.592,7.777,0,0,0.967
0.850,29.339,1.688,97.761,2.722,0.571,1.227,7.006,0,1,1.053
0.776,36.739,7.589,212.885,1.055,28.072,1.236,17.681,0,0,0.983
0.750,31.419,8.352,257.824,1.017,4.158,0.344,1.121,0,0,1.004
1.052,28.855,5.454,130.495,0.644,0.534,0.184,4.623,0,0,0.974
0.964,31.065,3.565,190.144,1.245,2.784,0.139,25.076,0,1,1.022
0.972,30.985,5.737,197.962,0.709,0.429,0.843,5.502,0,0,0.980
0.835,34.263,3.853,177.919,1.382,4.126,0.610,11.506,0,0,1.005
1.086,21.960,2.275,139.762,1.205,0.443,0.485,24.796,0,1,1.032
0.741,33.381,11.453,309.645,0.951,11.948,1.926,14.693,0,0,1.011
0.985,27.529,1.780,191.643,0.960,0.888,0.182,37.207,0,0,1.014
0.740,29.241,2.117,224.263,1.314,0.860,0.490,23.614,0,0,1.025
0.907,35.042,1.986,258.499,0.840,7.836,1.092,7.629,0,0,0.991
0.976,28.460,2.464,286.066,0.646,0.404,0.393,13.031,0,0,1.001
0.920,27.900,4.464,193.695,0.825,1.319,0.149,8.327,0,0,0.994
0.926,25.190,3.234,201.334,0.833,0.879,2.647,22.606,0,0,1.009
0.827,27.117,2.566,449.979,0.732,10.170,1.296,46.066,0,0,1.042
0.898,31.805,8.314,138.977,1.151,1.168,0.368,9.725,0,0,0.988
0.950,29.987,4.123,353.211,0.621,8.602,0.231,25.741,0,0,1.010
0.897,25.617,5.891,221.172,0.798,0.420,0.231,23.157,0,0,1.010
0.949,31.578,7.318,72.312,1.619,3.057,1.451,7.773,0,0,0.992
1.016,30.877,8.559,255.683,0.770,0.411,1.127,48.702,0,0,1.017
0.778,38.080,5.931,71.996,1.335,40.275,0.297,0.407,0,0,0.943
0.880,27.256,0.506,160.978,1.086,7.815,0.864,20.453,0,0,1.006
1.044,28.779,5.393,160.566,1.094,3.381,0.798,31.378,1,0,0.996
0.795,33.521,2.147,204.458,1.541,3.352,0.112,0.818,0,1,1.028
1.110,24.254,3.831,65.171,1.739,0.403,0.157,65.791,0,0,1.050
0.764,27.563,3.035,359.651,0.722,28.360,0.886,6.060,0,0,1.038
0.976,31.183,4.744,156.554,0.996,1.676,0.419,18.790,0,0,0.995
0.972,19.658,5.591,74.347,1.195,23.981,1.312,1.424,0,1,1.020
0.818,36.588,6.667,200.780,1.259,10.063,0.583,13.023,0,0,0.998
1.017,28.243,5.592,217.954,1.089,6.829,1.079,28.994,1,1,1.007
0.950,32.136,4.709,164.032,1.234,9.599,0.474,16.630,0,1,1.012
1.058,26.194,5.274,72.672,1.934,1.754,1.050,15.129,0,1,1.034
1.017,29.939,2.035,54.948,3.239,2.866,1.186,5.796,0,1,1.064
0.917,32.354,4.022,227.091,1.320,0.403,0.215,60.773,0,0,1.034
0.833,33.654,2.851,162.156,1.627,6.079,0.362,25.512,0,0,1.017
0.975,25.599,8.595,77.703,1.990,4.086,1.105,29.941,0,1,1.041
1.010,29.641,2.453,98.278,2.537,0.413,0.791,43.261,0,1,1.066
0.985,23.795,1.277,171.288,1.255,1.616,0.948,34.236,0,1,1.035
0.910,37.238,2.191,262.288,0.783,27.808,1.652,1.316,1,0,0.962
1.050,30.705,2.400,147.542,1.395,0.672,1.169,55.113,0,0,1.030
0.874,28.823,11.744,181.781,0.744,4.387,0.992,5.927,0,0,0.981
1.254,25.670,2.862,196.180,0.630,2.949,0.596,29.383,1,0,0.993
0.717,30.605,11.081,361.512,0.898,0.694,0.546,1.167,0,0,1.026
0.914,31.690,2.056,294.639,0.800,0.801,0.611,12.408,0,0,1.006
1.063,33.540,0.928,112.501,1.640,0.545,1.197,32.210,0,0,1.020
0.924,30.409,3.449,227.582,1.008,10.303,0.278,18.945,0,1,1.013
0.741,35.926,8.685,226.492,1.273,33.930,1.421,0.396,1,1,0.981
0.949,28.347,2.330,180.913,1.017,0.432,0.678,25.909,0,0,1.009
0.973,35.230,0.514,296.245,0.785,0.403,0.418,15.093,0,0,0.995
1.001,30.746,7.949,135.922,1.104,0.543,1.709,32.760,0,0,1.009
0.918,31.702,4.709,106.401,1.397,1.621,0.126,2.196,0,0,0.989
0.894,31.594,3.330,209.587,0.946,0.751,0.200,3.534,0,0,0.994
0.952,31.467,8.070,159.534,0.847,1.497,0.293,9.274,0,0,0.982
0.807,31.922,9.393,219.596,1.059,0.401,0.254,7.595,0,0,0.999
0.828,33.992,3.971,196.683,1.483,4.965,0.116,32.420,0,0,1.022
0.882,31.734,1.133,198.625,1.090,3.083,1.370,8.931,0,0,1.002
0.908,36.098,6.258,223.239,0.975,15.921,0.506,8.169,1,0,0.969
1.000,34.711,3.617,188.358,0.662,5.553,0.667,2.301,0,0,0.968
0.895,34.125,3.626,147.041,1.333,8.764,1.969,16.564,0,0,0.998
0.943,36.990,10.208,141.509,1.426,1.260,1.110,4.187,0,1,1.009
0.847,29.318,0.500,182.933,1.153,1.214,0.914,2.156,0,0,1.003
0.960,25.867,7.880,93.312,0.785,8.728,0.274,10.769,0,0,0.986
0.837,36.263,2.426,115.387,1.007,34.486,0.331,4.142,0,0,0.961
1.032,28.498,3.609,154.511,0.755,4.865,1.341,16.798,0,0,0.993
0.808,34.680,2.211,190.441,1.299,11.701,0.291,8.639,0,0,1.002
1.023,25.234,0.568,218.531,1.139,0.441,0.650,52.520,0,1,1.039
1.154,30.878,0.932,151.293,0.665,8.659,0.730,26.710,0,0,0.991
0.843,28.161,10.004,272.577,0.709,2.332,0.769,2.137,0,0,0.999
0.857,30.641,9.995,302.726,0.742,3.776,1.546,14.893,0,0,1.007
0.945,25.556,1.920,163.186,0.730,15.077,0.555,12.914,0,0,1.002
0.904,31.536,4.677,156.233,1.102,10.188,0.312,22.057,0,0,0.998
0.864,29.203,0.695,289.522,0.860,1.100,1.034,8.697,0,0,1.016
0.885,32.962,2.094,119.265,1.923,1.741,1.221,16.963,0,0,1.021
0.820,33.649,10.785,185.595,1.090,8.751,0.287,12.200,0,0,0.991
0.702,36.522,0.000,136.417,1.540,37.608,1.221,1.996,0,0,0.981
1.052,26.219,5.893,77.412,2.218,0.751,0.556,37.392,0,1,1.057
0.979,33.881,4.139,247.184,0.797,3.485,1.344,21.507,0,0,0.995
0.797,27.213,5.558,168.610,1.337,13.187,1.019,8.454,0,1,1.018
0.763,31.672,4.818,232.970,1.190,2.834,0.509,6.807,0,0,1.014
0.704,24.091,8.465,65.597,2.140,0.400,0.574,3.405,0,0,0.987
0.917,31.151,2.436,156.439,1.825,0.403,1.458,30.221,0,1,1.046
0.860,31.489,6.513,202.356,0.893,11.471,0.608,10.996,0,0,0.993
0.781,31.361,4.989,181.660,1.702,1.294,0.875,6.648,0,1,1.033
0.900,30.336,5.165,210.504,1.131,0.418,0.269,39.661,0,0,1.022
0.933,28.854,5.893,223.275,0.742,0.827,1.020,8.755,0,0,0.995
0.852,22.858,4.541,62.308,2.111,3.282,1.756,5.981,1,0,0.981
0.895,32.845,11.555,192.837,1.128,0.407,0.841,6.520,0,1,1.005
0.960,29.034,2.521,321.263,0.657,22.056,1.868,16.789,0,1,1.010
0.794,32.242,11.273,222.198,1.032,7.109,0.425,15.858,0,0,1.001
0.958,29.747,2.492,163.275,0.909,0.811,0.473,2.541,0,0,0.988
0.990,29.167,11.287,149.896,0.992,4.756,0.165,12.747,0,1,1.008
0.827,35.369,3.998,309.133,0.949,1.122,0.584,1.826,0,0,1.012
0.805,34.089,6.573,195.970,1.121,10.161,0.627,2.722,0,0,0.992
0.975,29.278,3.837,153.654,0.710,8.404,1.143,1.444,0,0,0.981
1.085,30.767,1.486,129.931,1.924,0.401,0.594,25.083,1,1,1.031
1.214,25.308,1.009,262.223,0.679,3.713,1.901,40.235,0,1,1.018
0.907,30.086,3.370,204.065,1.208,13.513,1.665,35.851,0,1,1.026
0.970,36.753,5.837,200.241,0.975,4.321,0.195,20.705,0,0,0.992
0.984,34.386,2.901,227.114,0.642,24.923,0.812,4.881,0,1,0.985
1.248,26.848,0.815,125.668,0.920,0.995,0.925,44.078,0,0,1.024
0.967,38.116,6.376,80.380,3.073,1.720,0.675,13.976,0,0,1.070
0.805,32.538,4.808,240.052,1.010,7.322,0.741,2.411,0,0,1.003
1.031,31.136,7.126,254.037,0.691,0.535,2.717,34.430,0,0,1.006
1.123,28.562,2.832,95.381,1.424,3.757,2.331,11.120,0,1,1.024
1.058,33.753,5.242,201.030,1.010,0.402,0.402,25.458,0,1,1.013
0.983,33.179,4.965,127.674,1.222,0.447,0.159,13.562,0,0,0.996
0.854,31.021,1.416,107.256,1.552,40.521,1.550,44.093,0,1,1.011
0.860,29.203,0.562,133.847,2.545,0.418,1.807,58.821,0,1,1.070
0.922,25.847,5.063,239.332,0.777,0.435,0.120,25.902,0,0,1.016
0.840,31.613,5.284,268.384,1.099,9.205,0.858,19.559,1,0,1.003
0.773,25.525,2.285,180.702,1.187,1.039,0.762,13.627,0,0,1.014
1.153,23.396,1.506,188.876,0.882,4.444,0.299,25.818,0,1,1.029
0.831,37.992,4.946,262.794,0.924,41.431,1.919,15.981,1,0,0.966
1.014,29.711,3.618,113.056,0.947,4.038,1.817,8.149,0,0,0.987
0.963,32.051,2.462,119.068,2.064,0.431,0.695,15.689,0,1,1.047
0.987,34.030,9.303,113.356,1.565,1.521,0.180,7.031,0,1,1.019
1.106,28.188,2.612,307.277,0.677,1.403,0.738,60.597,0,0,1.020
0.911,32.379,5.165,214.023,0.962,6.734,0.409,22.932,0,0,1.004
0.785,31.836,2.540,217.543,1.305,14.286,1.329,4.758,0,1,1.022
0.824,32.768,9.195,267.302,0.899,0.820,0.476,2.603,0,0,1.001
0.749,32.525,5.449,117.619,2.514,0.423,0.342,11.572,0,0,1.040
0.726,35.796,3.520,300.404,1.069,26.784,1.601,15.214,0,0,1.015
1.114,22.553,3.622,74.075,1.731,1.298,0.915,13.812,0,1,1.036
0.807,24.051,15.096,216.418,0.859,4.421,0.961,2.285,1,0,0.982
0.980,33.196,6.360,103.345,1.542,13.417,0.370,12.746,0,1,1.016
1.198,21.463,1.482,127.294,1.264,0.497,1.659,33.645,0,1,1.047
1.106,26.578,4.895,195.854,0.631,2.324,0.385,1.898,1,0,0.974
0.880,36.734,5.619,349.017,0.812,0.695,1.702,8.216,0,0,1.008
0.843,30.707,1.804,192.299,1.143,9.262,1.452,16.733,0,0,1.009
0.882,30.052,2.136,124.974,1.238,21.637,1.476,37.068,0,0,1.005
0.943,31.508,2.160,277.357,0.771,0.572,0.802,10.427,0,0,1.003
0.908,31.607,3.056,230.096,0.933,0.892,1.607,10.727,0,0,1.004
0.901,33.180,1.883,342.099,0.742,1.948,0.244,3.703,0,0,1.010
1.002,26.085,2.002,204.110,1.241,0.435,0.795,52.297,0,1,1.044
0.941,32.281,4.444,145.429,1.064,0.474,0.316,1.477,0,0,0.986
0.975,28.885,1.733,108.600,1.277,0.895,2.395,8.460,0,0,0.998
0.953,35.442,3.934,176.529,1.043,1.013,1.381,6.953,0,0,0.990
1.031,28.200,3.444,229.952,0.841,1.270,1.810,47.208,0,0,1.023
0.811,27.205,4.473,186.377,1.400,0.929,0.139,16.170,1,0,1.004
0.816,28.228,6.589,133.562,1.483,0.518,0.609,21.249,0,0,1.012
0.987,34.453,4.598,296.612,0.756,0.669,0.243,3.175,1,0,0.977
0.911,28.734,5.711,108.858,1.849,6.742,0.879,15.500,0,1,1.031
0.894,30.984,11.537,236.077,0.948,0.469,1.034,8.592,0,1,1.007
1.083,34.581,2.679,98.618,1.342,1.063,0.287,17.136,0,0,1.001
0.932,33.410,1.205,124.399,1.362,30.165,0.569,22.233,0,1,1.008
1.158,32.667,1.455,180.038,0.968,0.408,0.877,45.529,0,0,1.013
0.923,25.370,7.078,209.268,1.024,1.323,0.769,34.084,1,0,1.010
0.933,35.759,13.583,96.397,1.568,7.617,1.100,0.878,1,0,0.968
0.935,30.523,5.673,216.991,1.084,3.171,1.801,50.427,0,0,1.028
1.044,32.842,5.408,90.068,1.491,8.476,0.548,34.479,0,0,1.015
0.906,26.622,2.809,157.851,1.495,0.719,0.242,17.108,0,1,1.033
0.854,35.214,3.981,297.912,0.929,11.196,0.384,18.327,0,0,1.010
0.895,32.473,7.059,213.270,0.955,10.039,0.761,26.975,0,0,1.006
0.934,37.446,10.826,152.300,1.304,4.317,2.264,2.120,1,0,0.971
0.787,33.823,4.161,197.289,1.392,16.248,0.140,3.054,0,1,1.018
1.026,29.257,6.140,90.105,1.679,1.112,1.198,1.776,0,1,1.023
0.708,27.739,5.220,208.546,0.846,60.123,1.320,0.686,0,1,1.022
0.878,30.677,6.040,299.624,0.749,1.897,0.775,4.988,0,0,1.007
0.899,27.772,2.045,180.335,1.336,1.616,0.514,59.700,0,0,1.037
0.859,30.500,7.026,148.487,1.599,0.413,0.499,40.050,0,0,1.031
0.993,24.298,5.065,111.770,1.681,3.053,2.239,41.647,0,1,1.050
0.816,37.619,14.172,234.245,1.241,1.855,0.321,5.254,0,1,1.010
0.764,28.999,9.033,175.232,1.210,13.330,0.562,40.861,0,0,1.018
1.177,33.409,3.074,88.099,1.821,0.400,1.422,22.103,0,1,1.047
1.062,25.330,8.976,79.430,2.061,5.245,0.856,24.134,1,1,1.031
0.854,30.035,1.211,216.725,1.093,11.837,0.473,33.496,0,0,1.018
1.016,34.204,2.791,241.499,0.938,0.408,0.394,33.989,0,0,1.009
0.966,31.050,4.926,266.406,0.669,0.465,1.301,7.633,0,0,0.996
1.136,27.812,1.154,147.036,1.005,1.232,0.770,5.459,0,1,1.012
0.739,23.835,9.906,235.435,0.877,0.407,0.159,2.075,0,0,1.009
0.832,27.786,1.842,221.515,1.023,3.838,0.146,14.293,0,0,1.017
0.790,34.109,7.729,402.090,0.885,2.405,0.153,14.542,0,0,1.035
1.040,30.344,10.247,106.600,1.612,0.400,1.316,25.263,0,1,1.041
0.933,24.634,0.686,314.628,0.883,3.789,0.243,39.505,0,1,1.033
0.817,34.790,2.405,112.073,2.152,20.185,1.478,0.979,0,1,1.027
0.882,33.876,9.167,118.713,1.524,0.936,1.506,5.009,0,0,0.998
0.916,33.179,4.366,153.835,1.362,21.902,0.897,28.962,0,1,1.018
0.876,28.452,4.480,178.948,1.149,7.005,0.143,40.714,0,0,1.023
1.074,29.798,2.908,78.209,2.788,2.354,0.826,42.059,0,1,1.076
1.043,28.950,5.953,118.333,1.379,0.400,0.934,49.705,0,0,1.036
0.884,25.301,3.870,243.436,0.875,0.400,0.551,34.571,0,0,1.028
0.796,31.876,5.136,135.137,1.756,1.964,1.490,6.320,0,0,1.014
0.899,33.042,6.508,152.539,1.474,4.144,0.582,2.573,0,1,1.018
0.718,35.125,4.906,167.093,1.133,38.253,0.668,4.953,0,0,0.980
0.926,32.516,2.909,347.627,0.774,16.575,0.514,25.977,0,1,1.010
0.960,33.228,6.291,114.634,2.722,1.039,0.487,47.196,0,1,1.087
0.799,27.749,1.469,368.889,0.809,11.853,1.607,19.708,0,0,1.042
0.883,31.189,9.816,261.667,0.820,0.482,0.207,16.468,0,0,1.007
1.095,30.240,2.222,118.382,0.906,0.405,0.662,12.099,0,0,0.992
0.865,34.332,8.062,258.097,0.631,24.266,0.634,1.100,0,0,0.984
1.157,28.678,5.586,79.259,1.637,0.621,0.735,16.757,0,1,1.040
0.785,31.907,4.903,287.697,1.018,9.557,2.126,19.763,0,0,1.024
1.178,24.988,3.148,57.715,1.492,1.620,0.250,41.119,0,0,1.037
1.117,28.703,4.540,104.408,1.684,1.114,1.046,31.881,0,1,1.050
0.847,29.597,1.185,280.368,0.997,0.580,0.848,22.473,0,0,1.027
0.891,30.776,5.434,182.151,1.407,0.476,0.804,12.403,0,1,1.028
0.874,27.758,1.618,125.619,1.960,0.666,1.378,66.608,0,0,1.047
1.099,27.348,3.043,81.306,2.435,1.581,0.346,47.525,0,1,1.071
0.830,35.974,1.444,431.040,0.864,0.505,0.956,7.858,0,0,1.039
1.007,24.527,7.911,165.434,1.442,1.007,0.976,42.953,1,1,1.036
0.989,29.726,1.828,243.657,0.908,0.400,0.684,36.775,0,0,1.019
0.864,30.751,3.891,144.381,1.715,1.794,1.146,38.308,0,0,1.032
0.898,33.251,1.131,429.601,0.729,0.461,0.354,12.857,0,0,1.028
0.902,31.170,0.923,161.441,2.190,1.669,0.889,59.967,0,1,1.068
0.845,27.063,1.244,385.402,0.701,19.840,1.456,24.557,0,0,1.041
0.889,34.432,13.284,204.407,0.958,1.314,0.667,16.010,0,0,0.996
1.042,27.522,5.784,87.827,1.821,12.496,0.517,9.148,1,1,1.013
0.908,28.948,3.324,198.072,0.875,12.304,0.474,20.643,0,0,1.008
1.033,35.311,0.824,130.262,1.681,0.830,1.613,29.897,0,0,1.026
0.957,33.853,4.418,264.770,0.808,0.400,2.128,14.993,0,0,1.001
0.959,33.806,3.032,333.904,0.848,4.572,1.082,17.304,1,0,0.997
0.903,30.136,2.970,179.047,1.103,1.966,0.681,13.411,0,0,1.008
0.917,32.528,1.938,297.732,0.691,23.160,1.324,19.138,0,0,1.006
1.046,28.690,9.559,88.596,2.209,5.402,1.500,58.559,0,1,1.077
0.765,32.547,6.821,171.649,1.485,3.276,0.780,3.208,0,0,1.010
0.873,32.443,13.242,77.300,2.500,21.235,1.836,9.852,1,1,1.009
1.020,25.857,6.064,149.140,0.687,0.788,0.434,6.129,0,0,0.993
0.790,26.162,2.546,295.385,0.805,16.775,2.201,13.195,0,0,1.033
1.010,30.610,1.984,282.323,0.647,0.901,0.637,12.159,0,0,1.001
0.865,31.252,9.361,146.235,1.643,0.467,0.977,5.366,0,1,1.026
1.037,29.370,2.296,236.618,0.820,4.704,0.545,42.658,0,0,1.019
0.942,26.938,6.007,254.407,0.775,1.947,0.241,34.956,0,0,1.024
0.932,28.784,9.871,93.511,1.284,6.049,1.027,26.660,0,0,1.009
0.894,30.897,4.474,90.203,2.695,10.023,1.060,27.642,0,1,1.056
0.883,28.053,0.922,230.429,1.128,5.794,0.156,9.286,0,1,1.027
1.137,21.179,2.029,156.343,0.935,4.648,0.260,36.128,1,0,1.019
0.837,27.216,6.125,105.568,2.279,0.808,0.398,12.435,0,1,1.043
0.801,34.192,7.860,286.115,0.941,7.549,0.586,3.801,0,0,1.010
1.111,24.081,2.632,92.786,1.800,1.103,1.489,33.460,0,1,1.053
0.881,35.840,2.035,204.054,1.442,11.895,1.315,16.852,1,0,1.000
0.792,30.961,4.568,329.896,0.976,0.440,0.858,17.313,0,0,1.035
0.986,32.925,1.844,200.229,0.667,12.705,1.345,3.056,0,0,0.983
0.889,33.918,4.102,260.893,0.714,17.674,0.593,1.580,0,0,0.993
0.984,29.826,1.274,168.874,1.122,1.109,1.855,25.951,0,0,1.015
0.913,28.680,5.617,169.585,1.424,1.289,0.244,21.255,0,1,1.034
0.813,37.735,13.686,196.328,1.360,2.850,0.260,11.112,0,0,1.006
0.981,32.207,3.487,246.458,0.646,8.388,1.392,7.470,0,0,0.992
0.981,27.859,4.696,172.495,1.202,4.453,0.948,22.737,0,1,1.030
0.997,33.996,8.446,133.337,1.327,0.439,1.563,28.652,0,0,1.016
0.956,32.448,6.061,149.730,1.277,22.814,0.488,8.491,1,1,0.994
0.862,28.620,8.574,175.241,0.919,4.030,0.226,4.699,0,0,0.995
0.876,32.199,10.776,238.838,0.881,14.010,1.550,5.233,1,0,0.981
1.022,29.949,1.018,219.739,0.937,0.803,1.853,7.679,1,0,0.989
0.904,28.006,6.270,129.518,1.080,9.467,0.312,22.897,0,0,1.007
0.780,29.840,1.364,237.786,1.375,1.850,0.429,3.768,0,1,1.038
1.012,25.404,0.753,140.588,1.371,6.600,1.255,21.003,0,1,1.035
0.812,32.218,6.671,190.872,1.591,0.893,0.680,8.992,0,1,1.036
0.825,35.831,1.955,329.685,0.780,33.257,0.452,11.449,0,0,1.008
0.804,35.547,3.261,311.617,1.148,0.933,1.028,17.114,0,0,1.034
0.900,34.874,3.919,276.755,1.114,1.767,2.187,12.425,1,0,1.003
0.807,34.887,5.731,357.183,0.996,0.870,1.512,6.026,0,1,1.028
0.887,30.519,2.957,270.360,0.897,0.451,0.190,12.735,0,0,1.017
0.954,33.352,5.940,140.847,1.300,14.350,1.077,13.430,0,1,1.015
0.977,34.953,2.685,142.306,1.063,3.263,0.353,1.124,0,0,0.986
0.860,36.433,6.388,442.107,0.709,0.887,0.180,0.000,0,0,1.024
0.875,26.826,0.872,257.411,1.139,2.560,0.934,28.240,0,1,1.038
0.886,34.176,5.628,247.713,0.946,1.529,0.752,7.855,0,0,1.005
0.955,30.719,3.766,176.671,0.964,0.706,0.907,9.230,0,0,1.000
0.928,34.175,5.210,341.631,0.617,16.022,1.034,11.186,0,0,1.002
1.018,25.404,1.366,362.713,0.734,0.459,0.156,40.103,0,1,1.025
1.039,31.108,2.177,81.433,1.786,15.572,0.437,14.414,0,1,1.030
0.888,34.840,10.030,97.043,2.132,10.457,0.595,2.310,0,1,1.031
0.892,29.945,3.993,359.080,0.776,0.486,0.999,23.957,0,0,1.029
1.322,28.582,7.470,72.760,1.248,0.413,1.338,26.268,0,1,1.052
0.731,34.765,3.526,161.096,1.641,32.551,1.071,10.565,0,1,1.015
0.825,34.009,3.706,177.500,0.901,29.357,0.631,2.638,0,0,0.985
1.131,29.554,1.820,179.923,0.806,15.704,1.047,55.532,0,0,1.022
1.076,26.319,1.867,213.639,0.647,8.446,1.284,29.017,0,0,1.016
0.960,26.060,4.866,251.266,0.674,8.695,0.553,27.286,0,0,1.022
0.884,33.559,2.331,182.863,1.308,1.254,0.441,10.407,0,0,1.014
1.038,29.073,3.036,270.128,0.620,0.697,0.822,17.279,0,0,1.005
0.874,32.905,8.270,122.509,0.930,17.843,1.243,0.622,0,0,0.974
0.903,34.658,5.702,181.195,1.494,2.974,1.334,13.920,0,1,1.032
1.130,30.091,5.136,65.818,2.704,0.449,0.280,31.140,0,1,1.079
0.939,31.107,1.528,287.673,0.635,20.775,0.240,10.726,0,0,1.007
0.877,35.130,4.444,207.860,1.101,2.070,0.464,2.098,0,0,1.002
0.864,33.860,5.931,309.848,0.807,2.838,0.426,1.015,0,0,1.009
0.790,31.741,10.201,152.936,1.734,0.401,0.304,29.067,0,0,1.031
0.964,31.024,3.330,190.977,1.523,0.695,1.590,43.857,0,1,1.050
1.052,31.193,12.945,66.630,3.274,0.897,1.162,50.181,0,1,1.109
0.913,35.844,5.914,206.593,0.713,21.665,0.256,6.759,0,0,0.979
0.963,35.639,2.818,340.267,0.767,0.846,0.429,19.791,0,0,1.009
0.802,31.451,8.526,126.703,2.579,0.523,0.451,25.473,0,1,1.070
1.051,26.788,5.562,147.523,1.151,0.458,0.708,59.934,0,0,1.046
0.953,30.453,4.207,154.532,1.112,0.977,2.098,14.939,0,0,1.006
0.950,32.755,5.572,326.302,0.615,1.807,0.450,2.950,0,0,1.000
1.025,35.813,5.706,215.266,0.828,11.319,0.363,34.008,0,0,0.999
0.931,30.434,0.996,292.785,0.765,0.484,1.164,4.724,0,0,1.012
0.834,28.956,3.341,423.495,0.734,1.069,0.291,4.965,0,0,1.045
1.204,28.424,0.732,238.195,0.819,0.410,0.938,65.768,0,0,1.031
1.010,29.715,4.850,232.057,0.859,0.760,1.694,8.812,0,1,1.012
0.921,33.256,0.921,252.784,0.654,36.652,1.731,21.103,0,0,0.998
0.999,29.900,1.279,180.645,1.261,11.895,1.256,36.347,0,1,1.034
0.950,31.360,5.893,136.850,1.382,0.401,1.557,25.634,0,0,1.019
0.975,30.100,1.612,156.865,1.743,1.341,1.224,38.346,0,1,1.053
1.013,27.239,2.839,140.293,1.208,0.443,1.311,39.736,0,0,1.029
0.863,33.495,3.135,169.201,1.768,0.585,0.766,6.770,0,1,1.044
1.129,30.534,3.671,114.694,1.119,24.114,1.404,13.438,1,1,1.001
0.953,36.729,8.071,239.599,0.671,3.117,1.472,0.000,0,0,0.976
0.882,28.432,3.516,277.471,0.889,0.479,1.297,23.534,0,0,1.026
0.927,32.940,1.732,100.772,2.971,0.684,1.340,15.694,0,1,1.085
0.981,27.534,2.308,370.569,0.649,0.499,1.638,2.916,0,1,1.014
1.104,23.492,4.788,111.069,1.760,0.845,0.929,24.852,1,1,1.035
1.353,21.977,1.514,90.732,1.515,2.144,0.790,65.078,1,0,1.053
0.970,27.334,0.485,290.264,0.757,2.741,1.310,27.139,0,0,1.024
0.911,34.181,3.935,128.093,2.241,5.658,0.586,24.649,1,0,1.026
1.076,28.667,2.544,68.803,1.286,0.000,0.261,2.692,0,0,0.997
0.847,28.215,5.463,171.960,1.104,3.154,0.915,9.906,0,0,1.008
0.978,32.352,3.359,278.613,0.765,0.414,0.650,17.615,0,0,1.008
0.923,38.091,7.896,131.440,1.430,17.624,0.432,8.338,0,1,1.008
0.976,33.523,2.042,184.718,0.872,19.601,0.914,0.442,0,1,0.999
0.892,32.181,1.895,280.800,0.937,0.554,0.831,13.658,0,0,1.020
1.352,25.365,4.391,105.391,0.705,2.827,2.022,42.397,0,0,1.041
0.994,30.271,7.454,118.634,2.141,0.418,1.314,19.169,1,1,1.040
0.952,28.555,1.946,183.839,1.169,1.409,0.212,5.284,1,0,0.996
0.961,32.424,1.494,170.238,1.214,9.908,0.115,5.197,0,1,1.017
1.160,27.309,5.082,58.432,1.952,0.444,1.226,6.980,0,1,1.043
0.952,29.387,3.364,141.316,1.888,0.570,0.522,46.115,1,0,1.030
0.878,31.059,3.667,338.547,0.667,23.598,0.722,12.885,0,0,1.020
1.137,23.302,2.048,74.594,1.876,0.407,1.315,13.453,0,1,1.045
1.247,29.285,4.162,124.382,0.936,0.400,0.899,46.105,0,0,1.033
0.857,29.089,0.991,164.841,1.792,3.318,1.023,26.873,0,1,1.049
1.012,30.012,1.025,140.080,0.873,7.171,0.618,3.587,0,0,0.992
0.885,36.044,4.293,205.885,0.760,26.123,0.802,3.887,0,0,0.981
1.057,27.070,2.597,151.314,1.187,0.782,1.418,54.043,0,0,1.040
1.013,35.023,2.941,76.526,2.617,3.552,1.230,21.502,0,0,1.051
0.904,28.578,3.687,161.528,1.137,0.949,1.165,12.755,0,0,1.011
1.015,27.289,0.879,207.423,1.028,0.409,1.145,8.191,0,1,1.023
0.913,29.562,4.554,211.820,1.305,0.403,0.660,28.377,0,1,1.040
0.804,31.975,2.777,194.061,1.741,0.406,0.585,12.544,0,1,1.050
0.950,34.782,1.169,212.018,1.117,4.848,0.770,22.157,0,0,1.012
0.860,34.098,1.617,161.013,1.344,36.753,0.892,0.300,1,1,0.992
0.882,23.854,4.281,65.252,2.586,8.987,0.801,31.286,0,1,1.044
0.918,28.237,2.287,280.239,0.862,7.539,1.487,41.055,0,0,1.031
1.336,24.569,1.391,66.331,2.360,0.741,2.020,33.461,1,1,1.058
0.897,25.772,2.052,149.514,1.656,1.895,2.047,27.119,0,1,1.046
1.146,27.922,8.127,222.852,0.757,3.080,2.175,40.042,0,1,1.034
0.818,27.135,3.394,219.434,0.624,50.941,0.189,44.818,0,0,1.028
0.841,27.660,1.369,205.251,1.138,20.075,1.739,20.624,1,0,1.007
0.945,33.131,5.355,139.958,1.353,0.550,0.219,14.459,0,0,1.011
0.911,31.461,4.938,131.226,1.869,0.410,2.016,5.342,0,1,1.041
0.955,30.202,3.666,133.073,1.420,0.850,1.851,26.059,0,0,1.022
0.785,32.405,5.534,124.682,1.349,21.362,1.881,2.769,0,0,0.991
0.742,32.215,5.343,243.077,1.375,8.853,0.720,4.017,0,1,1.035
1.036,27.765,1.758,156.093,0.818,2.239,2.250,7.153,0,0,1.000
1.059,31.644,5.855,167.947,0.776,0.400,1.178,17.165,0,0,0.998
0.952,29.707,5.626,172.823,1.185,1.947,0.944,9.300,1,0,0.995
0.836,34.071,10.437,133.404,1.674,0.909,0.781,7.116,0,0,1.013
0.836,34.363,4.718,168.110,1.633,2.009,0.663,15.137,0,0,1.027
1.058,33.293,2.053,82.429,2.425,1.299,1.594,6.873,0,1,1.063
1.073,29.269,5.681,83.022,2.815,2.166,0.810,58.857,0,1,1.092
0.934,28.182,4.247,224.060,0.945,21.042,0.442,37.083,1,0,1.009
0.832,24.710,1.035,128.739,2.140,0.400,0.678,47.605,0,1,1.060
0.930,30.511,9.676,160.460,0.936,1.205,0.596,10.674,0,0,0.998
0.898,29.691,1.264,206.541,1.278,0.430,0.636,40.515,0,0,1.035
0.838,27.890,9.128,172.228,1.114,0.988,0.231,18.875,0,0,1.014
0.928,30.893,5.038,261.357,0.916,0.404,0.396,28.412,0,0,1.023
1.047,32.447,2.278,110.697,1.244,16.402,0.616,13.280,1,0,0.983
0.765,34.561,4.910,369.733,0.891,20.167,0.111,6.878,0,0,1.033
0.987,32.557,3.436,245.208,1.055,2.969,0.501,2.832,1,1,1.000
0.913,28.507,5.739,99.305,2.277,1.456,1.216,14.382,0,1,1.052
0.860,29.392,5.218,378.972,0.678,7.618,0.372,1.189,0,0,1.031
1.052,32.133,1.441,151.493,0.881,1.573,1.937,6.913,0,0,0.992
0.856,36.031,4.438,202.328,1.252,1.717,0.848,1.203,0,0,1.010
0.855,28.339,3.698,182.269,1.152,0.440,0.358,10.368,0,0,1.015
0.994,27.456,3.067,108.183,1.134,2.027,2.278,7.839,0,0,1.003
0.898,31.650,2.249,184.890,0.747,32.333,0.844,15.438,0,0,0.998
1.005,25.146,0.711,140.678,1.125,8.308,0.969,51.168,0,0,1.036
0.813,30.917,3.431,369.514,0.864,3.761,1.122,10.885,0,0,1.040
1.098,27.488,1.405,114.707,2.208,1.044,1.196,38.100,1,1,1.051
0.731,34.243,7.919,211.811,0.951,42.536,0.199,19.271,0,0,0.995
1.146,28.011,1.391,172.799,1.167,0.400,0.257,68.789,0,0,1.048
0.849,24.687,1.791,293.383,0.704,17.333,0.545,0.645,0,0,1.036
1.265,26.484,11.959,150.336,0.767,0.474,2.030,40.397,0,1,1.057
0.949,31.036,1.795,168.068,1.078,22.457,1.938,10.595,0,1,1.017
1.020,25.280,3.994,277.170,0.752,0.546,0.302,56.497,0,0,1.041
0.902,30.766,2.038,172.141,1.507,1.051,0.936,4.091,0,1,1.035
0.902,29.990,2.469,164.002,1.851,0.417,0.484,35.946,0,1,1.059
0.847,32.075,9.965,365.547,0.775,1.580,0.559,14.628,0,0,1.027
0.878,36.044,7.926,240.977,0.978,43.704,0.896,28.108,1,1,0.984
0.959,26.984,5.930,153.203,1.232,2.558,0.850,57.241,0,0,1.045
0.865,33.644,5.497,155.591,1.491,3.342,0.687,13.019,0,0,1.017
1.069,24.473,1.422,119.265,1.352,4.423,1.531,30.177,1,0,1.014
0.790,30.607,8.279,231.138,1.370,1.880,0.252,17.197,0,1,1.039
0.738,34.350,6.431,279.676,1.412,1.253,0.438,30.191,0,0,1.050
1.358,28.934,1.767,124.272,1.212,0.407,0.493,49.123,1,0,1.027
1.173,35.374,3.715,105.078,1.632,0.409,1.006,22.903,0,1,1.047
1.027,35.189,6.090,119.892,1.330,5.060,1.004,2.225,0,1,1.015
1.019,25.106,1.039,200.605,0.969,3.060,0.626,56.914,0,0,1.041
0.876,28.969,3.360,158.797,1.639,13.083,1.460,43.339,0,1,1.047
1.050,31.995,6.000,153.488,0.845,18.707,0.768,17.951,1,0,0.982
0.758,25.867,6.451,176.679,0.790,32.612,0.121,11.241,0,0,1.015
0.943,32.239,5.519,323.092,0.622,26.389,1.997,0.069,1,0,0.992
0.972,27.366,3.852,274.805,0.779,24.946,0.609,39.914,0,1,1.032
0.700,36.665,6.304,242.551,1.587,2.500,0.594,0.297,0,0,1.042
0.932,28.084,4.710,285.498,0.658,7.172,1.301,6.907,0,0,1.016
0.843,27.124,6.972,326.180,0.793,6.793,1.846,34.075,0,0,1.040
0.883,21.241,8.055,223.309,0.994,2.808,0.994,34.851,0,1,1.049
0.925,32.341,12.390,241.383,1.082,5.061,1.908,64.374,0,0,1.047
0.720,28.705,4.267,92.938,1.847,19.431,0.656,12.015,0,0,1.003
0.836,36.289,6.230,211.815,1.227,3.015,0.694,1.145,0,0,1.010
0.914,29.689,9.863,175.463,0.890,0.400,2.188,7.423,0,0,0.998
0.766,27.412,0.000,393.604,0.897,0.436,0.374,9.473,0,0,1.062
0.869,29.852,5.679,191.084,0.839,42.456,1.931,24.877,1,0,0.994
1.091,29.394,10.769,193.868,0.744,0.803,1.433,17.408,0,1,1.017
1.154,28.328,5.973,92.110,1.921,0.432,0.246,40.313,0,1,1.072
0.889,27.695,7.087,302.697,0.744,1.253,0.771,16.782,0,0,1.026
0.866,30.477,4.368,268.892,0.720,31.822,1.170,25.882,0,0,1.018
0.861,21.236,3.663,185.377,0.866,0.468,0.590,0.392,0,0,1.015
1.027,32.924,7.296,141.422,0.727,2.779,0.999,3.958,0,0,0.980
0.903,30.858,7.986,229.483,1.026,0.420,1.384,32.132,0,0,1.027
0.985,30.892,1.386,214.327,0.988,2.544,0.754,27.013,0,0,1.019
1.158,24.916,2.860,117.069,1.486,0.400,2.099,32.883,0,1,1.055
0.935,35.207,6.956,230.193,1.069,1.921,0.758,4.414,1,0,0.991
0.825,30.395,2.379,308.397,0.894,28.623,0.480,6.147,1,0,1.015
1.025,25.865,4.109,172.148,1.195,0.496,1.375,38.416,1,0,1.021
0.941,35.124,3.134,161.646,1.228,2.916,0.119,6.656,0,0,1.005
0.886,26.124,4.562,209.410,0.923,0.740,0.970,14.654,0,0,1.020
0.754,32.275,14.015,289.631,0.688,58.558,0.969,2.573,1,0,0.991
1.013,33.385,3.451,133.372,1.264,0.486,1.557,14.862,0,0,1.010
1.028,32.585,3.399,90.933,1.525,10.772,1.209,27.550,0,0,1.017
0.901,28.459,4.713,156.982,1.114,1.518,0.461,9.033,0,0,1.009
0.897,35.229,11.225,350.115,0.710,15.421,0.150,2.190,1,0,0.989
0.995,31.343,1.791,337.509,0.764,1.105,0.956,8.652,1,0,1.002
0.811,30.432,7.709,193.933,1.192,1.413,1.301,8.208,0,0,1.014
0.839,31.469,5.041,116.760,2.171,8.414,2.141,3.427,0,1,1.044
1.059,26.538,2.973,381.855,0.726,3.293,0.209,56.729,1,0,1.020
0.869,28.669,8.668,409.692,0.630,2.869,1.443,3.989,0,0,1.034
0.830,28.072,8.125,196.580,1.227,5.581,0.404,10.903,1,0,1.004
1.001,29.338,3.628,242.119,0.757,0.400,0.169,18.294,0,0,1.013
1.018,26.657,5.303,83.108,1.790,19.604,1.639,5.929,1,1,1.014
0.816,35.467,10.834,259.200,0.971,7.664,0.379,4.380,0,0,1.006
0.876,30.617,5.685,170.184,1.726,7.209,0.549,43.976,0,1,1.055
0.977,27.080,1.510,129.970,1.876,0.826,0.161,33.081,0,1,1.057
1.007,27.775,3.371,106.481,1.255,0.400,1.537,14.137,0,0,1.012
0.988,28.267,1.717,158.292,1.038,14.333,1.003,43.023,0,0,1.026
0.918,29.769,7.019,215.495,0.810,2.593,0.681,5.477,0,0,1.004
0.966,29.061,6.219,321.275,0.634,0.411,0.372,15.223,0,0,1.018
0.743,36.992,6.507,218.587,1.165,42.481,0.276,12.216,0,1,1.003
1.155,27.725,4.920,98.893,2.182,1.639,1.106,65.522,0,1,1.090
0.844,37.171,5.095,225.365,1.290,0.501,0.441,4.620,0,0,1.021
0.951,35.645,5.795,208.640,0.893,1.327,0.416,3.827,0,0,0.994
0.745,32.630,6.553,140.189,2.806,0.561,0.168,20.462,0,1,1.086
0.933,26.930,2.585,356.902,0.787,0.880,0.914,51.273,0,0,1.043
0.898,23.211,1.409,378.476,0.757,3.125,2.290,2.983,1,0,1.034
0.813,34.610,1.231,198.929,1.759,0.739,0.798,2.180,0,1,1.054
0.876,33.880,7.241,149.859,1.558,2.902,2.308,18.482,0,0,1.023
1.064,32.199,5.589,176.472,0.898,1.903,0.649,29.357,0,0,1.013
0.997,32.559,3.934,125.571,2.093,0.631,0.438,56.661,0,0,1.062
0.856,34.098,13.020,121.700,1.733,7.329,0.246,26.443,0,0,1.024
0.908,27.897,7.866,136.627,0.732,19.033,0.390,6.679,0,0,0.997
0.992,29.880,6.584,202.338,0.801,0.437,1.893,17.104,0,0,1.009
0.865,35.067,2.639,142.536,1.056,27.508,1.649,5.732,0,0,0.987
0.923,29.428,2.026,279.708,0.776,0.418,1.196,1.781,0,0,1.016
0.862,25.678,1.039,129.829,2.188,0.765,0.118,49.337,0,1,1.066
0.831,27.485,5.870,168.585,1.562,0.400,0.721,6.892,0,1,1.038
0.875,27.986,6.154,391.987,0.665,7.005,1.955,13.125,0,0,1.039
0.985,37.426,5.361,113.168,1.743,14.140,0.368,13.501,0,1,1.032
0.890,29.552,4.506,136.103,1.262,2.662,0.189,3.219,0,0,1.006
1.028,27.034,1.052,71.123,3.278,5.198,2.421,63.246,0,1,1.083
1.088,28.743,6.954,171.812,0.932,1.923,1.652,49.879,0,0,1.039
0.786,31.749,0.849,206.956,1.396,3.844,2.338,7.453,0,0,1.031
0.707,31.452,14.716,268.358,1.144,0.873,1.285,8.060,0,0,1.024
1.005,30.928,1.411,252.119,0.655,18.312,0.630,20.775,0,0,1.009
0.884,34.238,3.487,113.637,1.417,43.377,0.992,33.268,0,1,1.011
1.000,26.472,9.355,159.123,0.718,1.482,1.419,14.562,0,0,1.008
1.096,31.900,4.430,140.127,1.304,2.101,0.888,47.005,0,0,1.038
0.825,32.643,3.171,257.881,1.034,6.465,0.638,3.800,0,0,1.022
0.778,32.616,8.252,242.020,1.169,0.516,0.293,2.867,0,0,1.021
1.027,29.115,5.220,153.363,1.108,22.216,0.211,6.719,1,1,1.006
0.998,26.182,3.023,181.585,1.101,3.188,0.978,7.024,0,1,1.029
0.812,30.901,2.902,233.798,0.992,23.747,1.166,25.145,0,0,1.022
1.047,33.536,9.747,272.505,0.811,0.944,0.253,29.372,1,0,1.000
1.044,20.475,1.627,264.855,0.629,0.610,1.321,31.416,0,0,1.040
0.803,37.742,7.290,214.551,1.403,5.031,0.205,4.935,0,0,1.021
1.116,29.869,2.134,76.896,2.296,3.347,0.500,21.388,0,1,1.064
0.854,32.983,10.335,180.190,1.486,1.019,0.819,7.082,1,0,1.005
0.873,28.542,3.129,206.803,1.027,14.110,0.311,36.945,0,0,1.029
1.010,34.671,5.456,102.037,1.876,4.757,1.430,4.898,0,1,1.041
0.870,32.596,1.934,222.201,1.079,4.648,0.694,4.654,0,0,1.017
1.233,29.883,1.633,196.871,0.778,3.428,0.746,51.097,0,0,1.027
0.938,31.717,2.021,170.396,1.286,13.039,0.845,9.985,0,1,1.027
1.071,30.794,3.029,103.382,1.264,14.863,0.883,7.115,0,1,1.023
0.787,28.854,4.347,174.540,1.419,3.965,1.520,22.387,0,0,1.030
0.922,32.534,2.265,423.880,0.702,19.477,0.999,35.633,0,0,1.028
0.904,30.011,2.820,347.218,0.665,12.193,0.180,3.160,0,0,1.027
0.964,28.863,6.385,186.526,1.180,0.402,1.642,12.968,0,1,1.031
1.223,23.990,4.066,160.733,0.720,0.610,2.703,42.823,0,0,1.042
0.927,27.423,6.650,69.018,1.701,27.709,0.419,20.593,0,1,1.030
0.941,31.561,9.353,154.228,1.384,13.588,2.090,68.580,0,0,1.048
0.899,25.045,4.925,313.901,0.653,15.121,0.357,23.440,0,0,1.041
0.850,30.235,6.987,185.683,1.386,2.473,0.958,5.976,1,0,1.006
0.878,30.002,4.229,267.954,0.893,0.480,0.227,7.319,0,0,1.022
1.149,29.026,1.567,58.622,2.986,0.461,0.475,23.144,0,1,1.085
0.733,33.333,8.544,249.561,0.958,30.041,1.090,4.885,0,0,1.010
0.853,29.980,4.643,250.278,1.225,0.400,1.360,16.377,0,1,1.041
0.830,30.811,2.065,214.623,1.172,2.566,1.703,3.155,0,0,1.023
0.783,34.146,5.435,213.089,1.440,0.766,1.505,5.792,0,0,1.032
0.865,33.043,3.015,230.456,1.045,10.503,1.474,12.796,0,0,1.018
0.814,32.912,3.517,166.318,0.836,40.259,0.247,6.067,0,0,0.993
0.949,26.742,1.745,324.453,0.708,13.932,1.292,40.050,0,0,1.038
0.808,34.047,1.203,434.052,0.872,3.280,0.348,3.639,0,0,1.056
0.880,25.917,1.168,120.881,1.819,10.502,0.454,16.715,0,1,1.044
0.911,31.137,10.153,137.592,1.123,2.231,1.028,8.212,0,0,1.001
0.944,27.099,5.972,197.582,0.769,2.020,1.241,1.952,0,0,1.006
0.965,32.117,4.512,150.146,2.117,1.041,1.336,50.916,0,1,1.079
0.725,34.166,3.855,242.886,0.781,65.360,0.201,25.175,0,0,1.001
1.254,20.391,1.362,81.500,2.052,0.421,0.183,64.762,0,1,1.090
0.871,36.085,4.177,171.836,1.135,25.289,0.511,19.699,0,0,0.999
0.961,30.862,4.942,93.583,2.654,5.084,0.527,30.224,0,1,1.075
0.909,33.824,3.326,119.624,2.262,0.424,0.487,25.669,0,0,1.055
0.997,34.042,3.819,297.718,0.652,0.400,0.610,6.002,0,0,1.002
0.911,29.872,5.778,285.496,0.923,1.471,0.622,9.116,0,1,1.027
1.052,25.289,10.896,155.452,0.724,22.319,1.779,20.296,0,1,1.039
0.937,35.671,11.865,88.294,1.012,27.182,0.443,26.120,0,0,0.988
1.005,26.475,4.626,188.779,0.952,1.124,0.516,41.256,0,0,1.037
0.801,30.001,0.829,201.155,1.277,9.036,0.290,14.879,0,0,1.029
1.078,29.012,5.270,165.067,1.004,0.400,1.382,6.892,0,1,1.022
1.010,25.173,9.246,217.756,1.042,1.982,0.506,14.362,1,1,1.019
1.132,21.448,11.771,80.545,1.420,6.500,0.525,45.791,0,1,1.081
0.728,32.796,3.266,223.408,1.514,1.143,0.583,3.368,0,0,1.042
0.880,28.926,10.010,183.701,1.250,0.400,0.949,10.959,1,0,1.004
0.791,24.410,1.727,179.488,0.840,61.272,1.218,1.235,0,1,1.049
1.018,29.907,4.366,109.908,1.671,12.143,1.214,26.145,0,1,1.046
1.056,30.717,6.390,161.658,1.257,1.489,0.297,26.203,0,1,1.042
1.219,25.717,3.022,87.933,1.718,0.407,1.347,27.888,0,1,1.063
1.119,23.111,4.611,225.367,0.764,2.085,2.524,14.055,0,1,1.033
0.944,38.407,10.722,136.050,1.392,0.423,2.266,6.429,0,0,1.006
0.761,28.385,3.578,386.445,0.815,19.120,0.258,6.590,0,0,1.058
0.931,28.562,8.419,166.962,1.193,8.178,0.749,12.883,0,1,1.030
0.982,28.036,6.272,156.225,1.025,0.458,0.248,24.037,0,0,1.022
0.840,27.514,3.322,262.330,0.770,22.702,1.101,9.435,0,0,1.030
0.919,33.744,3.337,236.706,0.929,15.228,0.525,0.265,0,1,1.014
0.824,30.810,4.899,369.760,0.827,9.511,1.031,15.052,0,0,1.043
1.066,24.047,6.660,231.176,0.813,0.484,0.673,20.089,0,1,1.036
1.112,25.447,2.431,75.095,2.238,9.449,0.797,14.598,1,1,1.037
0.930,32.750,5.472,84.733,2.426,0.836,0.282,12.852,0,0,1.046
0.860,31.052,8.624,303.116,0.631,37.002,1.871,25.238,0,0,1.022
1.147,27.057,2.026,118.909,1.304,3.335,1.080,55.243,0,0,1.050
1.147,28.041,4.388,69.242,2.478,0.438,0.566,46.049,1,0,1.051
0.802,31.380,2.289,252.418,1.191,3.369,1.137,14.049,0,0,1.037
0.988,33.740,6.658,129.705,1.101,26.257,2.259,19.241,0,1,1.017
0.862,29.450,2.866,89.113,1.484,17.631,1.782,5.388,0,0,1.003
0.964,33.172,5.652,150.929,1.025,2.197,0.587,2.108,0,0,0.997
1.078,28.475,1.173,198.746,1.261,0.435,1.567,48.610,1,0,1.028
0.958,33.071,2.019,192.985,0.833,20.233,0.377,15.752,0,0,1.003
1.002,33.453,2.769,195.940,0.807,12.403,0.830,15.164,0,0,1.002
0.819,28.208,5.575,234.755,0.827,21.299,0.959,9.040,0,0,1.023
0.879,32.061,10.609,156.351,1.127,1.310,1.238,2.614,0,0,1.000
0.834,30.265,10.940,259.848,1.002,8.250,1.449,7.526,0,1,1.026
1.033,28.941,4.303,242.400,0.936,0.406,0.905,54.545,0,0,1.042
0.964,29.127,5.306,219.465,1.048,7.980,0.191,24.049,0,1,1.035
0.975,23.566,9.277,206.200,0.696,15.421,0.205,6.065,1,0,1.007
0.848,29.113,9.368,122.552,1.127,32.476,1.199,0.966,0,1,1.012
0.894,31.991,1.372,146.495,2.038,7.444,1.608,27.511,0,1,1.060
1.041,27.599,1.550,118.939,1.275,0.431,2.210,22.764,0,0,1.026
0.963,30.154,7.376,119.395,2.129,0.535,1.206,34.043,0,1,1.072
1.073,31.295,3.709,98.508,1.159,0.415,1.008,7.590,0,0,1.005
0.988,34.788,5.554,121.580,1.161,17.863,1.183,0.640,0,1,1.008
0.865,29.077,3.129,175.343,1.247,2.764,0.706,14.346,0,0,1.025
0.901,34.048,3.034,333.280,0.667,51.329,1.640,14.698,1,0,0.997
0.882,29.204,4.033,253.734,0.711,28.744,0.993,18.765,0,0,1.024
0.792,32.922,4.569,267.616,0.743,46.070,1.198,10.964,0,0,1.014
1.115,26.789,3.935,70.924,1.793,9.262,1.847,33.766,1,0,1.023
0.909,29.553,7.660,340.832,0.784,4.959,1.538,13.348,0,1,1.028
1.061,26.955,2.763,121.214,1.841,2.967,0.619,45.856,0,1,1.069
0.895,27.737,8.816,280.747,0.712,0.429,0.223,4.113,0,0,1.019
0.948,33.145,4.732,89.003,1.069,18.939,2.479,1.389,0,0,0.985
0.896,33.253,1.566,350.877,1.051,0.401,0.172,47.820,0,0,1.046
1.024,34.941,1.954,179.281,0.996,0.637,0.716,9.949,0,0,1.004
0.863,23.080,6.026,241.648,0.785,9.775,0.228,41.520,0,0,1.048
0.859,33.768,4.195,340.539,0.932,3.667,0.373,18.942,0,0,1.036
0.719,31.325,1.569,464.362,0.994,1.986,0.717,18.167,0,0,1.084
0.972,34.739,14.813,102.703,2.453,0.510,0.217,6.461,1,1,1.053
1.049,29.831,1.956,109.359,1.087,1.310,0.984,2.000,0,0,1.002
0.972,34.959,7.942,151.164,1.054,1.043,0.912,5.947,0,0,0.998
0.995,29.963,3.294,126.070,1.375,13.108,0.546,17.468,1,0,1.003
0.964,33.504,11.019,212.168,0.745,0.602,0.757,7.997,0,0,0.996
1.060,34.673,3.681,188.278,1.141,1.734,0.818,19.030,0,1,1.029
0.904,33.274,12.119,175.339,0.997,3.028,0.656,9.653,0,0,1.002
0.970,31.645,10.990,140.420,0.901,0.404,0.801,5.790,0,0,0.994
1.130,29.503,0.711,162.801,0.897,0.507,0.894,23.533,0,0,1.017
0.874,30.118,2.444,221.267,1.218,2.312,0.692,32.181,0,0,1.039
0.741,35.816,8.704,215.734,1.729,6.599,0.925,1.295,1,0,1.024
0.949,30.027,3.900,123.827,1.288,1.464,0.320,4.556,0,0,1.011
0.939,31.376,3.540,138.619,0.842,20.507,0.535,3.147,0,0,0.995
1.054,27.272,1.411,165.539,1.040,9.828,0.212,51.169,0,0,1.040
0.906,28.548,3.772,164.910,1.724,2.559,0.478,0.572,1,1,1.029
0.868,28.902,2.720,193.501,1.224,4.478,0.959,27.905,0,0,1.034
1.025,33.041,6.528,130.916,1.155,9.701,0.167,3.815,0,1,1.017
0.906,27.032,1.717,179.254,1.146,3.258,1.156,24.626,0,0,1.031
1.087,31.234,7.358,177.156,0.649,1.737,0.705,16.634,0,0,1.003
0.958,31.922,2.880,279.638,0.813,0.701,0.295,12.623,0,0,1.019
0.845,30.286,1.983,246.824,1.029,2.353,1.735,1.644,0,0,1.028
0.811,38.272,4.423,399.331,0.942,5.353,1.137,4.168,0,0,1.044
0.902,30.864,1.621,150.105,1.497,1.545,0.823,15.247,0,0,1.029
0.995,23.667,0.672,228.935,1.083,1.365,2.134,31.307,0,1,1.049
0.876,33.457,8.398,235.942,0.756,18.808,1.672,4.503,0,0,1.001
0.946,29.841,6.020,114.035,1.289,6.624,0.720,15.916,0,0,1.015
0.943,30.237,1.084,339.125,0.734,1.794,1.189,9.914,0,0,1.029
1.180,27.618,2.771,70.995,2.742,0.400,0.591,47.726,0,1,1.095
1.089,30.218,3.880,104.683,1.698,2.004,0.980,48.254,0,0,1.053
1.119,25.920,3.412,170.144,0.861,0.402,1.868,37.202,0,0,1.036
1.070,33.281,3.635,93.552,2.422,0.401,0.352,19.260,0,1,1.079
1.054,31.713,3.187,181.145,0.685,9.967,2.351,11.386,0,0,1.000
0.955,32.869,2.999,217.126,0.893,2.459,0.565,3.620,0,0,1.008
1.165,29.813,4.217,165.602,0.783,1.142,0.755,31.985,0,0,1.022
1.064,26.085,2.853,138.148,1.350,6.892,0.836,25.510,0,1,1.049
0.976,35.511,2.170,209.475,1.234,2.278,0.847,7.348,1,0,1.004
0.890,27.470,6.440,161.554,0.858,12.975,0.802,2.274,0,0,1.007
0.777,34.993,5.504,394.342,0.919,17.726,0.827,14.647,0,0,1.046
1.294,29.300,6.176,102.833,1.226,0.402,0.928,29.921,0,1,1.059
1.064,23.246,2.261,154.464,1.117,0.415,0.272,64.721,0,0,1.061
0.892,32.893,7.444,226.422,1.012,11.418,0.511,2.233,0,1,1.019
0.832,30.907,1.977,167.205,1.829,5.071,0.886,11.369,0,1,1.055
0.856,34.485,6.093,392.157,0.652,28.121,0.674,3.171,0,0,1.027
0.947,34.344,3.203,289.773,0.766,12.988,1.822,15.805,0,0,1.013
0.966,31.573,8.337,179.996,1.108,0.443,1.727,2.768,1,0,0.994
1.144,32.132,2.748,140.351,1.256,1.260,0.607,18.364,0,1,1.038
0.850,34.403,1.343,341.537,0.908,4.133,1.993,1.282,0,0,1.037
0.925,30.515,9.005,240.773,0.788,18.986,0.627,6.100,0,1,1.018
0.857,30.809,5.050,269.369,0.985,11.520,0.240,32.914,0,0,1.036
0.973,31.923,6.288,146.232,1.177,11.795,1.195,2.313,0,1,1.020
1.006,37.734,3.301,131.833,1.414,2.215,1.533,7.726,0,0,1.014
0.831,32.255,7.448,201.815,1.185,8.217,0.428,15.648,0,0,1.023
0.965,29.088,3.573,379.109,0.614,6.712,1.563,15.391,0,0,1.032
0.815,31.432,6.022,300.529,0.962,19.960,2.268,1.082,1,0,1.016
0.848,35.081,4.307,222.012,1.268,7.881,0.334,16.950,0,0,1.028
0.894,29.716,7.633,134.177,1.595,10.172,0.993,11.751,0,1,1.038
1.062,31.053,4.167,331.272,0.671,0.412,0.933,37.831,0,0,1.025
1.081,27.704,3.004,115.920,1.058,1.945,0.994,17.519,0,0,1.020
0.755,35.633,10.390,230.861,1.314,5.418,0.613,0.670,0,0,1.023
0.935,31.858,4.537,276.021,1.039,6.640,0.539,1.035,1,1,1.013
0.702,22.429,3.888,117.327,1.260,47.288,2.034,0.886,0,1,1.036
1.150,27.088,0.768,152.946,0.976,7.287,1.245,45.787,0,0,1.039
0.953,26.462,9.015,106.290,1.839,0.410,1.279,16.038,0,1,1.051
0.969,26.653,7.673,265.699,0.715,0.405,0.551,26.148,0,0,1.033
0.814,32.134,4.448,294.853,1.143,0.545,1.693,1.266,0,1,1.043
0.887,27.020,3.518,190.307,1.050,0.789,0.671,8.768,0,0,1.024
0.988,33.579,9.743,137.123,1.805,0.855,0.431,27.811,0,1,1.064
0.921,25.475,12.510,232.435,0.897,7.133,1.105,24.824,0,1,1.042
1.009,29.373,1.076,197.309,0.695,19.292,1.251,13.032,0,0,1.013
0.758,35.451,1.742,174.227,1.918,9.940,0.410,11.934,0,0,1.046
0.846,29.675,4.571,218.900,1.196,17.458,0.930,19.937,0,1,1.039
0.983,35.716,6.029,161.223,1.518,0.430,1.786,11.616,0,1,1.043
0.751,29.700,6.715,92.634,0.679,62.222,1.870,55.139,0,0,1.012
1.008,30.108,3.423,74.693,2.314,8.993,0.248,5.644,0,1,1.054
0.924,25.755,1.105,124.805,2.045,4.769,0.733,45.319,0,1,1.067
0.900,30.925,8.400,222.912,1.090,0.400,1.319,0.466,0,1,1.026
0.930,30.295,4.161,148.395,1.286,1.447,0.825,12.695,0,0,1.022
0.751,28.847,5.400,418.184,0.893,0.400,1.310,9.308,0,0,1.069
0.852,35.284,3.641,338.529,0.678,34.336,0.204,0.398,0,0,1.018
0.970,31.633,4.021,292.373,0.679,8.158,0.195,10.564,0,0,1.016
1.141,27.217,6.808,70.924,2.126,1.109,1.073,71.443,0,0,1.085
0.906,28.046,9.152,205.299,0.925,0.476,0.399,19.353,0,0,1.025
0.958,33.119,7.329,317.122,0.772,0.742,0.242,23.945,0,0,1.025
0.781,29.196,2.349,266.689,1.179,3.183,1.634,25.519,0,0,1.049
0.988,33.852,1.392,257.123,0.772,2.250,0.812,3.169,0,0,1.008
0.971,34.967,3.131,170.035,1.158,0.905,0.611,5.930,0,0,1.012
0.702,28.561,6.336,339.701,1.037,24.810,1.848,4.616,1,0,1.043
0.947,25.409,3.847,110.519,1.920,0.644,1.025,11.492,0,1,1.052
0.925,36.633,3.087,137.720,1.275,15.199,0.465,5.545,0,0,1.002
0.874,33.080,7.036,206.043,1.232,7.302,1.495,2.134,0,1,1.029
0.961,30.100,6.656,100.825,1.963,13.292,0.217,28.092,0,1,1.054
0.960,33.105,3.233,385.298,0.751,4.459,0.401,5.315,1,0,1.014
0.978,28.271,2.991,163.166,1.056,6.129,1.044,24.699,0,0,1.027
1.211,28.755,5.813,181.859,1.036,1.612,0.633,52.852,1,0,1.036
0.931,31.443,12.897,172.440,1.307,1.087,0.918,17.541,0,1,1.039
0.777,30.645,1.425,206.146,1.510,13.857,1.142,7.864,0,1,1.048
0.912,31.054,2.716,247.728,0.968,4.226,0.819,16.287,0,0,1.028
1.075,30.220,10.781,99.597,1.133,0.404,2.094,2.678,1,0,0.987
0.799,34.421,3.359,195.812,2.059,2.106,0.297,26.293,0,1,1.078
0.963,31.327,0.466,151.846,0.980,28.610,1.251,32.045,0,0,1.015
0.932,32.539,3.491,202.826,0.985,2.352,0.828,1.955,0,0,1.012
0.816,29.857,2.624,184.288,1.272,10.763,1.229,14.701,0,0,1.029
1.007,32.132,7.833,203.279,0.698,0.545,0.640,4.494,0,0,0.998
0.992,29.591,1.164,271.899,0.649,16.147,0.271,11.897,0,0,1.021
1.017,25.119,4.873,212.938,0.792,0.839,0.435,30.218,0,0,1.037
0.957,26.314,3.972,117.538,1.629,0.405,1.646,9.398,1,0,1.013
1.209,29.853,1.986,203.326,0.702,1.438,0.693,11.169,0,1,1.016
1.063,32.513,1.567,122.859,0.883,8.040,1.199,2.726,0,0,0.996
1.031,29.231,3.230,125.534,1.408,16.234,1.312,24.956,0,1,1.044
0.953,30.769,3.948,138.616,1.148,4.375,0.236,4.075,0,0,1.010
0.990,31.132,5.437,128.580,1.759,0.407,0.294,18.987,1,0,1.024
0.914,25.000,4.390,267.811,0.969,4.402,0.390,19.215,0,1,1.046
0.940,30.376,4.150,180.929,1.089,6.328,0.958,22.081,0,0,1.026
0.983,27.878,3.566,77.913,2.345,0.454,0.995,41.962,0,0,1.058
1.081,27.992,4.682,169.568,0.890,3.234,1.034,4.209,1,0,0.996
0.750,28.600,2.185,224.893,1.063,21.760,0.367,6.348,0,0,1.034
1.125,28.522,4.302,169.322,0.888,4.244,0.155,41.391,0,0,1.037
1.041,34.400,10.578,148.610,1.029,1.755,1.969,26.453,0,0,1.020
0.848,32.094,4.990,140.160,1.461,28.901,0.223,14.371,0,1,1.028
1.171,30.224,1.284,95.968,1.714,0.768,1.077,12.627,0,1,1.054
1.019,28.852,11.008,88.750,2.118,0.463,0.273,25.133,0,1,1.070
1.128,31.538,3.925,194.611,1.097,0.839,1.340,11.566,1,1,1.015
0.922,34.527,4.925,322.242,0.669,23.196,0.304,13.337,0,0,1.015
0.753,33.023,1.315,288.355,1.266,0.713,1.587,3.177,0,0,1.055
0.817,34.071,3.191,86.481,1.460,49.543,0.653,1.388,0,1,1.004
0.812,33.935,3.261,217.662,1.058,21.263,0.694,1.832,0,0,1.016
1.086,31.723,3.959,218.961,1.058,2.418,0.358,34.918,0,1,1.041
0.932,28.046,1.144,168.607,1.479,2.079,0.598,54.645,0,0,1.054
0.717,33.383,8.182,246.441,1.540,13.332,1.003,24.405,0,1,1.054
0.708,29.944,5.428,223.137,1.387,3.192,0.586,4.278,0,0,1.041
1.109,28.750,3.909,178.642,0.712,2.197,1.960,17.611,0,0,1.016
0.907,30.350,3.065,64.735,2.615,9.252,0.417,15.488,0,0,1.040
0.780,34.329,5.878,211.554,1.250,17.554,0.561,10.207,0,0,1.022
0.767,37.184,1.462,302.261,1.471,0.446,1.293,9.097,0,1,1.069
1.033,30.509,1.750,232.520,0.769,5.902,0.420,18.204,0,0,1.019
0.876,34.644,7.523,279.543,0.842,7.123,1.663,1.410,0,0,1.015
0.827,30.163,5.843,337.775,0.831,5.676,0.192,2.505,0,0,1.041
0.899,25.481,0.946,227.205,0.932,19.035,0.162,60.873,0,0,1.050
0.989,31.229,2.166,177.522,1.138,4.773,0.402,25.503,0,0,1.028
0.852,32.938,6.565,172.061,1.358,39.942,0.770,23.131,1,1,1.008
0.963,26.080,3.275,254.486,0.738,1.584,1.551,7.302,0,0,1.027
0.947,30.869,1.010,124.879,1.579,0.411,1.889,7.342,0,0,1.028
0.829,34.935,3.095,244.031,0.838,34.502,0.329,3.773,0,0,1.009
1.130,27.916,3.801,147.653,0.736,0.420,0.830,11.778,0,0,1.012
0.881,25.806,9.313,106.268,2.044,0.555,0.994,14.681,0,1,1.053
0.961,35.060,5.344,118.275,2.343,1.973,0.495,13.881,0,1,1.078
0.882,29.728,11.525,253.788,0.736,6.923,0.832,5.457,0,0,1.015
0.791,34.264,11.247,186.561,1.447,5.564,0.606,12.037,0,0,1.027
0.748,30.679,5.464,178.046,1.304,17.160,0.788,5.742,0,0,1.021
0.935,28.951,9.796,232.060,0.900,5.395,0.625,3.499,0,1,1.025
0.877,30.002,1.981,220.811,0.912,16.306,1.179,5.940,0,0,1.023
0.881,35.914,3.546,287.361,1.018,2.199,0.243,8.318,0,0,1.030
0.884,32.612,8.300,157.380,1.329,1.267,1.014,7.869,0,0,1.020
0.921,31.162,2.146,231.395,1.053,16.997,1.198,13.648,0,1,1.034
0.913,31.665,3.187,220.714,0.978,6.898,0.586,9.647,0,0,1.022
0.906,25.594,4.341,82.193,2.099,0.597,1.077,41.278,0,0,1.050
0.941,32.458,11.074,145.035,0.793,9.559,0.651,0.806,0,0,0.989
1.233,27.666,2.533,192.383,0.759,0.827,2.009,20.420,1,0,1.006
0.861,32.636,4.817,192.056,1.170,5.167,0.565,1.102,0,0,1.018
0.919,34.606,1.912,109.282,1.787,23.649,1.267,8.403,1,0,0.999
0.870,27.938,9.761,212.697,1.059,1.294,0.943,36.440,0,0,1.044
0.756,29.239,7.695,206.803,1.480,0.402,0.355,39.162,0,0,1.054
1.008,30.488,1.118,372.970,0.704,1.564,0.726,12.534,0,1,1.024
1.039,28.964,3.566,128.735,1.894,2.642,1.762,41.367,0,1,1.073
1.007,34.629,6.395,153.950,0.966,0.569,0.379,3.670,0,0,1.000
1.031,24.224,2.076,270.422,0.754,5.920,0.801,52.659,0,0,1.052
1.432,20.451,4.032,108.245,1.261,0.445,1.374,36.775,0,1,1.086
0.894,32.598,6.822,260.487,1.250,0.689,1.358,53.484,0,0,1.057
0.984,34.345,2.246,122.002,1.628,7.578,0.773,20.381,0,0,1.031
1.012,32.966,4.726,124.858,1.597,2.928,1.953,3.057,0,1,1.042
1.025,33.285,2.395,80.619,2.397,0.759,0.900,16.343,0,0,1.057
0.776,30.329,2.834,360.511,1.140,4.810,0.248,20.323,1,0,1.052
0.946,31.936,5.229,159.318,1.240,11.078,0.922,0.057,0,1,1.027
1.061,22.201,3.516,217.817,0.977,2.811,1.556,57.031,1,0,1.047
0.914,27.850,5.815,341.305,0.630,19.058,1.299,16.227,0,0,1.041
1.194,31.466,5.633,94.895,1.259,0.447,0.731,6.649,0,1,1.037
1.048,30.307,3.929,118.947,0.975,7.195,0.918,10.272,0,0,1.010
0.880,30.261,7.636,236.071,0.903,40.312,2.374,0.600,1,1,1.011
1.027,23.780,1.024,108.221,1.104,12.334,0.344,32.134,0,0,1.039
0.895,31.977,7.461,115.084,1.083,20.981,1.737,9.222,0,0,1.001
0.921,33.025,7.269,139.621,1.355,15.314,0.829,1.581,0,1,1.025
0.860,27.423,7.550,398.224,0.675,10.733,1.885,12.829,0,0,1.053
0.979,33.887,12.357,163.553,1.002,5.268,0.315,1.834,1,0,0.983
0.834,33.820,7.408,398.158,0.683,36.165,1.276,14.053,0,0,1.036
0.750,32.356,12.213,200.603,0.647,52.351,0.297,1.201,0,0,0.998
1.019,28.384,8.263,100.224,1.012,0.455,1.185,2.984,0,0,1.004
1.041,28.762,2.496,217.249,0.894,1.437,0.295,1.220,1,0,1.002
1.084,22.385,0.916,89.674,2.714,0.401,0.682,60.632,1,1,1.071
1.037,29.589,2.135,293.000,0.649,2.164,0.614,13.596,0,0,1.022
0.908,23.778,2.018,234.409,0.916,0.400,1.234,25.711,0,0,1.045
0.916,34.605,10.912,107.945,2.622,0.400,0.244,11.743,0,1,1.087
0.873,26.849,4.238,313.883,0.715,27.289,0.752,35.620,0,0,1.050
1.115,25.416,3.097,185.514,0.925,0.440,2.025,49.212,0,0,1.052
0.991,30.253,3.436,148.887,1.305,0.401,0.664,23.711,0,0,1.034
0.900,37.573,2.019,203.669,1.318,12.849,1.711,3.203,0,1,1.031
0.899,29.475,8.749,193.756,1.254,4.966,1.671,19.929,1,0,1.019
1.010,27.017,5.858,240.293,0.994,3.025,0.391,34.154,0,1,1.050
0.913,28.620,6.635,465.241,0.659,0.464,0.856,26.971,0,0,1.055
0.945,31.527,2.722,206.457,1.169,0.406,1.111,23.053,0,0,1.035
0.816,25.184,2.430,412.378,0.851,8.513,0.491,15.321,0,1,1.062
0.973,36.077,2.962,125.687,1.572,2.578,1.438,4.256,0,0,1.024
1.183,30.789,4.179,210.667,0.830,2.902,0.667,52.061,0,0,1.040
0.764,36.138,1.108,313.377,1.520,0.486,0.528,37.795,0,0,1.076
0.848,30.514,10.930,221.777,0.759,22.454,0.156,9.501,0,0,1.014
0.817,33.729,3.972,399.257,0.902,7.842,0.850,13.396,0,0,1.055
1.008,28.989,5.469,290.001,0.874,0.519,0.998,25.479,1,0,1.022
0.817,33.959,10.235,125.563,1.443,17.044,0.334,5.435,0,0,1.005
1.030,28.879,8.394,273.622,0.612,0.410,1.185,19.755,0,0,1.024
0.882,24.815,4.678,336.805,0.656,19.373,0.232,14.961,0,0,1.055
0.938,27.978,3.880,215.645,1.032,10.658,1.389,4.830,0,1,1.036
0.920,33.029,3.300,278.673,0.917,14.678,0.411,8.956,0,1,1.029
0.927,23.041,5.065,302.717,0.646,4.626,0.642,2.574,0,0,1.042
0.981,30.634,5.254,115.549,2.389,0.402,0.436,35.067,0,1,1.087
0.749,33.589,2.816,188.927,1.653,10.018,1.933,8.286,0,0,1.043
1.223,29.013,1.635,233.154,0.842,0.418,0.277,36.165,0,1,1.038
0.830,32.623,2.346,263.585,1.214,1.515,0.334,16.243,0,0,1.047
0.956,34.570,8.797,172.714,0.960,0.759,0.721,1.170,0,0,1.001
1.068,35.534,9.407,109.020,0.800,13.444,0.673,19.405,0,0,0.999
0.958,32.246,7.160,177.043,0.904,22.575,1.383,5.555,1,0,0.991
1.058,28.343,3.007,299.815,0.680,3.400,0.150,33.332,0,0,1.035
1.269,24.319,8.978,146.161,1.125,0.424,0.629,54.969,0,1,1.092
0.886,31.552,3.125,208.902,1.106,20.897,0.970,4.634,0,1,1.032
1.076,28.086,1.017,154.427,1.273,0.456,0.666,44.045,0,0,1.049
0.857,32.049,3.640,255.241,1.323,0.460,0.272,42.630,0,0,1.057
0.846,35.520,3.779,203.472,1.411,0.836,0.422,1.634,0,0,1.035
0.885,29.964,1.704,396.488,0.814,16.114,0.576,43.416,0,0,1.051
0.941,24.017,5.291,210.676,0.920,1.557,0.576,41.552,0,0,1.052
0.914,35.104,4.054,129.316,1.843,0.964,1.776,5.469,0,0,1.040
0.934,28.497,3.580,275.231,0.863,0.414,0.116,19.409,0,0,1.038
1.122,27.978,6.084,72.872,1.807,3.116,1.179,47.946,0,0,1.064
0.973,26.578,6.973,241.648,0.737,5.759,0.955,25.057,0,0,1.037
1.003,25.721,2.953,258.320,1.141,1.439,0.969,66.233,0,1,1.068
1.005,29.489,0.923,289.119,0.837,8.090,0.473,40.979,0,0,1.039
0.814,34.157,4.891,132.039,1.465,24.950,1.543,10.851,0,0,1.011
0.750,30.612,7.915,405.760,0.950,0.503,0.820,13.867,0,0,1.070
0.953,29.594,15.182,136.525,1.464,0.980,0.963,20.814,0,1,1.052
1.067,30.219,2.643,277.445,0.614,1.264,0.461,11.333,0,0,1.016
0.890,29.375,3.719,295.195,0.867,2.244,1.199,11.053,0,0,1.039
1.028,21.242,2.299,170.285,1.319,0.414,1.271,42.598,0,1,1.070
0.981,31.983,3.414,139.065,1.242,0.408,1.289,3.536,0,0,1.018
0.954,25.434,3.907,235.714,0.940,12.952,0.923,12.787,0,1,1.045
1.016,30.419,0.976,285.875,0.918,0.424,1.024,17.544,0,1,1.036
0.833,30.349,12.397,320.351,0.876,0.436,0.247,20.448,0,0,1.044
1.162,29.578,1.736,168.589,1.006,0.899,0.588,40.082,0,0,1.040
0.936,28.060,5.133,159.744,1.116,0.884,0.978,11.026,0,0,1.025
1.060,29.585,5.101,141.813,1.052,0.401,0.420,20.981,0,0,1.028
1.033,34.581,5.561,238.128,0.705,0.432,1.758,8.197,0,0,1.005
1.009,37.183,8.133,183.161,0.750,3.610,2.307,2.061,0,0,0.989
0.916,27.383,1.574,192.710,1.610,2.637,0.857,50.923,0,1,1.071
0.966,28.004,4.535,74.893,2.328,8.497,0.879,57.409,0,0,1.061
0.856,33.715,2.757,189.558,0.699,63.683,1.047,4.290,0,1,1.014
1.027,30.495,1.851,190.176,0.887,0.539,0.573,6.456,0,0,1.016
1.008,30.370,4.120,281.386,0.668,2.220,1.461,8.810,0,0,1.021
0.868,27.498,8.860,121.506,2.313,0.400,1.040,43.766,0,1,1.084
0.873,24.788,6.748,289.112,0.712,14.722,0.530,19.098,0,0,1.049
0.997,29.852,2.842,200.176,0.973,3.511,2.103,21.599,0,0,1.030
0.770,30.857,4.933,169.945,1.614,11.386,0.799,29.554,0,0,1.043
1.081,27.793,1.268,224.781,0.927,6.612,0.278,54.388,0,0,1.048
0.999,32.355,2.124,366.519,0.709,0.407,0.853,21.199,0,0,1.032
0.718,30.216,2.082,188.482,1.496,30.092,1.114,4.726,0,1,1.044
0.972,33.658,7.765,161.083,0.902,21.883,0.455,2.256,1,0,0.983
0.983,33.793,1.342,231.364,1.228,0.455,0.983,36.537,0,0,1.044
1.072,26.184,3.208,299.978,0.676,16.322,0.290,65.404,0,0,1.052
0.952,30.599,0.967,284.857,0.955,1.168,0.982,28.641,0,0,1.042
0.935,30.638,3.183,140.876,1.471,0.576,0.452,13.018,0,0,1.034
1.028,37.052,3.656,135.804,1.398,0.847,1.215,10.524,0,0,1.024
1.123,27.408,2.926,210.070,1.088,10.426,0.525,57.824,0,1,1.063
0.887,29.152,2.754,311.772,1.029,0.439,0.523,11.587,1,0,1.035
0.900,34.132,5.424,115.479,1.629,8.435,0.610,2.183,0,0,1.021
0.930,29.467,13.433,103.455,2.338,0.413,0.797,33.324,0,1,1.084
1.062,31.802,0.862,295.664,0.800,0.663,0.835,14.969,0,1,1.025
0.876,30.642,8.442,154.423,1.140,10.723,1.774,11.615,0,0,1.018
0.968,31.436,6.556,147.568,1.178,1.033,0.831,11.009,0,0,1.022
1.019,27.540,5.221,115.320,1.652,0.804,0.304,5.040,0,1,1.050
0.983,30.483,1.809,136.830,1.363,0.926,0.731,11.456,0,0,1.030
0.916,31.206,12.791,196.687,1.176,0.400,0.742,10.932,1,0,1.011
1.064,35.726,3.979,112.291,1.350,0.522,1.118,8.181,0,0,1.019
0.909,34.201,5.155,207.451,1.142,0.645,1.023,5.614,0,0,1.025
0.974,29.168,9.282,161.297,1.283,3.336,1.342,54.985,0,0,1.061
0.974,25.638,3.157,175.890,1.333,0.400,0.861,13.844,0,1,1.052
0.929,36.564,2.607,338.550,0.662,32.599,0.178,15.511,0,0,1.013
0.897,31.971,2.275,307.005,0.827,19.065,0.858,20.134,0,0,1.036
1.010,28.590,3.355,312.965,0.716,0.400,1.345,24.863,0,0,1.037
1.010,33.435,2.529,147.101,1.181,2.693,0.137,7.835,0,0,1.018
0.835,29.135,4.556,191.775,1.351,20.600,0.305,25.304,0,1,1.049
1.015,28.044,4.898,204.748,0.765,0.401,0.230,6.614,0,0,1.019
0.969,30.443,3.877,184.055,1.338,12.413,1.124,68.271,0,0,1.056
1.163,27.275,2.901,72.653,1.869,5.214,0.593,53.910,0,0,1.067
0.822,32.815,6.104,176.264,1.619,9.802,0.808,1.581,0,1,1.047
0.937,28.682,1.830,149.588,1.341,0.577,0.336,12.654,0,0,1.034
0.819,35.177,5.979,387.349,0.934,0.669,0.281,5.611,0,0,1.054
0.926,33.984,7.189,381.108,0.804,1.206,0.143,27.385,0,0,1.042
1.079,30.310,7.899,238.760,0.636,12.524,1.149,12.017,1,0,1.001
0.870,30.991,2.986,245.777,1.378,0.405,0.368,53.841,0,0,1.064
0.885,30.989,2.492,169.630,1.338,0.462,0.674,1.121,0,0,1.030
0.998,32.246,11.652,82.866,2.325,1.049,0.574,6.469,0,1,1.069
0.953,24.786,5.834,172.207,1.503,2.148,0.368,58.274,0,1,1.080
1.062,31.374,7.094,180.770,0.910,3.946,1.068,4.809,0,1,1.024
1.015,34.614,4.972,120.937,1.803,2.922,0.227,6.218,0,1,1.056
0.992,29.551,4.422,241.005,0.780,0.413,0.326,9.286,0,0,1.024
0.915,28.407,3.689,175.329,1.484,22.227,1.461,24.309,1,1,1.035
1.246,23.796,13.977,61.253,2.307,0.467,1.943,47.016,1,1,1.099
0.932,34.038,7.787,166.685,1.325,0.455,0.303,14.614,0,0,1.031
0.770,34.054,5.323,179.466,1.593,32.044,0.541,27.511,0,1,1.039
0.888,30.415,2.284,131.741,1.584,4.728,0.996,7.577,0,0,1.033
0.944,29.356,6.090,99.656,1.495,23.360,0.541,6.062,0,1,1.035
0.832,23.880,3.746,329.134,0.990,0.818,0.133,24.929,0,1,1.063
0.972,29.903,3.695,175.014,1.531,4.031,0.375,31.646,0,1,1.063
0.903,29.940,3.648,347.616,0.687,16.330,0.310,5.260,0,0,1.042
0.923,29.778,3.088,127.829,1.422,1.966,1.945,1.277,0,0,1.024
0.913,37.221,11.592,167.823,1.575,0.401,0.483,4.554,0,1,1.046
1.099,28.485,2.618,98.966,1.882,0.402,0.180,11.055,0,1,1.063
0.884,28.922,7.601,245.015,1.183,0.400,0.761,20.158,0,1,1.053
0.995,30.452,3.347,331.562,0.854,9.255,0.786,37.858,0,1,1.040
1.044,27.497,2.353,280.214,0.843,31.244,0.307,31.927,1,1,1.028
0.943,28.853,7.959,253.080,0.941,2.371,0.242,9.207,1,0,1.017
1.213,28.966,2.635,148.669,0.919,1.707,0.318,5.888,0,1,1.032
1.199,23.907,1.792,96.723,2.060,0.654,0.565,54.344,0,1,1.093
0.980,32.459,3.379,90.785,2.191,18.988,0.240,22.121,0,1,1.058
0.828,29.905,4.824,161.641,1.517,0.773,0.382,8.421,0,0,1.038
0.971,31.558,5.041,183.414,1.364,0.575,0.709,12.401,0,1,1.049
1.034,27.949,5.498,171.010,0.906,0.437,0.727,18.127,0,0,1.029
0.852,31.839,14.878,306.284,0.966,5.445,0.538,15.400,1,0,1.024
0.980,38.110,1.963,166.778,1.299,11.711,0.548,1.702,0,1,1.029
1.095,25.460,3.278,173.202,1.179,0.587,0.438,22.116,0,1,1.055
1.098,25.015,2.230,149.419,1.595,0.401,0.217,52.235,0,1,1.081
0.999,28.050,3.977,172.624,1.357,2.585,0.240,20.856,0,1,1.055
1.164,28.934,4.600,107.326,1.167,11.899,0.350,13.331,0,1,1.045
0.942,25.693,3.537,133.399,1.649,5.943,0.822,14.944,0,1,1.057
1.026,33.054,4.054,120.308,1.381,13.539,1.216,4.425,0,1,1.035
0.949,27.698,3.313,241.581,0.936,0.826,0.344,24.384,0,0,1.043
1.043,24.489,7.032,100.661,1.809,0.410,2.753,23.620,0,1,1.068
1.038,29.511,3.674,232.630,0.708,7.311,1.156,15.985,0,0,1.025
1.134,33.611,4.326,114.078,1.776,0.480,0.766,22.025,0,1,1.069
0.779,30.860,2.526,188.232,1.518,4.141,0.242,4.974,0,0,1.045
1.292,22.705,2.012,89.050,1.492,5.769,0.204,21.388,0,1,1.071
1.009,31.914,6.611,139.366,1.503,0.632,0.968,10.732,1,0,1.019
0.969,22.597,3.980,237.271,1.024,0.898,1.224,20.672,0,1,1.056
0.784,30.005,8.599,253.487,1.255,7.554,0.623,10.697,0,1,1.051
1.341,31.549,3.256,61.686,2.358,4.597,0.576,40.836,0,1,1.103
0.959,30.186,7.637,250.510,1.110,8.158,0.608,45.827,0,1,1.058
1.042,23.651,5.423,177.271,1.083,1.205,0.298,7.680,0,1,1.047
1.157,30.888,2.057,180.735,1.018,0.499,1.887,16.076,0,1,1.038
0.909,33.757,11.757,75.986,2.568,2.278,0.919,5.798,0,0,1.053
1.010,29.809,1.763,284.393,0.748,0.400,1.496,12.471,0,0,1.030
0.793,30.235,4.017,167.337,1.755,0.454,1.652,21.240,0,0,1.055
0.940,31.895,6.616,161.706,2.223,0.478,1.799,62.655,0,1,1.103
0.817,31.370,2.822,102.591,2.677,0.713,1.798,4.863,0,0,1.066
0.895,25.110,7.555,107.106,2.128,1.221,0.947,24.038,0,1,1.068
0.813,31.390,2.542,347.711,1.039,0.519,1.295,18.720,0,0,1.064
0.832,24.185,6.456,211.171,1.377,1.250,0.702,45.039,0,1,1.073
0.961,32.138,2.223,207.478,1.284,1.059,0.389,33.557,0,0,1.048
0.919,26.111,5.214,361.788,0.760,3.931,1.160,44.006,0,0,1.062
0.812,31.880,9.310,173.619,1.523,0.448,0.657,11.617,0,0,1.040
0.828,28.084,4.853,275.264,0.936,7.577,1.520,9.443,0,0,1.046
0.892,32.092,1.091,150.740,2.091,3.110,2.392,14.365,0,1,1.076
0.963,34.480,2.722,173.083,1.215,0.577,0.650,3.429,0,0,1.024
0.774,31.511,5.823,199.872,1.625,0.565,0.298,23.133,0,0,1.058
0.956,30.395,1.856,232.843,1.130,2.782,0.560,7.474,0,1,1.044
1.100,32.931,1.529,128.401,1.597,9.353,1.063,25.021,0,1,1.057
1.025,30.333,4.874,136.185,0.673,39.068,0.869,7.012,1,0,0.996
0.921,31.696,9.640,213.036,1.218,3.668,0.364,18.461,0,1,1.047
0.913,27.654,9.813,82.444,2.326,11.503,0.232,26.794,0,1,1.066
1.097,24.665,1.155,210.035,0.877,0.442,2.540,40.362,0,0,1.051
0.815,32.120,6.160,188.709,1.349,11.195,1.343,16.754,0,0,1.036
1.217,28.277,8.090,85.440,2.017,0.442,0.187,20.867,1,1,1.066
0.946,35.899,1.911,90.968,1.792,32.704,0.433,9.844,0,1,1.031
0.933,32.307,4.980,155.225,1.213,2.931,0.332,1.751,0,0,1.020
0.790,27.798,1.309,346.999,0.961,5.036,1.307,14.081,0,0,1.068
0.920,25.015,11.420,136.151,1.117,36.763,1.300,3.507,1,1,1.025
1.000,28.183,6.269,200.019,1.235,0.739,0.798,30.106,0,1,1.060
0.787,29.372,1.061,127.184,3.083,3.606,1.725,56.377,0,1,1.101
0.786,34.230,4.264,306.789,0.696,58.699,0.895,4.686,0,0,1.029
0.977,32.913,4.442,201.714,1.175,1.016,0.393,1.818,1,0,1.011
1.015,25.920,4.476,236.896,0.815,32.792,0.546,49.237,0,1,1.060
0.875,31.276,9.730,197.842,1.451,3.186,0.255,21.157,0,1,1.057
1.008,22.321,3.122,217.468,0.777,0.454,0.418,16.924,0,0,1.044
0.889,32.749,2.621,135.596,2.113,1.912,0.233,27.509,0,0,1.065
0.946,35.578,3.004,165.615,1.120,31.746,1.362,14.482,0,1,1.023
0.936,31.076,8.791,255.730,0.938,27.388,1.379,48.759,0,1,1.047
0.943,34.504,1.544,199.244,1.425,10.853,0.859,17.784,1,0,1.024
0.801,35.891,14.649,270.150,1.139,0.967,0.975,8.546,0,0,1.035
0.948,29.123,1.221,212.965,1.394,2.029,1.079,28.532,0,1,1.063
0.790,30.064,6.382,189.959,0.945,56.473,0.387,24.535,0,1,1.036
1.058,27.412,7.260,108.839,2.028,0.404,0.703,41.898,0,1,1.089
0.881,35.423,4.716,210.574,1.148,7.151,0.313,1.758,0,0,1.025
1.133,27.275,1.824,223.564,0.721,2.306,1.658,26.900,0,0,1.036
0.863,27.401,3.665,242.292,1.188,20.161,0.992,53.283,0,1,1.062
1.088,29.292,3.445,111.880,1.157,1.971,0.362,13.850,0,0,1.028
1.029,27.574,10.133,131.708,1.945,0.617,0.440,68.114,0,1,1.107
0.899,33.387,6.843,120.618,1.486,27.148,1.254,8.176,0,1,1.031
0.861,27.786,3.088,399.159,0.866,0.906,0.292,40.443,0,0,1.069
1.024,32.936,1.284,246.719,0.727,15.654,1.464,16.238,0,0,1.019
0.918,32.957,8.452,282.566,0.818,0.465,0.301,5.076,0,0,1.026
0.807,30.244,10.740,150.490,1.367,8.116,1.092,8.852,0,0,1.025
0.723,24.589,9.981,151.823,1.019,52.341,0.963,10.165,0,1,1.046
1.001,26.945,2.398,209.159,1.017,2.416,0.569,38.262,0,0,1.051
1.117,26.424,3.513,57.999,3.067,1.274,0.487,29.753,0,1,1.097
0.896,29.387,5.293,215.997,1.330,1.637,0.214,15.997,0,1,1.057
0.895,35.152,5.234,248.395,0.846,24.326,1.230,12.191,0,0,1.018
1.194,26.639,2.801,97.830,1.105,0.466,2.213,21.057,0,0,1.039
0.927,33.024,10.914,105.622,1.932,8.258,0.978,1.852,0,1,1.050
0.787,35.271,1.840,230.070,1.444,7.770,1.067,3.672,0,0,1.051
1.334,22.949,3.440,120.815,1.352,0.688,0.157,40.131,0,1,1.087
1.033,30.529,8.802,99.133,1.995,0.405,0.744,13.201,0,1,1.070
1.005,28.790,9.229,98.211,2.220,6.880,0.202,44.252,0,1,1.088
1.013,29.957,2.406,143.552,1.155,4.266,0.825,12.427,0,0,1.029
0.914,29.713,6.739,185.657,1.630,1.945,2.556,39.847,0,1,1.075
0.894,30.399,3.132,344.935,0.823,0.412,1.167,5.936,0,0,1.049
0.945,28.116,4.796,139.871,1.728,0.674,1.162,9.323,0,1,1.061
0.891,29.178,1.896,125.011,1.900,0.649,1.112,22.037,0,0,1.054
0.999,29.556,5.090,290.632,0.645,1.384,0.926,3.043,0,0,1.026
1.142,32.214,10.021,133.169,0.944,6.353,0.607,15.320,0,1,1.038
0.983,27.284,1.898,283.434,0.711,17.762,1.966,27.051,0,0,1.046
0.714,33.483,1.413,233.282,1.134,40.453,0.746,6.303,0,0,1.034
0.886,30.972,2.535,272.881,1.144,0.596,0.344,1.113,1,0,1.033
0.827,33.086,4.612,303.836,0.890,19.441,0.453,3.649,0,0,1.040
0.951,34.459,5.845,176.420,0.886,16.958,0.939,7.077,0,0,1.009
1.122,29.396,1.142,137.527,0.888,0.421,1.103,3.266,0,0,1.016
1.006,35.304,3.157,236.316,1.060,0.417,0.204,8.607,0,1,1.036
0.715,37.473,1.573,271.340,1.066,46.713,1.222,0.377,0,0,1.028
0.885,29.730,2.249,134.534,1.144,38.857,0.223,8.322,1,0,1.004
0.709,37.610,7.229,63.827,1.187,65.109,0.391,7.241,0,0,0.958
1.000,27.560,1.734,80.048,2.244,0.400,0.941,29.510,0,0,1.060
1.007,27.866,6.666,217.510,1.027,3.043,0.540,18.048,0,1,1.049
0.713,31.228,0.000,317.801,1.489,1.072,0.175,27.585,0,1,1.087
0.978,34.452,1.982,150.330,1.217,23.251,0.679,5.939,0,1,1.030
0.789,31.012,11.103,124.168,1.513,37.493,0.616,26.415,0,1,1.035
0.761,30.020,1.757,253.239,1.166,12.142,1.144,1.723,0,0,1.052
1.037,29.423,1.756,206.598,1.096,2.214,0.842,12.729,1,0,1.021
1.089,24.773,4.102,114.079,1.273,0.450,1.037,38.406,0,0,1.058
1.147,28.099,1.085,126.600,1.083,0.548,0.901,18.943,0,0,1.035
1.010,31.343,4.913,129.779,2.072,6.167,0.421,42.556,0,1,1.085
0.898,30.109,1.514,105.995,1.378,22.090,0.280,9.862,0,0,1.022
0.871,32.585,8.281,253.685,0.936,4.995,0.947,2.873,0,0,1.029
0.972,29.866,3.027,177.775,0.717,33.852,2.624,22.843,0,0,1.028
0.995,27.653,5.576,152.255,1.263,3.188,0.502,43.012,0,0,1.057
1.004,32.303,5.273,158.104,1.337,4.175,0.727,32.844,0,0,1.047
0.971,31.632,3.489,179.458,1.947,0.846,1.008,56.980,0,1,1.092
0.811,29.593,4.028,288.650,1.035,4.492,0.205,9.890,0,0,1.054
0.952,28.331,1.950,229.409,0.671,26.418,0.761,2.527,0,0,1.032
1.169,32.820,2.609,159.590,0.860,0.401,0.975,20.367,0,0,1.022
0.783,25.458,7.498,291.395,1.117,3.024,1.278,16.280,0,1,1.064
1.004,31.722,6.794,171.361,1.073,6.499,0.870,1.857,1,0,1.004
0.961,31.070,4.072,95.023,1.800,1.450,0.261,1.629,0,0,1.035
0.851,27.391,6.803,88.046,1.849,9.579,1.752,20.991,0,0,1.037
0.951,34.165,3.859,212.877,0.904,8.224,1.163,1.104,0,0,1.017
1.087,28.704,3.863,260.273,0.921,0.454,0.240,31.783,0,1,1.050
1.047,37.007,5.258,106.240,1.849,3.541,1.029,0.268,0,1,1.058
0.932,27.307,1.893,358.489,0.818,1.150,1.046,34.796,0,0,1.060
0.898,35.030,14.217,217.447,0.691,21.338,0.296,7.116,0,0,1.002
0.961,35.266,7.716,200.869,1.548,0.522,0.673,8.854,1,1,1.043
0.778,34.476,3.834,137.552,2.281,8.389,0.477,8.534,0,0,1.062
1.212,26.194,4.797,106.004,0.880,17.283,1.610,0.598,0,1,1.043
0.920,26.585,7.628,308.277,0.900,20.605,1.568,10.492,1,1,1.037
1.046,35.432,5.267,322.541,0.773,3.091,1.743,14.815,1,0,1.009
0.874,31.588,2.483,196.470,1.598,17.741,1.366,10.987,1,1,1.041
0.758,30.757,4.377,223.623,1.411,9.368,0.650,25.689,0,0,1.056
1.057,28.140,4.383,205.188,1.117,0.401,1.367,28.901,1,0,1.034
1.125,30.908,3.127,206.960,0.859,0.571,0.502,30.566,0,0,1.036
0.940,32.364,4.014,167.029,1.223,0.420,0.740,0.900,0,0,1.027
0.792,24.973,5.506,149.823,1.324,31.654,1.329,14.341,0,1,1.051
1.033,32.625,5.277,174.424,1.677,2.019,0.605,45.490,0,1,1.081
0.970,32.993,2.513,153.347,1.601,0.401,1.736,22.642,0,0,1.052
0.748,30.263,12.567,235.112,1.661,3.116,0.416,11.315,1,1,1.051
0.910,29.183,4.119,138.828,1.207,12.081,0.839,8.562,0,0,1.028
0.978,32.441,9.591,293.627,0.621,2.739,1.630,3.327,0,0,1.018
1.012,26.323,2.327,246.983,0.861,0.571,0.867,28.854,0,0,1.049
0.993,25.515,3.269,124.826,0.761,22.658,0.718,0.213,0,0,1.025
1.053,35.092,3.908,174.417,0.881,11.034,0.259,16.582,0,0,1.015
1.061,30.292,5.355,124.703,1.583,0.401,0.442,8.855,0,1,1.058
1.024,29.962,7.684,176.936,1.292,6.905,0.649,35.151,0,1,1.065
0.970,27.244,2.842,160.260,1.240,0.400,0.263,23.452,0,0,1.046
0.928,29.717,4.177,359.031,0.768,3.759,0.518,19.534,0,0,1.052
1.253,22.828,2.839,205.215,0.683,0.400,0.352,41.248,0,0,1.059
0.838,27.846,5.701,380.233,0.832,5.089,1.229,23.098,0,0,1.068
0.992,33.623,1.380,306.972,0.611,27.046,0.351,12.404,0,0,1.023
0.960,30.785,12.592,315.320,0.612,2.009,0.646,9.651,0,0,1.028
0.808,33.975,3.976,56.578,1.945,53.821,1.938,2.294,0,1,1.011
0.803,27.309,3.935,140.745,2.189,0.926,0.820,11.788,0,1,1.075
0.966,30.976,3.956,142.881,0.730,31.998,0.652,10.576,0,0,1.015
0.961,29.300,5.734,159.649,1.768,0.515,0.399,35.523,0,1,1.080
0.968,36.289,7.442,143.582,0.907,14.436,0.271,0.680,0,0,0.997
0.838,27.841,1.471,276.696,1.199,2.256,1.450,8.553,1,0,1.047
0.973,32.127,4.297,161.585,1.327,4.568,1.542,23.923,0,0,1.043
0.877,28.574,2.896,270.531,0.915,7.132,0.752,6.912,0,0,1.047
1.093,25.017,1.516,63.721,3.093,1.053,1.058,37.168,0,1,1.098
0.900,31.234,2.192,180.227,1.039,35.812,1.276,2.759,0,1,1.036
1.067,25.712,2.164,122.496,1.183,0.408,0.794,16.374,0,0,1.040
0.782,28.487,10.663,174.471,1.311,1.379,0.423,0.577,0,0,1.029
0.919,30.042,9.290,213.823,1.462,0.621,2.573,46.351,0,1,1.080
0.755,33.259,4.989,251.969,1.325,18.842,0.707,0.416,0,1,1.054
1.162,33.615,3.911,140.995,1.435,0.403,2.459,25.083,0,1,1.064
0.882,26.803,4.181,177.778,1.192,1.769,1.007,12.236,0,0,1.042
1.008,34.967,9.207,97.112,1.544,0.554,1.019,3.634,0,0,1.027
0.855,30.169,2.493,154.491,1.753,0.994,0.843,21.049,0,0,1.058
0.975,29.130,2.347,159.802,1.582,0.915,0.245,9.909,0,1,1.062
0.769,36.457,10.048,242.638,1.126,33.280,0.449,3.206,0,1,1.027
1.035,28.706,1.073,332.640,0.741,11.405,0.835,18.699,0,1,1.041
0.995,28.225,2.828,207.028,1.147,0.421,0.811,42.605,0,0,1.058
0.922,32.597,2.359,152.280,1.397,3.717,0.259,0.728,0,0,1.033
0.763,31.979,5.421,302.857,1.028,17.747,0.846,5.721,0,0,1.053
0.974,27.674,4.329,214.761,0.892,0.423,1.352,9.310,0,0,1.036
0.883,32.653,10.873,287.891,0.781,13.462,0.554,10.627,0,0,1.032
0.963,29.400,3.323,146.766,1.754,0.476,0.326,11.320,0,1,1.068
0.824,34.668,14.002,284.596,1.114,0.488,0.923,19.730,0,0,1.050
1.233,24.382,4.423,115.003,1.528,0.434,1.473,36.596,0,1,1.086
1.152,26.090,0.751,180.147,0.872,1.464,0.475,27.114,0,0,1.044
0.941,26.079,1.903,194.598,1.416,0.483,0.448,21.279,0,1,1.067
0.745,24.469,2.795,295.625,1.076,0.853,0.983,34.265,0,0,1.076
1.033,31.516,14.801,111.398,1.323,2.813,0.845,6.210,0,1,1.043
0.819,34.037,2.757,291.968,1.337,0.402,0.584,1.096,1,0,1.051
0.915,30.987,3.143,261.455,0.973,0.437,0.240,7.536,0,0,1.042
0.717,31.093,5.855,183.409,1.707,21.721,0.299,7.381,0,1,1.056
0.961,27.966,3.586,147.673,1.669,1.008,0.548,10.551,0,1,1.064
0.976,35.005,2.806,232.803,0.876,29.982,0.984,11.731,1,0,1.002
0.971,26.167,1.482,90.710,2.624,0.402,1.035,16.126,0,1,1.085
0.806,34.112,8.290,286.027,0.873,61.660,0.461,8.664,1,1,1.013
0.842,32.339,2.443,257.570,1.299,3.268,0.817,1.187,0,1,1.060
1.131,26.608,1.544,255.974,0.612,2.596,1.327,15.240,0,0,1.034
0.821,34.411,3.957,236.937,1.094,30.605,1.256,25.126,0,0,1.033
0.878,24.778,10.284,284.423,0.815,8.012,1.179,54.050,0,0,1.074
1.084,28.373,2.987,89.983,1.461,0.410,2.561,11.326,0,0,1.038
0.955,24.906,1.530,308.142,0.757,4.818,1.536,18.086,0,0,1.057
0.902,24.143,1.794,324.413,0.798,2.932,0.756,18.759,0,0,1.065
0.805,34.955,1.020,388.924,1.164,0.856,0.924,29.182,0,0,1.080
0.998,26.040,1.071,211.129,0.868,0.888,1.967,2.131,0,0,1.036
0.781,28.285,6.793,129.417,1.796,1.488,0.960,1.650,0,0,1.040
0.965,28.166,0.671,362.400,0.942,0.751,1.436,41.950,0,1,1.057
0.936,28.112,1.631,150.232,1.267,2.678,0.566,3.165,0,0,1.035
0.847,32.482,12.543,169.920,1.561,10.419,1.492,14.793,0,1,1.054
0.952,30.732,4.679,186.210,1.002,7.652,1.808,9.221,0,0,1.030
0.705,30.911,6.798,268.508,1.115,39.745,0.457,2.848,0,1,1.051
1.114,28.533,3.232,229.464,0.752,1.341,0.859,26.932,0,0,1.040
1.001,30.056,2.594,127.806,1.929,2.022,0.426,14.262,0,1,1.074
1.022,33.929,0.650,205.336,1.035,0.974,1.251,10.197,0,0,1.030
1.068,27.560,2.430,213.067,0.802,4.316,0.280,20.194,0,0,1.039
1.025,34.278,5.598,97.785,1.624,0.795,1.960,3.329,0,0,1.034
0.981,29.411,6.008,165.569,1.504,0.400,0.500,18.264,0,1,1.065
0.899,31.286,1.170,165.486,1.560,4.763,0.203,20.987,0,0,1.053
0.848,30.134,5.269,196.061,1.455,0.663,0.247,28.947,0,0,1.060
1.021,31.844,7.434,109.907,1.886,0.451,0.796,4.848,0,1,1.066
1.035,24.816,1.882,119.691,1.633,5.301,0.913,33.435,1,0,1.043
0.867,26.291,1.267,241.147,1.040,1.477,0.224,8.060,0,0,1.052
0.725,32.837,2.998,480.815,0.738,75.105,1.077,3.267,0,0,1.090
1.058,24.027,4.332,176.744,0.854,20.665,0.370,70.806,0,0,1.079
1.160,31.371,0.675,149.916,1.295,0.486,0.486,13.430,0,1,1.054
0.831,24.299,8.714,172.050,0.935,14.384,0.252,8.709,0,0,1.037
0.848,34.219,10.223,152.259,1.640,1.210,1.361,3.441,0,0,1.040
1.082,30.910,11.006,92.783,1.416,0.425,0.295,27.848,0,0,1.052
1.061,37.054,3.954,118.669,1.331,1.643,1.674,4.668,0,0,1.024
0.799,30.147,1.368,256.869,0.759,54.303,0.520,10.279,0,0,1.046
1.177,31.707,1.691,202.600,0.837,0.400,2.100,9.510,1,0,1.006
1.000,27.434,0.759,338.550,0.771,0.490,2.923,29.337,0,0,1.054
0.920,23.437,6.958,237.525,1.161,5.242,1.030,66.791,0,1,1.088
0.800,29.539,2.883,177.798,1.163,35.528,0.857,46.913,0,0,1.042
0.791,32.633,2.680,184.416,1.525,14.638,0.761,13.783,0,0,1.047
0.949,28.415,0.812,141.516,1.056,21.991,1.951,14.803,0,0,1.034
1.054,29.133,6.137,170.391,0.645,8.661,0.413,0.380,0,0,1.015
0.903,30.635,14.040,180.073,1.008,3.556,1.118,14.409,0,0,1.029
0.869,31.964,3.338,382.346,0.687,31.166,0.299,2.359,0,0,1.054
0.983,32.195,6.904,114.545,1.780,7.898,0.370,5.260,0,1,1.058
0.845,31.739,1.642,298.076,1.057,0.456,0.101,2.970,0,0,1.057
1.031,26.600,1.296,256.789,0.742,0.411,1.168,6.488,0,0,1.039
0.918,31.015,3.997,243.631,1.012,0.421,1.281,8.516,0,0,1.042
0.983,28.705,9.078,182.194,0.858,0.527,0.426,7.001,0,0,1.026
0.872,33.687,2.594,234.567,1.264,0.713,0.192,7.957,0,0,1.050
0.953,28.466,4.148,359.160,0.734,0.466,0.478,18.050,0,0,1.054
0.793,30.808,2.756,305.715,1.285,3.578,0.509,19.563,0,1,1.074
0.973,28.977,13.252,83.469,1.488,1.260,1.247,14.840,0,0,1.035
0.923,24.731,2.111,260.139,0.968,8.716,0.433,64.372,0,0,1.072
1.129,26.149,4.576,252.501,0.630,6.449,1.472,0.936,1,0,1.016
1.164,26.090,2.134,82.492,1.569,0.400,0.825,29.859,0,0,1.059
0.839,29.539,7.100,209.914,1.269,12.824,0.569,3.606,0,1,1.051
0.865,31.850,3.051,323.147,0.876,24.308,0.632,1.332,0,1,1.048
0.976,36.185,6.716,179.702,1.327,1.179,1.109,1.176,0,1,1.045
0.975,26.664,2.533,118.709,2.207,0.666,0.238,32.212,0,1,1.087
0.861,30.509,3.953,122.118,0.955,35.961,1.954,1.809,0,0,1.014
0.968,33.564,4.782,206.709,1.346,2.868,0.243,17.462,0,1,1.058
1.198,23.208,3.757,170.350,1.081,1.241,0.328,25.555,0,1,1.069
0.837,29.912,3.080,81.248,1.489,47.051,0.212,14.949,1,0,0.997
0.865,26.020,1.807,242.430,0.900,17.875,0.499,13.176,0,0,1.054
0.987,34.483,0.679,180.659,0.648,39.213,0.900,10.898,0,0,1.008
0.811,32.090,5.068,186.554,1.557,1.599,0.976,6.430,0,0,1.052
0.963,34.768,3.433,192.160,1.705,6.379,0.987,14.126,1,1,1.053
0.991,28.787,0.724,114.839,1.269,31.927,1.069,2.939,0,1,1.045
0.896,31.342,4.336,267.295,1.165,0.400,0.357,34.637,0,0,1.063
0.955,34.444,3.184,329.337,0.947,0.400,0.533,27.282,0,0,1.051
0.912,33.271,4.284,165.879,1.591,1.317,0.750,17.697,0,0,1.054
0.837,36.681,8.449,166.406,1.602,10.768,0.319,8.207,0,0,1.039
0.821,31.062,3.135,251.455,1.255,10.281,1.350,33.375,0,0,1.061
0.952,28.677,2.674,209.200,1.311,6.756,0.372,25.202,0,1,1.064
0.841,34.343,4.558,117.571,1.937,13.821,1.832,2.346,0,0,1.039
1.019,30.457,4.302,241.776,0.859,4.358,2.340,24.610,0,0,1.042
1.062,29.383,7.500,100.015,2.348,0.631,2.177,10.518,1,1,1.069
0.846,30.387,2.929,160.735,1.282,14.321,0.272,0.427,0,0,1.033
0.844,35.841,6.541,377.029,0.894,2.809,1.359,0.466,0,0,1.055
0.872,32.153,10.152,196.055,0.803,26.394,0.614,6.552,0,0,1.018
1.050,25.764,1.721,151.120,1.441,1.573,0.482,11.456,0,1,1.063
1.017,28.238,8.844,193.677,1.189,1.143,0.496,27.426,0,1,1.065
0.879,33.746,13.183,144.100,1.984,2.110,1.211,12.527,0,1,1.074
0.913,31.128,3.733,270.650,0.927,0.423,2.055,2.444,0,0,1.042
0.885,31.296,9.171,236.674,0.832,32.598,0.470,1.691,1,0,1.012
0.891,34.810,9.161,227.028,1.045,1.358,0.970,0.353,0,0,1.028
1.001,31.933,6.435,216.318,0.943,0.414,0.959,17.438,0,0,1.037
0.997,27.108,2.875,173.902,1.224,3.052,0.373,41.834,0,0,1.061
0.923,30.311,3.769,136.446,1.700,14.427,1.097,11.597,0,1,1.060
1.140,25.098,4.422,133.688,1.695,3.103,2.032,60.706,0,1,1.101
0.832,27.054,4.081,355.203,0.702,44.214,1.119,34.051,0,0,1.071
0.875,27.823,5.010,303.054,0.869,4.085,0.198,11.297,0,0,1.056
0.973,27.032,7.040,259.423,0.982,1.527,0.356,20.133,0,1,1.058
0.856,28.022,6.098,248.102,1.105,0.475,0.295,27.463,0,0,1.061
1.030,26.900,1.574,130.277,1.797,2.816,1.403,21.904,0,1,1.075
1.095,29.138,1.953,104.349,1.554,10.552,0.693,4.272,0,1,1.056
0.969,27.055,5.822,208.973,1.339,1.000,1.282,41.256,0,1,1.078
0.709,33.708,5.522,272.383,1.013,44.544,0.452,6.903,0,0,1.041
0.935,25.808,5.490,279.023,0.929,0.434,1.164,49.709,0,0,1.071
0.821,28.692,12.922,96.458,2.965,1.602,0.373,21.598,0,1,1.094
0.995,26.562,3.655,229.089,1.350,1.736,0.625,65.922,0,1,1.086
1.052,29.082,1.446,189.658,0.637,27.555,0.356,13.845,0,0,1.032
0.944,28.290,7.666,248.732,0.820,4.906,1.776,15.805,0,0,1.044
0.978,32.067,3.953,230.879,0.803,16.189,0.448,13.883,0,0,1.031
0.823,29.830,10.370,227.321,1.116,0.887,0.881,7.044,0,0,1.043
0.940,30.548,1.944,178.952,1.860,0.400,0.882,36.331,0,1,1.087
0.975,37.037,3.230,196.609,1.089,35.872,1.257,27.977,1,0,1.001
0.845,32.025,4.091,375.217,0.950,1.330,1.569,16.913,0,0,1.069
1.134,27.370,2.446,118.092,2.280,1.348,0.348,68.457,0,1,1.112
1.076,27.675,0.695,456.212,0.686,1.308,1.649,50.444,0,1,1.037
1.069,31.299,4.250,167.779,1.268,5.608,1.233,18.743,0,1,1.057
0.848,30.421,9.073,133.041,1.613,1.919,1.030,3.649,0,0,1.038
0.939,27.867,5.031,325.110,0.718,1.807,0.692,2.630,0,0,1.048
1.029,32.899,0.581,315.563,0.840,0.402,0.351,9.904,0,1,1.038
1.151,26.446,1.136,221.289,0.705,12.699,0.776,3.143,1,0,1.020
1.036,29.340,4.510,104.928,1.385,0.752,1.036,7.531,0,0,1.036
1.170,27.262,3.968,103.895,1.346,0.912,0.184,35.997,0,0,1.063
1.084,29.580,0.908,252.012,0.830,9.923,1.917,39.345,0,0,1.047
0.836,37.278,3.854,95.371,0.903,57.491,0.738,12.055,0,0,0.983
0.709,34.784,6.227,207.333,1.407,26.065,1.089,0.227,0,0,1.037
1.038,31.198,4.197,219.689,0.833,5.535,1.717,17.575,0,0,1.034
0.788,27.404,1.024,131.313,1.698,10.878,0.481,7.308,0,0,1.046
1.091,28.394,3.397,97.221,1.193,4.033,0.302,7.289,0,0,1.032
0.901,26.192,3.926,317.891,0.739,17.536,1.082,17.088,0,0,1.063
1.403,22.485,0.817,173.629,1.006,0.413,0.534,34.355,0,1,1.076
1.295,22.784,1.278,95.252,1.382,0.438,1.240,50.738,0,0,1.083
1.018,30.017,0.738,86.364,2.861,0.858,1.564,7.430,0,1,1.101
0.915,29.847,2.508,263.390,1.111,16.648,2.111,30.866,0,1,1.060
0.965,25.314,3.912,273.343,0.837,13.104,1.104,4.648,1,0,1.038
1.104,26.812,4.445,102.608,1.735,2.002,1.234,10.746,0,1,1.070
1.086,27.878,1.306,232.213,0.991,1.268,0.419,15.399,0,1,1.052
0.863,38.454,3.632,201.065,1.664,3.063,1.787,8.073,0,0,1.062
0.985,31.854,7.830,164.215,1.354,3.441,1.414,7.401,0,1,1.053
1.016,29.764,1.447,180.339,1.608,0.402,1.024,32.873,0,1,1.079
0.913,25.884,0.765,173.193,1.285,8.036,0.393,40.634,0,0,1.062
0.923,31.866,4.585,192.899,1.055,11.090,1.482,8.745,0,0,1.034
1.242,29.839,1.393,159.123,0.700,0.405,0.516,14.984,0,0,1.026
0.985,28.383,4.888,363.191,0.694,1.058,0.156,22.324,0,0,1.055
0.977,26.146,8.638,233.382,0.926,25.395,0.394,3.064,1,1,1.037
0.929,25.491,2.366,177.244,1.159,0.420,0.248,13.645,0,0,1.049
1.010,29.778,5.489,239.297,0.928,3.570,0.694,4.434,0,1,1.044
1.153,24.296,1.484,94.508,1.707,3.269,0.205,3.429,0,1,1.066
0.836,31.454,2.702,347.532,1.093,1.152,0.409,32.708,0,0,1.076
0.825,34.454,12.242,114.549,1.690,16.191,1.563,4.664,0,0,1.024
0.928,32.354,2.830,146.383,1.648,3.991,1.369,16.570,0,0,1.054
0.871,35.180,4.236,132.809,0.840,45.988,2.246,6.684,0,0,1.001
0.830,30.437,10.680,140.429,1.606,0.727,0.373,4.439,0,0,1.040
0.928,31.721,6.315,145.329,1.724,0.477,1.256,27.494,0,0,1.064
0.861,31.254,4.141,158.971,1.329,36.829,2.224,22.011,0,1,1.047
0.983,26.020,2.658,358.279,0.787,0.443,0.703,10.825,0,1,1.055
0.853,30.155,5.198,52.289,2.471,39.393,1.000,11.738,0,1,1.038
0.990,28.068,1.643,186.528,1.457,1.150,1.544,63.698,0,0,1.078
1.083,31.924,1.157,220.734,0.839,10.698,0.580,26.181,0,0,1.036
1.109,31.701,4.138,126.790,0.948,12.030,0.177,20.140,0,0,1.031
0.937,31.954,3.479,88.296,1.561,20.900,0.129,9.573,0,0,1.027
1.109,28.745,2.557,246.456,0.838,2.524,1.573,40.166,0,0,1.053
1.034,25.898,5.984,126.840,1.677,0.622,0.235,20.807,0,1,1.075
0.869,32.454,1.990,396.856,0.787,13.756,1.143,1.335,0,0,1.064
1.004,35.468,5.656,376.914,0.631,19.168,1.085,3.775,1,0,1.012
0.832,25.287,3.599,254.398,0.670,51.007,0.290,21.620,0,0,1.069
0.823,27.574,4.680,246.911,1.161,0.652,0.922,21.375,0,0,1.063
1.198,28.781,2.928,87.066,2.034,0.879,1.902,20.726,0,1,1.088
0.808,30.375,2.994,285.572,1.122,2.613,0.313,6.324,0,0,1.064
0.873,35.774,8.381,276.407,1.227,5.804,2.175,10.158,1,0,1.037
0.780,32.454,2.272,194.345,1.110,35.160,1.288,2.156,0,0,1.033
1.024,27.754,2.426,123.393,1.471,0.404,2.177,22.192,0,0,1.053
0.928,27.996,1.622,207.031,1.599,1.248,0.885,45.916,0,1,1.085
0.924,32.950,4.426,254.921,1.035,0.421,1.268,10.335,0,0,1.046
0.960,28.164,5.854,184.236,1.102,12.221,0.125,45.745,0,0,1.061
0.906,30.670,10.201,185.734,0.886,22.076,0.548,22.189,0,0,1.035
0.890,24.318,5.016,121.182,1.368,6.685,1.009,23.896,0,0,1.050
1.081,25.389,5.929,139.877,1.418,0.685,1.760,19.446,0,1,1.071
1.144,29.317,2.383,270.014,0.627,2.706,1.150,22.852,0,0,1.036
0.937,37.287,5.894,159.867,2.204,0.665,0.147,0.192,1,1,1.077
0.996,21.796,1.086,327.966,0.684,8.139,0.606,31.716,0,0,1.072
0.819,26.190,3.597,350.973,0.874,15.993,0.237,38.747,0,0,1.078
0.871,27.578,1.842,260.942,1.236,0.522,0.587,9.268,0,1,1.069
1.008,24.776,3.886,79.758,1.525,20.584,1.195,15.453,1,0,1.026
0.914,34.882,2.711,184.670,1.218,28.773,2.188,10.785,0,1,1.040
0.808,26.492,3.452,154.151,1.671,0.516,0.847,28.681,0,0,1.064
0.980,33.790,15.047,248.328,0.650,10.739,1.329,18.248,0,0,1.025
0.785,35.341,3.565,122.225,1.743,32.563,1.569,9.545,0,0,1.024
0.947,29.689,7.029,207.838,1.446,0.511,1.928,5.123,1,1,1.047
0.807,30.933,5.780,123.366,0.994,43.574,1.544,9.033,0,0,1.017
0.816,37.245,3.446,292.706,0.891,45.577,0.653,15.879,0,0,1.027
0.784,28.324,2.394,283.303,1.246,1.280,0.996,36.912,0,0,1.079
0.991,31.188,7.260,125.469,1.774,1.202,0.368,4.054,0,1,1.066
1.000,22.413,4.668,121.555,1.637,8.564,0.561,35.993,0,1,1.082
0.991,33.364,3.998,273.288,0.999,0.432,1.262,11.796,0,1,1.048
0.983,27.131,6.826,176.736,1.089,11.593,1.645,1.760,0,1,1.049
0.870,31.266,8.051,204.295,1.284,0.427,0.390,16.584,0,0,1.052
1.112,27.747,3.455,204.795,0.763,16.567,1.589,3.053,0,1,1.044
0.866,29.046,2.973,205.868,1.434,0.582,0.737,36.436,0,0,1.070
1.108,29.725,3.452,152.591,1.358,2.984,0.689,18.920,0,1,1.065
0.901,29.281,8.353,103.223,1.941,10.314,1.041,45.402,0,0,1.066
1.047,28.562,1.597,80.471,3.272,0.413,0.926,34.438,0,1,1.118
1.052,31.779,4.885,173.958,0.983,0.438,1.305,12.220,0,0,1.033
0.850,29.774,5.951,188.548,1.688,1.208,0.728,20.382,1,0,1.051
0.883,28.882,1.792,114.394,1.701,7.703,2.157,1.686,0,0,1.043
0.780,34.620,5.847,253.514,0.984,33.162,1.131,0.115,0,0,1.034
1.042,29.805,1.626,65.284,1.071,45.607,0.166,14.485,1,0,1.008
0.910,26.990,0.950,116.897,1.496,8.843,0.559,4.535,0,0,1.041
1.017,31.363,7.331,143.914,1.539,1.297,0.392,10.504,0,1,1.064
0.961,29.495,4.246,280.039,0.913,3.575,0.425,29.663,0,0,1.057
0.930,23.933,1.730,257.867,0.740,20.991,0.297,8.458,0,0,1.062
0.734,33.666,4.261,225.655,1.351,40.514,1.450,19.080,0,1,1.049
1.003,30.080,4.154,163.045,1.589,0.434,2.221,18.436,0,1,1.073
0.706,27.430,8.840,261.976,1.169,5.402,0.762,2.022,0,0,1.060
0.807,29.759,6.696,221.549,1.425,9.115,0.201,11.911,0,1,1.066
0.898,29.962,3.623,105.359,1.764,8.057,2.010,3.190,0,0,1.041
1.030,29.250,6.379,128.154,1.675,0.400,0.644,10.322,0,1,1.069
1.020,31.352,2.461,194.020,1.240,0.403,0.911,31.260,0,0,1.057
0.908,26.428,2.507,167.996,1.835,0.400,0.616,40.295,0,1,1.089
0.940,28.629,8.085,114.802,1.397,6.940,0.219,17.167,0,0,1.042
1.196,25.572,2.125,130.083,1.457,0.441,0.561,22.320,0,1,1.076
1.096,26.447,3.821,184.310,0.740,0.497,0.695,3.325,0,0,1.032
1.144,27.420,1.035,56.415,3.150,10.616,1.184,42.260,0,1,1.101
0.749,29.793,1.750,122.366,2.359,16.400,1.478,53.842,0,0,1.063
0.787,32.370,9.177,151.223,1.594,13.676,0.326,8.713,0,0,1.039
0.805,28.859,4.066,307.056,0.865,26.633,1.087,7.283,0,0,1.063
1.135,32.071,3.591,213.803,0.778,0.402,0.531,21.712,0,0,1.033
0.926,32.081,7.596,294.069,0.832,0.403,0.330,5.335,0,0,1.042
1.166,37.633,2.212,78.029,2.326,10.819,1.040,0.339,1,1,1.066
1.106,26.290,4.548,189.157,1.327,7.030,1.974,64.980,0,1,1.093
1.142,29.928,2.526,163.355,1.697,0.530,0.794,54.941,0,1,1.096
0.758,34.363,5.043,335.012,1.332,4.883,1.275,18.369,0,1,1.082
0.815,36.689,4.699,220.451,1.832,2.042,0.526,9.466,0,1,1.089
0.932,33.278,8.204,335.051,0.734,1.008,1.442,1.281,0,0,1.039
0.713,26.053,2.702,137.842,1.928,1.663,0.781,1.988,0,0,1.055
1.044,31.628,2.069,198.494,1.294,1.631,1.028,18.707,0,1,1.063
0.968,32.398,1.646,180.757,0.948,33.281,0.122,2.085,1,0,1.010
0.996,27.075,7.857,115.246,1.849,0.421,1.302,12.478,0,1,1.074
0.807,29.268,10.394,231.513,1.166,0.511,0.207,10.925,0,0,1.052
1.331,19.028,3.972,132.096,0.694,1.872,0.100,13.689,0,0,1.062
0.889,22.493,6.525,153.615,1.532,0.479,0.543,1.557,0,1,1.061
0.943,31.791,9.882,123.077,1.736,16.820,0.925,24.604,0,1,1.067
0.984,22.555,7.606,254.120,0.906,1.957,0.322,8.931,0,1,1.061
1.039,29.412,2.247,335.697,0.621,22.654,0.471,31.056,0,0,1.049
0.998,25.346,1.076,422.454,0.657,0.405,2.555,26.137,0,0,1.068
0.961,26.365,2.515,302.219,0.944,3.979,0.179,60.743,0,0,1.075
1.046,22.862,1.966,139.383,1.322,0.514,1.400,54.766,0,0,1.079
0.812,36.122,1.380,311.694,1.253,7.858,0.802,15.490,0,0,1.071
1.037,29.685,3.795,206.880,0.919,7.045,0.841,25.334,0,0,1.047
0.910,31.503,2.688,294.674,0.976,4.626,0.727,17.166,0,0,1.057
1.034,32.662,8.704,209.850,0.751,0.404,1.629,6.759,0,0,1.023
0.875,25.109,3.401,178.800,1.135,7.055,1.461,12.650,0,0,1.052
1.023,28.485,1.223,155.609,1.357,0.402,0.469,26.965,0,0,1.058
0.929,26.280,9.287,212.690,1.126,4.401,0.379,24.523,1,0,1.044
1.003,29.288,2.366,380.224,0.632,3.200,0.155,7.080,0,0,1.051
0.835,32.948,11.267,276.907,1.171,0.411,2.009,25.628,0,0,1.065
0.872,30.815,1.155,140.325,1.629,11.923,1.519,12.306,0,0,1.049
1.162,26.613,2.493,310.898,0.766,0.400,0.760,66.063,0,0,1.067
0.931,31.942,6.748,164.308,1.244,27.784,1.062,21.927,0,1,1.051
1.282,25.761,1.036,129.207,1.380,0.417,0.170,24.780,0,1,1.078
1.124,31.633,9.959,97.096,1.187,28.773,0.341,38.550,0,1,1.069
0.942,30.964,4.190,361.515,0.754,19.157,0.830,32.310,0,0,1.056
0.909,33.000,8.071,237.602,0.850,16.840,1.191,8.149,0,0,1.032
1.161,29.014,3.700,53.815,3.129,0.432,0.369,11.422,0,1,1.112
0.725,35.569,9.578,189.246,1.827,8.571,0.116,1.892,0,0,1.059
0.757,33.965,7.193,357.826,1.139,18.476,0.540,21.532,0,1,1.068
0.934,28.647,5.033,116.036,1.884,2.160,1.025,32.798,0,0,1.068
0.851,29.738,8.537,292.956,1.147,1.353,0.552,53.404,0,0,1.081
0.927,32.288,3.886,122.120,2.501,0.611,0.823,8.940,0,1,1.100
1.162,31.644,9.429,141.652,1.131,2.754,0.686,0.600,1,1,1.028
1.081,22.424,1.127,274.832,0.730,2.016,0.568,33.829,0,0,1.066
0.831,26.873,5.125,140.174,1.714,5.240,0.896,43.272,0,0,1.069
0.870,32.597,8.174,233.929,1.202,0.524,1.552,14.739,0,0,1.054
1.110,26.735,2.208,201.322,0.914,0.471,0.561,30.574,0,0,1.056
0.995,30.157,7.130,193.818,1.146,1.193,0.328,5.948,1,0,1.026
0.817,31.539,6.898,346.791,0.975,0.400,1.885,5.777,0,0,1.068
0.884,27.920,3.723,310.551,1.085,1.606,0.480,20.355,1,0,1.057
1.011,27.956,5.468,154.974,1.117,0.405,1.827,15.077,0,0,1.046
0.935,32.083,5.674,159.287,1.171,7.326,0.915,1.745,0,0,1.031
0.806,37.567,1.517,309.015,0.847,50.927,1.420,7.209,0,0,1.032
1.086,26.910,8.708,176.683,1.124,0.488,0.819,21.923,0,1,1.068
0.987,32.023,6.916,192.366,0.986,5.017,0.157,13.706,0,0,1.037
0.975,32.031,3.566,262.770,0.828,17.515,1.526,23.144,0,0,1.043
1.036,30.311,3.630,203.654,1.050,3.790,0.131,31.270,0,0,1.054
0.990,25.904,3.956,287.652,1.071,3.077,0.609,15.908,1,1,1.050
0.719,38.319,8.070,231.433,1.530,29.122,0.562,2.389,0,1,1.051
0.962,25.728,6.235,310.134,0.789,1.803,0.659,36.323,0,0,1.069
0.893,27.795,2.969,142.925,2.317,6.552,0.883,25.996,1,1,1.074
1.067,31.434,7.521,93.810,1.399,17.059,0.572,5.646,0,1,1.050
1.125,34.830,3.084,239.020,0.724,0.400,1.694,2.285,0,1,1.023
0.904,29.474,2.736,159.731,1.541,4.325,0.721,25.479,0,0,1.061
1.027,34.557,0.703,122.544,1.830,2.484,1.581,14.698,0,0,1.061
0.895,32.241,6.665,163.141,2.118,2.374,0.695,6.345,1,1,1.071
1.278,25.202,1.313,118.670,1.807,0.638,0.842,52.675,0,1,1.106
0.784,32.406,9.394,270.781,0.860,50.476,1.100,1.962,0,1,1.043
0.883,31.122,1.997,198.528,0.817,39.010,0.973,5.520,0,0,1.035
1.120,36.539,4.676,123.343,1.457,2.647,1.855,6.399,0,1,1.057
1.050,28.112,3.491,179.985,1.208,1.527,0.103,44.444,0,0,1.069
1.051,32.961,3.539,165.484,1.435,0.609,0.296,11.014,0,1,1.065
1.083,29.688,8.746,108.507,1.068,1.017,1.383,10.905,0,0,1.035
0.986,30.026,9.994,196.128,1.528,0.718,1.537,53.670,0,1,1.097
0.966,29.833,5.738,339.845,0.753,0.644,0.106,16.943,0,0,1.055
1.327,23.725,3.246,122.704,1.487,0.419,0.127,43.538,0,1,1.102
0.912,30.982,5.051,154.024,1.912,3.369,1.399,16.121,0,1,1.082
0.888,28.042,9.211,181.413,1.230,0.457,0.376,22.212,0,0,1.056
1.338,26.336,1.786,189.097,0.962,0.417,0.782,66.413,0,0,1.082
0.944,36.366,8.127,306.955,0.761,4.093,1.312,0.717,0,0,1.030
1.313,36.681,0.453,137.729,0.868,4.994,0.664,2.704,1,1,1.009
1.100,32.619,5.042,333.824,0.692,0.468,1.308,36.077,0,0,1.044
1.055,29.886,3.441,137.886,2.075,1.358,0.538,45.844,0,1,1.103
1.264,24.584,2.107,224.392,0.750,0.967,1.546,49.719,0,0,1.069
0.910,36.494,10.260,217.346,1.242,6.879,0.569,6.085,0,1,1.049
1.002,28.070,5.621,214.789,0.814,0.441,1.514,1.528,0,0,1.036
0.812,30.885,6.631,168.230,1.859,0.979,2.169,30.286,0,0,1.076
1.013,29.958,7.372,200.749,1.265,11.372,1.023,45.622,0,1,1.077
1.019,29.462,7.235,274.941,0.664,2.661,1.077,8.191,0,0,1.039
0.863,27.517,6.694,276.424,0.950,1.210,0.562,10.652,0,0,1.060
0.876,33.203,2.134,207.886,1.855,8.637,0.431,44.996,0,1,1.090
0.900,28.681,0.646,109.413,1.329,33.394,0.281,34.825,0,0,1.043
0.995,32.832,11.589,271.669,1.040,3.284,0.332,59.459,0,0,1.076
1.093,34.677,7.795,82.722,2.002,6.219,0.394,8.667,1,0,1.040
0.784,31.925,9.307,387.019,0.699,56.688,0.882,16.074,0,0,1.064
0.895,27.420,9.737,282.398,0.827,0.411,0.658,8.643,0,0,1.053
1.194,31.085,7.758,133.232,1.189,1.587,1.297,46.534,0,0,1.074
0.892,34.845,4.290,169.497,1.339,10.781,0.646,0.496,0,0,1.037
0.890,32.076,7.217,277.189,0.847,31.574,0.938,1.233,1,0,1.026
0.934,30.780,4.781,152.559,1.836,0.597,0.347,7.870,0,1,1.079
1.011,32.256,2.702,200.332,1.007,17.028,0.980,30.826,0,0,1.045
0.912,27.469,1.878,335.779,0.670,39.376,1.221,22.212,0,0,1.070
1.238,34.940,3.438,127.490,0.704,9.523,0.328,3.325,0,1,1.025
0.980,26.720,4.521,176.451,1.445,11.207,2.348,45.814,0,1,1.084
0.977,37.694,5.164,171.305,1.036,11.993,1.499,2.297,0,0,1.018
0.856,35.672,2.529,281.079,1.150,5.563,0.851,3.594,0,0,1.058
0.891,34.288,8.218,161.518,1.972,0.617,0.213,9.095,0,1,1.086
0.903,31.264,3.218,419.209,0.845,0.400,1.157,24.335,0,0,1.074
0.918,29.562,6.845,256.393,0.870,3.826,0.860,3.351,0,0,1.045
1.042,24.050,3.201,198.009,1.180,2.447,0.516,19.761,0,1,1.072
1.051,26.854,8.136,151.067,1.155,23.395,0.670,3.372,1,1,1.040
1.022,29.609,0.915,250.618,0.783,7.697,1.719,6.799,0,0,1.042
0.877,28.045,1.343,370.689,0.955,0.408,0.399,38.540,0,0,1.081
0.817,34.085,6.276,243.304,1.279,5.623,1.049,5.257,0,0,1.057
0.941,28.138,3.438,262.412,1.098,17.938,2.002,3.733,1,1,1.047
0.871,32.735,5.730,121.317,2.105,21.535,0.323,19.359,0,1,1.070
0.823,31.885,3.684,248.767,1.013,23.160,0.511,3.522,0,0,1.049
1.004,30.663,3.001,275.355,0.764,13.187,0.398,18.554,0,0,1.046
0.941,24.698,2.361,174.873,1.039,15.607,0.903,34.062,0,0,1.064
1.135,26.640,7.030,96.115,2.051,1.082,1.071,36.626,0,1,1.103
1.065,32.591,8.532,172.280,0.719,2.255,0.942,2.685,0,0,1.017
1.031,26.470,2.222,354.605,0.667,1.050,0.864,19.360,0,0,1.060
1.118,27.008,6.005,136.465,1.314,0.411,0.127,7.995,0,1,1.065
0.905,36.322,2.964,164.328,1.408,12.447,0.509,1.447,0,0,1.038
1.116,27.869,4.734,174.744,1.348,3.446,1.236,13.212,1,1,1.052
1.176,27.082,8.898,128.186,0.878,1.575,0.618,29.405,0,0,1.060
1.142,26.000,2.290,221.042,0.965,0.416,0.238,16.664,0,1,1.061
0.988,29.278,5.888,291.152,0.748,16.724,0.679,2.837,0,1,1.048
0.837,27.622,1.876,169.466,1.468,4.687,0.903,11.347,0,0,1.059
0.902,28.567,4.065,168.016,2.092,1.061,0.117,57.658,0,1,1.106
1.007,32.111,4.092,145.781,1.254,3.179,0.824,7.645,0,0,1.040
0.938,28.265,2.756,216.476,1.079,9.645,0.258,29.978,0,0,1.061
0.835,30.927,10.564,186.206,1.530,0.998,2.191,29.017,0,0,1.069
0.900,29.548,4.166,259.013,0.856,18.245,0.550,8.853,0,0,1.051
1.008,32.337,9.381,104.574,1.458,12.384,1.136,2.011,1,0,1.015
0.956,32.063,7.855,241.260,0.821,10.040,0.410,9.768,0,0,1.038
1.062,29.375,5.278,139.684,1.458,10.262,0.572,23.697,0,1,1.073
1.088,25.815,3.199,79.302,1.114,55.875,0.673,0.132,1,1,1.047
0.994,34.658,6.654,189.368,1.370,8.901,0.115,21.286,1,0,1.037
0.950,33.666,3.096,106.993,1.907,29.436,0.317,27.133,1,0,1.026
1.187,27.422,3.409,82.588,2.098,0.886,0.683,17.014,0,1,1.092
0.818,26.146,2.921,350.638,0.755,34.733,0.234,1.879,0,0,1.086
1.057,35.411,4.107,166.112,1.530,7.109,2.544,25.837,0,1,1.072
1.260,32.024,2.431,153.034,1.306,2.813,0.766,58.726,0,0,1.077
0.985,31.372,0.459,261.120,0.944,22.827,0.384,13.367,1,0,1.032
0.719,29.489,7.289,320.517,1.103,29.540,0.405,2.029,1,0,1.060
1.073,27.100,5.182,146.849,1.091,0.586,0.903,22.139,0,0,1.055
1.062,29.460,4.149,111.147,1.751,9.667,0.257,15.684,0,1,1.075
0.911,28.759,6.779,183.907,1.391,25.862,2.075,16.276,1,1,1.047
0.843,28.354,2.528,110.165,2.944,3.951,0.920,25.939,0,1,1.106
0.951,30.540,10.749,187.735,1.191,1.037,0.436,1.453,1,0,1.024
1.053,31.649,8.673,119.140,1.716,10.124,0.646,28.325,0,1,1.081
0.909,22.526,0.725,183.196,1.436,5.742,0.571,13.596,0,1,1.077
1.203,29.321,4.742,132.305,0.971,14.083,1.477,13.056,0,1,1.058
1.258,22.999,1.388,131.207,1.486,0.443,0.801,32.844,0,1,1.092
0.885,26.272,0.750,232.199,1.045,7.412,0.411,9.625,0,0,1.062
0.888,36.058,1.181,314.648,1.034,3.817,2.018,3.169,0,0,1.060
0.932,35.598,10.717,177.062,1.576,0.530,0.476,7.505,0,1,1.069
0.989,34.141,3.266,211.881,1.086,0.848,1.578,8.477,0,0,1.043
0.907,35.472,5.410,248.663,1.051,3.941,0.928,1.091,0,0,1.043
0.755,35.467,5.313,278.001,1.561,2.213,0.284,3.671,0,1,1.089
0.917,23.796,8.579,233.300,0.809,35.330,1.771,3.100,0,1,1.070
0.860,35.422,11.502,187.371,1.842,11.627,0.215,11.423,1,1,1.059
0.936,27.786,0.488,333.780,0.812,38.693,1.337,34.483,0,1,1.064
1.299,27.501,4.176,124.302,1.105,7.816,1.282,22.854,0,1,1.075
0.921,32.979,8.348,262.460,0.685,34.610,1.631,17.818,0,0,1.037
1.234,23.648,2.243,324.679,0.616,0.400,1.226,58.046,0,0,1.069
0.830,36.803,7.099,411.313,1.051,3.355,1.235,25.709,0,0,1.081
0.923,29.195,4.218,168.286,1.320,2.921,0.872,13.271,0,0,1.054
1.132,35.793,4.658,161.972,1.324,2.626,0.261,3.598,1,1,1.038
0.732,29.034,8.594,180.509,1.626,4.625,2.380,14.638,0,0,1.062
0.828,31.525,6.092,376.990,0.734,43.062,0.956,15.244,0,0,1.067
1.143,25.152,0.824,188.361,0.922,14.185,0.666,53.443,0,0,1.074
1.172,28.275,6.501,157.652,1.552,0.418,0.772,57.368,0,1,1.108
1.155,29.749,7.731,155.188,1.434,1.327,1.338,43.478,0,1,1.095
1.135,26.357,3.028,248.783,0.825,0.419,1.501,44.830,0,0,1.068
1.008,27.430,4.833,344.276,0.708,0.501,1.373,24.043,0,0,1.063
1.045,30.762,8.400,135.270,1.448,0.783,0.729,10.295,1,0,1.035
0.935,30.717,4.204,339.748,0.726,14.736,0.981,7.564,0,0,1.056
0.712,33.919,5.372,173.133,1.097,55.546,0.848,9.081,0,0,1.022
1.294,29.359,4.272,74.038,1.839,9.099,0.532,62.675,0,0,1.098
1.057,31.384,7.978,101.829,2.072,1.265,0.684,44.060,0,0,1.091
0.811,29.760,1.439,216.001,1.598,8.312,1.685,14.410,1,0,1.058
1.067,28.977,1.239,222.224,1.088,0.400,0.470,10.129,0,1,1.060
1.134,27.185,4.006,186.027,1.187,4.032,0.326,3.774,1,1,1.045
1.049,30.831,5.483,145.171,1.039,2.223,0.186,5.750,0,0,1.035
0.908,29.655,6.359,187.685,0.870,47.788,0.662,12.134,0,1,1.053
1.063,34.064,2.654,283.448,0.742,4.975,0.621,16.419,0,0,1.036
0.889,30.804,4.775,303.315,0.874,9.949,0.532,5.816,0,0,1.058
0.831,32.623,3.950,216.225,1.424,0.696,0.574,2.805,0,0,1.064
0.972,23.733,6.497,199.853,1.367,1.614,1.475,57.687,0,1,1.100
0.944,28.640,6.575,115.704,1.534,5.158,0.168,14.911,0,0,1.052
1.241,29.705,3.573,177.233,0.796,0.401,0.588,4.631,0,1,1.043
0.968,32.203,0.770,195.192,1.295,0.733,1.106,12.393,0,0,1.057
1.040,30.478,2.422,170.850,1.434,3.506,1.107,45.771,0,0,1.073
0.843,36.152,7.651,158.234,1.901,14.243,1.193,0.800,1,0,1.039
0.837,29.098,8.808,103.212,2.152,3.627,1.373,14.747,0,0,1.062
1.080,34.505,2.849,106.993,1.488,0.574,0.731,2.511,0,0,1.043
1.072,27.642,4.855,139.136,1.415,0.496,0.887,1.794,0,1,1.064
0.863,26.455,0.841,480.623,0.616,63.857,0.261,12.600,0,0,1.112
0.911,25.857,1.374,388.758,0.784,0.861,0.570,14.691,0,0,1.081
0.865,30.334,6.486,215.382,1.418,2.928,1.789,4.963,0,1,1.070
1.024,24.517,3.220,188.756,1.207,13.506,0.380,34.282,0,1,1.081
1.361,28.089,3.184,145.812,0.979,0.626,1.088,50.322,0,0,1.079
1.096,29.245,4.717,168.457,0.914,5.236,0.479,20.196,0,0,1.048
1.024,27.583,6.588,243.194,0.962,0.400,0.356,13.967,1,0,1.041
1.041,28.328,3.198,207.611,1.343,1.046,1.938,36.244,0,1,1.082
1.241,28.612,2.541,191.452,0.873,0.686,0.494,40.846,0,0,1.062
1.056,30.248,1.786,91.223,1.884,0.401,0.393,9.353,0,0,1.061
0.972,32.231,6.216,335.267,0.775,0.482,0.861,14.091,0,0,1.053
0.921,33.457,1.054,322.172,1.027,1.105,0.275,2.818,0,1,1.063
1.092,25.615,3.107,171.449,0.960,9.466,0.504,36.674,0,0,1.067
0.935,28.220,1.889,172.068,1.472,0.804,0.471,30.065,0,0,1.071
0.898,24.426,1.229,263.826,1.269,0.400,0.865,43.308,0,1,1.088
0.776,37.232,1.802,204.208,1.238,63.518,1.144,34.465,0,1,1.024
0.921,28.850,5.687,338.268,0.952,13.043,0.547,33.510,1,0,1.058
1.012,28.603,2.257,162.459,1.111,16.202,1.837,32.416,0,0,1.057
1.207,28.488,1.196,96.363,2.193,0.400,0.675,30.045,0,1,1.105
0.871,30.839,12.774,183.127,0.994,18.515,0.595,16.984,0,0,1.041
0.861,35.282,5.291,303.313,1.110,23.076,1.911,14.883,1,0,1.041
0.879,30.651,3.345,216.329,1.699,6.311,2.097,47.357,0,1,1.093
0.908,30.328,6.234,255.695,0.710,30.401,1.235,4.688,0,0,1.046
0.859,32.271,2.636,303.796,0.914,56.771,0.424,42.767,1,0,1.031
1.197,33.669,4.177,87.207,1.673,0.400,0.339,1.130,0,1,1.071
1.198,23.513,6.122,88.511,1.818,0.400,0.559,22.347,0,1,1.095
1.173,25.793,2.833,182.490,0.712,5.780,1.225,15.066,0,0,1.049
0.891,35.131,2.254,204.727,0.902,49.778,0.394,4.664,0,1,1.034
0.986,31.490,0.917,131.146,1.753,0.989,1.759,13.236,0,0,1.065
0.832,24.758,4.551,254.379,1.048,3.396,0.519,23.208,0,0,1.075
0.991,30.372,2.062,157.212,1.391,28.540,0.392,2.764,1,1,1.042
0.836,29.993,8.773,307.178,1.108,3.276,0.217,11.793,0,1,1.072
0.975,30.273,2.902,241.952,1.179,0.459,0.789,10.795,0,1,1.067
1.013,25.808,3.725,177.919,1.335,1.942,1.714,11.047,0,1,1.072
1.031,25.435,4.677,112.315,2.239,0.951,1.970,47.739,0,1,1.109
0.785,34.581,13.485,206.517,1.300,14.674,0.606,7.554,0,0,1.042
0.875,28.830,11.478,98.971,2.026,14.164,0.114,0.747,0,1,1.061
1.012,29.399,12.647,207.499,0.781,0.617,0.785,15.684,0,0,1.044
1.047,31.199,4.728,107.228,1.592,0.663,1.603,11.355,0,0,1.055
0.884,27.141,3.880,149.531,1.851,4.028,1.891,7.585,0,1,1.080
0.989,30.267,3.680,139.330,1.487,2.357,1.353,17.287,0,0,1.059
0.886,22.555,3.005,233.007,0.974,10.038,1.700,49.684,0,0,1.084
1.010,37.619,10.041,207.519,1.138,1.390,0.791,23.152,0,0,1.050
0.926,29.752,5.519,212.830,1.299,1.179,0.789,2.113,0,1,1.066
1.140,23.575,1.115,184.921,0.892,0.406,0.377,21.417,0,0,1.062
1.109,25.345,3.174,199.356,1.110,3.684,0.669,70.374,0,0,1.091
0.915,27.142,2.917,264.698,0.962,26.948,2.720,16.437,0,1,1.070
1.090,32.538,1.930,91.049,1.683,9.250,1.530,17.458,0,0,1.055
1.118,25.267,2.567,289.876,1.000,1.774,0.832,64.622,0,1,1.083
0.947,32.170,1.054,235.956,0.908,23.861,0.260,15.383,0,0,1.046
0.964,31.373,3.129,173.755,1.874,0.702,0.227,30.645,0,1,1.097
1.121,30.733,3.973,97.542,2.164,1.090,0.616,15.854,0,1,1.097
1.042,25.280,3.517,441.272,0.623,1.407,0.144,3.647,1,0,1.055
1.093,28.657,0.922,384.730,0.670,19.405,0.213,37.567,0,1,1.049
0.983,33.457,1.575,139.560,1.641,2.013,1.435,7.572,0,0,1.059
0.979,31.586,6.032,252.866,0.883,0.401,0.623,8.266,0,0,1.047
0.924,34.784,5.683,215.085,1.323,0.405,1.029,14.839,0,0,1.061
0.925,30.442,0.722,143.099,0.882,40.782,0.424,8.199,0,0,1.036
0.964,31.391,6.177,156.651,1.510,15.010,0.775,20.689,0,1,1.071
0.880,29.097,2.196,184.591,1.771,2.210,0.964,17.293,0,1,1.089
0.915,29.944,3.082,231.011,1.238,7.815,1.620,7.120,1,0,1.046
0.886,33.077,4.946,251.985,1.073,19.978,0.997,28.386,0,0,1.056
0.988,27.169,0.772,288.051,0.906,0.430,1.152,24.803,0,0,1.068
1.023,35.959,5.905,394.691,0.659,5.915,0.501,0.560,1,0,1.023
0.878,34.660,3.812,151.096,1.907,0.970,0.144,1.312,0,0,1.071
1.004,33.893,1.617,204.241,0.949,45.094,0.938,36.686,0,1,1.044
1.065,30.794,2.293,136.563,1.214,0.707,0.797,4.579,0,0,1.043
0.930,29.312,2.802,179.404,1.704,0.935,0.184,17.455,0,1,1.086
0.808,30.514,8.900,92.585,1.559,59.626,0.339,3.666,1,1,1.017
0.953,30.081,1.113,143.744,1.865,17.198,2.521,34.051,0,1,1.082
1.249,28.200,0.845,122.043,1.644,0.902,0.615,28.288,0,1,1.091
0.771,33.093,6.834,294.324,1.104,16.128,1.401,3.093,0,0,1.065
0.914,30.212,9.428,162.432,0.837,24.072,0.107,3.175,0,0,1.030
0.988,32.667,2.095,235.482,1.027,0.407,1.467,8.681,0,0,1.051
0.807,35.816,5.120,244.681,1.479,1.430,1.602,4.012,0,0,1.074
0.953,34.006,8.442,209.887,0.880,14.382,1.463,8.199,0,0,1.033
0.841,26.102,1.744,137.934,1.940,0.400,0.759,43.233,0,0,1.082
1.084,25.487,1.608,99.166,2.282,0.400,0.461,25.273,0,1,1.100
1.003,30.931,4.739,339.108,0.799,5.175,2.348,33.315,0,0,1.063
1.023,27.155,2.929,226.474,1.263,2.157,0.233,38.186,0,1,1.084
0.869,33.466,7.677,145.584,2.098,7.769,0.759,8.733,0,1,1.087
0.817,29.131,6.063,179.923,1.188,17.891,1.002,1.829,0,0,1.047
0.994,32.285,9.342,193.048,1.227,0.409,1.395,32.840,0,0,1.068
1.029,27.144,6.803,299.270,0.702,2.672,0.556,23.861,0,0,1.062
1.067,25.821,8.943,187.015,0.820,5.000,1.053,30.622,0,0,1.066
0.864,21.777,2.379,339.063,0.789,12.661,0.518,27.120,0,0,1.093
0.805,29.562,9.223,216.687,1.365,0.861,0.558,20.393,0,0,1.070
0.875,31.802,2.893,189.646,1.530,0.667,1.312,10.646,0,0,1.068
0.890,31.060,9.338,321.629,0.790,6.489,0.267,0.635,0,0,1.054
1.209,31.461,0.990,118.886,1.137,0.000,1.314,14.401,0,0,1.046
1.041,29.440,4.481,286.323,0.694,28.565,0.451,16.651,0,1,1.055
0.866,31.763,6.012,198.972,1.364,9.436,2.028,23.253,0,0,1.063
0.953,29.069,5.916,102.336,2.012,0.405,0.552,19.333,0,0,1.071
0.891,29.908,8.558,152.829,1.128,16.670,0.835,9.052,0,0,1.041
0.751,31.842,4.668,357.052,1.129,4.399,0.327,6.710,0,0,1.092
0.917,31.342,3.318,327.417,1.197,3.349,0.752,70.653,0,0,1.087
0.928,26.558,2.559,293.833,0.949,0.400,0.746,26.832,0,0,1.075
0.774,31.506,8.866,261.651,1.246,4.662,0.978,8.301,0,0,1.068
0.946,32.849,5.318,245.846,0.824,20.020,0.316,10.139,0,0,1.042
1.080,32.920,4.008,205.897,1.137,1.168,0.348,14.837,0,1,1.062
1.060,30.065,2.311,318.989,0.679,0.999,0.631,11.539,0,0,1.049
0.827,31.749,6.138,302.410,1.004,11.360,0.541,6.555,0,0,1.066
1.079,25.599,4.911,178.353,1.460,6.983,0.425,28.732,1,1,1.070
1.059,30.587,2.557,110.566,1.673,23.048,2.363,26.821,0,1,1.074
0.840,30.873,3.434,341.444,0.928,14.945,0.440,10.635,0,0,1.075
0.758,29.033,6.284,377.188,1.125,3.307,0.333,18.259,0,1,1.091
1.217,25.099,4.229,103.802,1.466,7.984,1.460,17.837,0,1,1.085
0.817,30.449,3.343,301.761,1.084,22.990,0.289,44.893,0,0,1.074
1.061,31.449,3.983,318.601,0.800,21.913,1.387,63.505,0,0,1.059
0.863,30.647,2.549,346.137,0.859,15.946,1.056,3.537,0,0,1.073
0.771,32.820,3.786,122.014,1.932,23.268,0.489,0.827,0,0,1.047
1.214,26.373,2.277,135.936,0.971,2.883,1.231,22.636,0,0,1.060
1.013,31.019,2.626,147.316,1.502,6.591,0.587,30.649,0,0,1.067
1.068,32.633,1.173,144.833,1.585,0.610,1.615,25.794,0,0,1.070
0.952,29.501,4.076,177.709,1.234,1.448,0.327,9.407,0,0,1.056
0.996,29.136,1.531,203.130,1.114,0.414,0.314,13.241,0,0,1.058
1.035,28.728,2.886,215.298,0.680,20.665,0.641,4.837,0,0,1.045
0.977,27.204,3.345,88.543,1.927,10.368,0.915,35.257,0,0,1.070
0.999,26.932,3.882,197.084,1.241,0.857,0.464,49.262,0,0,1.083
1.015,25.956,1.569,153.444,1.481,0.530,0.366,46.772,0,0,1.083
0.944,36.757,2.706,118.915,1.584,19.147,1.851,3.564,0,0,1.038
0.920,29.584,3.757,301.231,0.857,3.451,1.589,0.535,0,0,1.061
0.998,33.360,13.550,133.604,1.043,1.050,1.963,2.309,0,0,1.026
0.859,34.768,13.517,341.472,1.037,9.572,0.343,16.067,1,0,1.051
0.928,31.900,9.254,125.521,2.398,0.470,0.137,51.615,0,0,1.109
0.967,26.203,4.278,92.733,1.704,0.679,1.899,0.294,0,0,1.050
1.013,26.184,6.946,379.768,0.622,0.406,1.587,20.091,0,0,1.069
1.099,29.674,2.173,223.973,0.700,39.286,1.573,56.585,0,0,1.058
0.858,31.304,5.241,320.883,0.678,46.098,0.942,1.587,0,0,1.061
0.922,31.017,3.352,161.554,1.460,17.825,0.497,1.832,0,1,1.064
1.113,33.430,1.390,139.774,1.708,2.039,0.369,16.431,0,1,1.084
0.866,27.097,10.522,227.979,1.035,1.014,1.102,14.811,0,0,1.062
0.908,34.967,4.800,327.736,0.940,7.874,0.635,13.572,0,0,1.061
1.098,31.383,5.410,207.960,0.775,11.901,0.697,0.769,0,1,1.042
1.055,25.509,4.416,87.750,2.151,6.013,0.581,14.169,0,1,1.088
1.053,30.776,7.138,205.797,0.839,1.115,0.238,12.103,0,0,1.044
1.233,29.590,4.311,110.135,1.313,3.453,0.936,9.034,0,1,1.071
0.957,30.971,6.663,195.473,1.334,0.417,0.924,1.905,0,1,1.067
0.910,27.360,6.994,211.924,0.996,8.068,0.557,13.928,0,0,1.059
0.862,27.707,1.422,102.753,1.746,32.839,0.887,18.331,1,0,1.031
1.074,31.008,3.568,81.376,1.932,17.950,0.840,8.241,0,1,1.074
1.077,22.725,5.341,139.038,1.567,0.400,0.631,31.310,0,1,1.095
1.045,29.463,7.226,266.971,0.884,1.008,1.963,41.346,0,0,1.071
0.754,30.358,5.072,336.295,1.200,11.515,0.411,0.650,1,0,1.075
0.947,28.308,2.154,159.018,1.422,9.411,1.590,33.962,0,0,1.070
0.979,26.203,2.001,255.407,0.982,14.671,1.484,62.481,0,0,1.081
1.002,23.748,4.394,272.543,0.929,25.347,2.164,1.750,1,1,1.061
1.031,24.576,3.818,133.336,1.127,3.138,0.327,7.790,0,0,1.053
0.750,30.203,2.716,185.393,1.544,35.511,0.597,16.570,0,1,1.068
0.811,35.925,7.616,193.017,1.599,20.839,0.736,0.544,1,0,1.036
1.133,24.518,2.219,155.090,1.492,4.140,1.267,40.662,0,1,1.096
0.824,31.385,11.317,124.717,1.350,41.543,0.829,8.281,0,1,1.044
0.995,28.920,7.566,266.123,0.670,15.429,1.390,11.886,0,0,1.052
0.768,32.048,8.830,280.575,1.244,0.458,1.335,2.199,0,0,1.074
1.191,26.095,5.489,366.213,0.813,1.277,1.182,58.897,1,1,1.054
1.069,29.049,5.281,142.646,1.753,0.703,2.011,29.969,0,1,1.097
0.717,32.533,3.043,401.571,1.219,2.233,2.132,20.587,0,0,1.113
0.989,23.566,1.952,201.930,1.281,0.577,0.770,8.268,0,1,1.077
0.797,32.437,5.799,315.410,1.133,1.730,0.531,2.950,0,0,1.079
1.029,28.258,9.836,115.446,1.599,0.816,0.705,41.631,0,0,1.085
0.852,24.782,2.192,299.454,0.947,11.968,0.609,35.465,0,0,1.087
0.848,29.741,2.774,164.556,1.739,0.517,1.688,13.496,0,0,1.075
1.025,26.823,4.295,271.579,0.911,2.505,1.112,46.031,0,0,1.079
0.989,28.850,5.581,186.108,1.417,4.696,1.885,23.821,0,1,1.082
1.098,29.930,1.481,242.502,1.202,1.944,0.135,43.253,0,1,1.080
1.053,30.809,6.891,240.363,0.845,5.285,1.533,28.821,0,0,1.058
0.952,27.322,2.291,382.664,0.643,34.468,2.001,24.677,0,0,1.079
1.116,28.094,3.631,298.128,0.701,4.977,0.130,7.518,1,0,1.036
1.036,27.919,6.473,182.357,1.193,1.625,0.305,5.148,0,1,1.066
1.196,28.324,4.417,117.169,0.945,7.684,0.658,21.010,0,0,1.056
0.844,32.882,5.907,423.359,0.901,19.796,1.480,3.380,1,0,1.069
0.865,29.239,8.404,158.666,1.396,5.799,0.612,10.842,0,0,1.056
0.965,32.192,10.977,377.566,0.649,2.224,0.497,9.280,0,0,1.055
1.119,28.098,5.297,99.732,1.437,0.400,0.253,20.236,0,0,1.065
0.984,31.455,6.108,174.302,1.067,5.978,0.641,6.623,0,0,1.045
0.989,25.666,4.741,226.421,0.958,13.560,0.129,55.209,0,0,1.084
1.118,29.698,5.578,154.746,1.215,5.174,0.914,12.286,0,1,1.069
0.918,28.004,3.768,155.517,1.185,12.485,0.280,4.095,0,0,1.050
0.907,27.116,7.912,203.371,1.093,8.303,0.458,31.825,0,0,1.072
0.900,26.448,2.785,88.188,2.541,0.401,1.008,30.445,0,0,1.085
1.066,30.708,12.741,110.392,1.813,0.400,1.688,19.409,0,1,1.094
0.795,31.892,11.644,189.946,1.603,0.677,0.439,13.153,0,0,1.070
1.054,31.479,5.040,67.321,2.088,5.815,0.770,6.737,0,0,1.063
1.002,28.081,6.170,81.249,2.868,6.716,0.148,31.198,0,1,1.111
1.171,30.742,13.367,64.225,1.786,0.835,0.198,13.759,1,0,1.054
0.976,28.550,1.882,247.791,0.955,11.357,0.875,26.101,0,0,1.067
1.015,30.827,1.634,243.586,0.969,3.935,0.739,17.604,0,0,1.059
0.926,35.034,5.182,265.879,0.815,37.891,0.558,7.872,0,1,1.042
1.004,35.873,3.333,185.126,1.356,18.179,0.391,0.428,1,1,1.041
1.516,27.250,6.112,96.787,1.610,0.400,1.619,55.355,0,1,1.140
0.766,32.130,9.114,271.474,1.375,7.400,1.341,4.045,0,1,1.080
1.176,24.553,4.091,205.845,0.734,1.576,1.093,23.059,0,0,1.065
0.950,28.085,1.111,363.538,0.653,29.708,0.761,5.081,0,0,1.077
0.985,28.767,2.792,266.350,1.117,6.853,0.759,29.419,0,1,1.078
0.732,27.246,12.183,327.852,0.741,52.926,0.867,1.953,0,0,1.084
0.978,30.775,7.420,141.714,1.580,4.847,0.717,34.405,0,0,1.076
1.037,31.379,5.224,138.678,1.183,6.887,0.578,11.535,0,0,1.048
0.892,37.416,3.344,179.080,2.072,1.717,2.279,4.747,0,1,1.106
1.025,37.884,6.693,233.107,0.819,15.015,1.492,4.570,0,1,1.032
0.867,35.227,6.689,395.413,0.863,4.892,1.068,1.754,0,0,1.072
1.031,24.910,1.943,152.294,1.115,3.421,1.559,9.001,0,0,1.058
1.000,29.656,1.714,235.872,1.006,18.342,0.884,44.519,0,0,1.068
0.869,30.831,6.338,227.608,1.492,0.406,0.902,13.899,1,0,1.063
0.978,24.384,2.782,99.632,2.337,0.568,0.865,8.384,0,1,1.092
1.010,23.461,3.161,251.735,0.991,2.259,0.259,0.241,0,1,1.071
1.238,23.537,5.213,63.608,2.297,0.402,0.779,20.244,0,1,1.107
0.777,32.762,12.134,127.636,2.984,0.414,1.401,39.232,0,0,1.120
0.881,32.069,13.948,197.799,1.090,4.888,0.609,5.460,0,0,1.044
1.018,32.848,9.242,137.717,1.590,13.631,0.362,1.170,1,1,1.049
1.065,27.475,5.486,191.838,1.192,8.185,2.222,28.213,0,1,1.082
0.910,34.563,4.194,215.762,1.021,18.459,0.477,2.240,0,0,1.043
0.947,30.861,11.188,288.494,0.928,6.719,0.444,11.918,1,0,1.045
0.949,35.020,9.187,141.946,1.145,20.001,0.958,12.092,0,0,1.034
1.068,26.755,3.695,154.913,1.389,0.636,0.384,48.483,0,0,1.088
1.219,27.257,11.134,91.813,2.180,1.671,0.581,61.976,0,1,1.146
0.824,28.734,2.790,187.441,1.180,45.828,0.835,12.786,0,1,1.067
0.909,31.278,8.129,311.223,0.791,18.137,0.527,14.718,0,0,1.061
1.015,32.330,1.034,171.605,1.453,0.420,0.388,19.642,0,0,1.069
1.001,31.129,6.814,211.971,0.852,26.979,0.204,7.216,0,1,1.053
0.987,29.703,9.454,96.226,1.954,0.949,0.711,23.853,0,0,1.077
1.003,25.325,3.629,217.943,1.129,8.045,0.653,14.923,0,1,1.078
1.130,23.416,3.218,193.951,1.094,3.885,0.555,35.674,1,0,1.066
0.982,24.019,8.681,262.367,0.772,3.322,0.675,26.783,0,0,1.077
0.952,29.346,5.263,183.893,1.287,9.539,0.103,39.018,0,0,1.075
0.782,26.043,3.936,360.070,0.837,36.160,1.614,32.319,0,0,1.097
0.866,31.507,1.530,187.616,1.843,5.745,0.710,12.494,0,1,1.095
0.786,31.598,5.818,266.745,1.309,17.408,0.960,9.572,0,1,1.079
1.089,30.260,5.203,177.046,0.850,0.763,1.022,4.305,0,0,1.040
0.827,32.024,9.324,171.866,1.430,40.571,0.742,3.014,1,1,1.037
1.201,24.127,3.143,280.725,0.667,7.678,1.272,51.725,0,0,1.081
1.031,26.508,3.844,146.139,1.244,0.408,0.551,16.461,0,0,1.064
0.720,30.546,3.772,322.478,1.225,9.074,2.618,8.109,0,0,1.096
1.098,31.015,2.993,124.496,1.759,0.921,0.249,7.309,0,1,1.086
1.186,31.774,5.832,168.340,0.816,1.266,0.502,21.072,0,0,1.048
0.853,38.491,8.354,152.662,1.166,33.265,0.530,0.441,0,0,1.016
1.086,24.256,3.455,73.310,2.324,4.299,0.591,2.983,0,1,1.088
1.059,34.498,6.780,238.262,0.729,1.451,0.164,5.140,0,0,1.033
0.961,29.625,1.939,90.107,1.250,32.990,0.918,15.250,0,0,1.043
1.041,28.542,8.910,99.260,2.453,1.154,0.266,5.162,1,1,1.084
1.099,28.219,1.251,78.540,3.112,1.706,1.710,29.609,0,1,1.126
1.142,27.810,1.566,112.650,1.721,0.408,0.767,41.188,0,0,1.088
1.110,26.816,2.747,136.135,1.595,0.400,1.390,12.354,0,1,1.086
0.891,30.074,6.335,222.792,0.895,40.657,0.768,1.263,1,0,1.036
0.973,26.800,9.328,262.939,0.690,10.816,0.168,7.248,0,0,1.059
1.008,30.526,7.625,199.133,0.925,1.604,2.510,6.848,0,0,1.047
1.014,31.384,7.025,222.371,0.837,5.453,0.491,8.731,0,0,1.046
0.933,27.795,0.698,202.109,1.017,33.918,0.411,1.130,1,0,1.045
0.903,33.269,1.401,296.428,1.084,0.569,1.504,7.065,0,0,1.073
1.191,38.155,10.448,143.673,0.699,1.896,0.632,19.510,0,0,1.027
1.067,29.828,4.717,202.892,1.120,2.266,0.447,10.126,0,1,1.068
1.161,31.698,4.976,158.275,1.557,0.402,1.350,16.243,1,1,1.070
0.710,38.144,1.637,240.699,1.929,8.612,1.464,1.120,0,0,1.106
1.071,29.848,6.536,113.975,1.267,3.443,0.377,11.931,0,0,1.054
0.924,30.730,3.220,255.774,1.052,9.844,0.620,21.076,0,0,1.068
0.994,24.612,4.370,244.379,0.943,0.456,0.357,34.397,0,0,1.081
1.008,30.811,5.814,176.321,1.194,7.762,0.320,28.867,0,0,1.066
1.234,24.410,1.395,156.319,1.594,0.485,0.276,58.434,0,1,1.114
0.891,27.270,4.290,225.860,1.223,0.470,0.877,28.213,0,0,1.080
0.956,28.024,1.671,166.685,1.368,0.403,0.602,10.264,0,0,1.066
0.972,24.523,8.767,346.059,0.661,0.401,1.412,12.490,0,0,1.075
1.006,29.338,4.884,163.229,1.335,0.577,0.438,23.688,0,0,1.071
1.072,29.436,4.780,163.469,1.274,0.400,1.263,32.688,0,0,1.075
1.148,27.682,3.922,175.553,1.522,0.537,1.601,52.225,0,1,1.107
0.965,31.076,3.666,178.034,1.250,1.281,1.201,4.156,0,0,1.057
1.514,25.193,1.432,56.255,2.513,4.185,0.641,51.166,0,1,1.141
1.088,23.737,3.316,329.244,0.781,0.431,0.738,24.695,1,0,1.062
0.919,30.409,6.675,71.892,2.881,4.087,0.806,7.379,0,0,1.086
0.917,33.469,3.122,118.733,1.207,55.515,0.400,21.669,0,1,1.046
1.033,27.976,3.522,202.230,1.304,3.034,0.154,23.153,0,1,1.084
1.369,29.877,2.193,183.907,0.995,0.484,0.496,41.141,1,0,1.056
0.962,28.621,3.607,311.684,0.846,28.078,1.543,24.936,0,1,1.072
1.028,27.633,3.605,85.690,2.755,0.549,0.531,11.402,0,1,1.111
1.090,25.315,8.018,150.518,1.246,0.989,0.635,22.015,1,0,1.057
1.146,26.962,1.921,149.594,1.316,0.400,0.450,1.485,0,1,1.073
0.981,28.329,2.383,179.752,1.219,0.879,0.899,10.387,0,0,1.063
0.896,27.226,5.811,219.232,1.180,0.533,1.824,22.502,0,0,1.076
0.969,29.959,4.215,106.927,1.622,20.888,0.935,2.605,1,0,1.033
1.000,27.358,5.566,222.805,1.349,12.450,1.016,72.430,0,1,1.103
0.860,30.310,5.767,123.428,1.947,4.064,0.682,4.022,0,0,1.068
0.980,27.009,1.821,166.205,2.074,0.405,1.223,67.581,0,1,1.119
0.786,34.708,2.669,198.302,1.811,19.028,0.205,6.478,0,1,1.086
0.955,31.450,1.083,285.805,1.058,9.787,1.385,34.864,0,0,1.073
0.982,28.851,4.236,204.343,1.199,11.250,0.259,10.263,0,1,1.073
0.820,29.679,5.978,287.684,0.892,31.291,0.835,12.182,0,0,1.071
1.095,29.183,11.454,116.682,1.296,4.157,0.939,2.207,0,1,1.066
1.059,28.179,6.153,189.336,1.161,0.600,1.112,43.122,0,0,1.084
1.151,27.275,3.042,155.455,1.349,2.664,1.114,18.603,0,1,1.084
0.985,31.868,2.100,97.901,2.305,23.558,0.545,27.677,0,1,1.086
1.122,30.798,8.483,210.648,1.256,4.909,1.323,56.511,0,1,1.101
0.929,28.618,2.514,216.745,0.929,27.421,0.695,22.615,0,0,1.065
1.037,29.853,5.493,193.126,0.939,6.631,1.469,15.405,0,0,1.055
0.938,23.523,2.863,106.403,2.622,0.925,0.741,62.011,0,1,1.118
0.958,26.067,5.078,128.132,1.384,5.049,0.579,13.994,0,0,1.063
0.992,32.117,7.714,117.479,2.468,2.302,0.738,0.519,1,1,1.090
1.064,24.516,1.533,293.846,0.708,5.425,1.321,15.326,0,0,1.071
1.042,28.360,2.569,138.691,1.276,15.464,0.912,2.928,1,0,1.038
0.945,30.510,12.639,203.142,0.971,25.269,0.375,17.754,0,1,1.064
1.179,26.787,3.109,206.064,0.619,4.408,1.750,4.368,0,0,1.047
0.966,29.121,2.152,341.438,0.903,1.081,1.904,31.060,0,0,1.080
0.954,31.840,1.717,163.942,0.796,41.273,0.662,7.672,0,0,1.040
0.764,30.445,13.477,171.530,1.734,11.897,0.201,5.279,1,0,1.045
0.923,28.476,4.927,256.063,1.041,15.666,0.678,49.509,0,0,1.082
1.071,30.094,2.326,218.949,1.146,0.400,0.760,13.689,1,0,1.049
0.907,36.789,5.174,265.933,1.287,1.650,1.242,18.344,0,0,1.076
1.259,23.963,1.129,113.106,1.295,7.712,0.919,18.158,1,0,1.057
1.236,24.566,1.531,289.127,0.719,1.389,0.990,54.770,0,0,1.079
0.958,34.895,4.570,183.715,0.661,60.216,0.118,6.261,1,0,1.008
0.935,31.607,11.286,125.536,1.795,0.856,1.242,20.308,0,0,1.076
0.787,34.566,9.909,286.278,1.160,29.094,1.005,4.425,1,0,1.046
1.069,30.411,4.702,134.048,1.190,12.613,0.369,25.692,0,0,1.061
0.878,33.356,6.273,161.865,1.762,11.987,1.153,1.741,0,1,1.079
0.838,27.143,4.142,95.514,2.169,7.513,0.149,7.600,0,0,1.065
0.861,32.033,3.564,154.569,2.089,7.696,0.650,4.626,0,1,1.096
1.030,35.114,1.026,131.170,1.696,11.723,1.484,0.634,1,0,1.042
1.225,34.151,2.282,188.689,0.702,1.370,0.242,15.769,0,0,1.034
1.093,32.730,5.029,262.954,0.810,0.471,0.890,1.906,1,0,1.028
0.978,25.433,5.732,136.739,1.181,31.279,2.400,5.593,0,1,1.073
0.906,25.230,1.780,202.057,1.238,23.166,1.764,13.729,0,1,1.083
0.846,35.978,4.387,243.182,1.172,21.889,0.671,8.307,0,0,1.056
0.964,35.589,2.182,236.137,1.153,18.550,0.654,7.422,1,0,1.037
1.223,27.411,3.744,99.731,1.302,0.579,0.453,24.003,0,0,1.073
1.214,27.616,5.393,77.897,1.766,8.498,0.169,27.382,1,0,1.065
1.027,27.742,5.554,60.679,1.856,15.510,0.741,21.950,0,0,1.063
0.833,31.389,0.961,347.788,0.841,38.324,0.842,6.138,0,0,1.081
1.005,31.956,4.355,240.240,0.880,1.952,1.696,2.302,0,0,1.049
1.017,35.234,2.969,388.205,0.652,12.321,1.482,11.800,0,0,1.051
0.944,36.066,1.711,299.583,1.104,2.181,0.291,5.132,0,1,1.070
1.084,32.493,2.013,149.828,1.524,11.314,1.346,20.228,0,1,1.081
0.862,34.063,4.337,191.102,1.225,24.689,0.101,9.361,0,0,1.050
1.096,26.325,3.601,92.634,2.311,1.103,0.165,18.828,0,1,1.106
0.774,35.070,14.781,181.401,1.017,38.039,0.970,0.441,0,0,1.021
1.108,29.007,3.594,127.970,1.169,3.736,0.792,12.478,0,0,1.057
0.843,30.441,7.243,129.419,1.386,21.629,1.138,1.358,0,0,1.043
0.893,30.894,3.364,121.933,1.805,31.694,0.962,19.947,0,1,1.071
1.080,24.497,1.609,139.529,1.473,1.625,1.042,52.645,0,0,1.094
0.914,35.391,11.460,238.387,1.017,18.505,1.436,0.388,1,0,1.026
1.045,30.981,2.392,278.881,1.010,2.125,1.593,16.837,1,0,1.051
0.925,30.907,8.867,133.995,2.025,0.406,2.004,37.547,0,0,1.096
0.797,28.540,2.727,199.175,1.665,0.404,1.701,27.369,0,0,1.091
0.851,34.642,4.978,475.244,0.847,5.864,0.396,2.024,0,1,1.080
0.730,32.263,1.806,347.415,1.068,33.531,0.955,9.845,0,0,1.092
0.920,37.080,3.725,220.588,1.195,19.048,0.578,0.027,0,1,1.057
0.924,30.489,5.312,105.000,1.793,9.491,0.728,4.401,0,0,1.059
1.095,30.118,8.872,122.888,2.057,0.463,0.490,40.672,0,1,1.122
0.885,32.119,5.887,341.341,1.014,1.144,0.170,22.427,0,0,1.084
0.931,36.340,4.124,129.633,1.777,32.077,0.342,19.808,0,1,1.065
0.926,27.668,8.146,220.970,1.431,7.286,0.982,57.151,0,1,1.105
0.871,27.782,8.410,318.497,0.684,36.351,0.625,6.269,0,0,1.078
0.910,27.730,6.429,312.944,0.850,1.296,0.890,4.975,0,0,1.073
0.981,29.894,2.757,173.970,1.513,3.032,1.462,36.933,0,0,1.084
0.989,24.798,2.790,139.295,1.424,0.750,1.712,24.111,0,0,1.076
1.205,25.312,2.416,203.195,0.675,2.019,0.215,9.055,0,0,1.056
0.799,30.414,6.023,256.648,0.962,31.614,1.386,2.409,0,0,1.065
0.919,30.762,6.372,412.097,0.775,20.312,0.348,37.801,0,0,1.081
0.818,30.427,8.956,146.860,1.991,3.701,0.881,28.056,0,0,1.086
1.057,33.124,5.855,107.961,1.690,19.172,1.568,16.784,0,1,1.078
0.849,36.860,9.204,172.325,1.366,19.718,0.936,1.930,0,0,1.042
0.961,30.427,4.288,291.676,1.000,0.400,0.169,2.006,0,1,1.070
1.071,34.857,3.643,180.045,1.213,0.465,0.363,17.288,0,0,1.060
1.076,32.348,9.480,90.629,1.935,0.444,0.539,0.385,1,0,1.051
0.860,30.201,0.409,194.533,1.029,49.285,0.920,47.787,0,0,1.058
0.958,30.450,1.977,212.751,1.153,3.143,0.905,8.128,0,0,1.065
0.824,30.451,6.763,277.197,1.119,7.844,0.844,12.571,0,0,1.078
0.975,28.275,8.234,352.065,0.856,1.834,0.466,25.858,0,1,1.076
1.121,28.988,4.932,271.130,0.700,3.741,0.489,25.683,0,0,1.062
0.894,30.150,5.321,247.473,1.221,1.477,1.109,26.244,0,0,1.082
1.080,27.243,3.600,178.979,0.898,2.070,1.409,3.849,0,0,1.053
0.837,30.635,5.330,254.306,1.080,35.241,1.077,13.343,0,1,1.072
1.264,33.990,1.444,196.428,0.773,0.400,0.269,25.967,0,0,1.045
0.755,33.861,6.782,310.628,1.371,14.153,1.417,7.341,1,0,1.075
0.750,31.808,11.035,255.202,1.171,38.836,0.826,18.910,0,1,1.068
0.959,27.585,1.209,156.703,1.728,21.065,1.183,54.455,0,1,1.094
1.071,28.437,6.047,98.051,2.147,1.399,0.806,9.866,0,1,1.100
0.945,30.931,1.643,142.388,2.034,2.358,1.378,34.175,0,0,1.094
1.122,28.391,2.852,154.028,1.425,0.404,0.861,11.015,0,1,1.083
1.194,27.083,8.827,142.956,0.912,1.576,0.968,31.974,0,0,1.078
1.031,29.442,2.579,217.045,1.020,2.582,0.406,17.558,0,0,1.066
1.046,28.436,3.524,313.407,0.903,0.403,1.033,49.137,0,0,1.083
1.113,29.203,6.248,121.080,1.080,11.260,0.578,23.513,0,0,1.063
1.048,32.975,3.885,261.014,0.774,4.724,1.757,7.537,0,0,1.048
0.942,27.289,7.519,182.912,1.339,6.834,0.857,4.266,0,1,1.076
1.020,27.962,6.327,173.028,1.563,1.116,0.379,31.107,0,1,1.099
0.731,33.182,8.676,169.030,1.995,14.015,0.504,19.651,0,0,1.079
0.892,25.092,2.977,176.639,1.061,42.343,2.333,30.430,1,0,1.060
1.093,27.307,4.758,96.153,2.629,0.660,1.174,42.803,0,1,1.129
1.044,24.584,3.003,81.132,2.040,7.106,1.843,54.057,0,0,1.094
1.247,23.176,4.140,46.398,2.744,2.454,0.641,16.356,0,1,1.113
1.048,29.445,5.480,140.683,1.684,0.559,0.626,10.694,0,1,1.090
1.024,27.431,6.779,198.013,0.961,20.410,0.245,7.168,0,1,1.071
0.970,26.472,2.479,111.367,2.280,7.783,1.562,25.902,0,1,1.102
0.950,29.978,1.731,284.042,0.932,13.330,1.815,20.631,0,0,1.073
0.975,29.353,8.059,197.798,1.350,0.702,1.086,13.484,0,1,1.083
0.991,36.294,8.579,285.185,0.668,25.586,0.667,3.187,0,1,1.036
0.777,29.237,5.497,154.166,1.858,3.519,0.754,2.365,0,0,1.075
1.051,29.321,4.685,146.559,1.051,7.959,0.214,7.855,0,0,1.053
1.087,32.629,2.368,235.888,0.833,1.205,1.117,9.196,0,0,1.049
0.952,32.545,8.983,203.927,1.016,9.140,0.264,10.292,0,0,1.053
1.141,34.379,6.841,114.554,2.138,0.409,0.484,48.296,0,0,1.115
0.995,32.549,14.806,100.554,1.291,4.768,1.554,4.401,0,0,1.041
1.188,21.464,2.644,309.698,0.668,22.451,0.401,29.663,0,1,1.088
1.125,28.616,4.463,312.562,0.672,9.080,2.156,38.743,0,0,1.070
1.029,29.390,1.865,364.138,0.677,2.972,0.671,6.980,0,0,1.067
0.940,32.079,2.187,159.360,1.684,3.278,0.732,15.919,0,0,1.079
0.981,31.013,4.643,124.323,1.701,0.409,1.173,6.230,0,0,1.069
0.927,26.122,7.667,166.147,1.573,0.845,0.287,69.674,0,0,1.110
1.059,31.955,3.057,160.041,1.085,6.858,0.409,7.998,0,0,1.051
0.993,35.537,11.203,156.421,1.131,2.253,0.573,1.750,0,0,1.040
0.901,30.298,3.673,205.280,1.111,20.852,2.375,18.724,0,0,1.065
1.133,31.748,6.709,184.817,1.015,1.732,0.185,8.858,0,1,1.064
0.831,28.830,0.617,200.012,1.533,0.416,1.383,5.252,0,0,1.083
1.041,38.432,5.661,148.230,1.295,0.812,0.186,0.167,0,0,1.046
0.850,32.811,1.935,130.619,1.451,34.411,0.782,11.106,0,0,1.046
0.909,27.665,4.353,150.755,1.324,10.205,0.655,6.863,0,0,1.062
0.846,28.679,6.329,211.323,1.441,11.702,0.326,11.659,0,1,1.085
1.065,24.963,2.684,200.624,1.148,0.400,0.149,11.879,1,0,1.057
1.032,32.246,2.908,175.002,1.333,0.424,0.187,17.591,0,0,1.070
0.854,29.232,12.044,165.144,1.410,0.956,0.976,7.237,0,0,1.062
0.829,30.362,9.209,297.959,0.798,33.939,0.649,3.236,0,0,1.069
0.927,30.555,3.627,266.902,0.750,33.811,1.341,6.930,0,0,1.062
1.090,26.704,6.275,124.364,1.428,2.622,1.322,40.823,0,0,1.091
0.904,32.103,8.690,223.574,1.360,1.433,1.775,5.063,0,1,1.080
0.946,35.219,5.245,148.569,1.610,3.799,0.884,1.273,0,0,1.064
0.914,27.146,4.164,353.897,0.703,35.189,0.324,23.886,0,0,1.089
0.851,37.385,4.152,309.135,1.051,43.473,0.442,4.083,1,1,1.039
0.999,30.622,4.716,373.804,0.668,8.581,1.095,9.802,0,0,1.068
0.988,28.891,3.281,321.418,0.773,32.889,0.752,21.300,0,1,1.073
0.937,28.767,5.613,202.436,1.102,6.320,0.537,11.156,0,0,1.066
1.182,29.309,2.235,122.578,1.056,0.759,0.234,5.461,0,0,1.052
0.818,32.153,6.807,205.321,1.627,10.179,0.169,3.430,0,1,1.086
1.050,34.341,1.388,357.886,0.664,1.383,0.504,3.132,0,0,1.051
0.889,27.142,7.594,135.273,1.695,3.290,0.385,31.408,0,0,1.083
0.963,26.398,11.239,182.517,0.899,6.005,0.508,7.807,0,0,1.057
0.955,28.290,0.942,208.849,1.268,1.090,0.742,20.633,0,0,1.079
0.929,33.153,3.089,171.434,0.858,38.019,0.173,2.864,0,0,1.039
1.138,27.530,7.358,149.354,1.149,2.283,0.129,2.252,0,1,1.072
0.913,25.232,2.949,184.704,1.578,1.195,0.698,8.191,0,1,1.091
0.873,36.105,3.660,260.933,1.105,22.649,0.765,12.197,0,0,1.060
0.940,32.987,5.405,123.183,1.033,33.169,2.400,6.315,0,0,1.035
0.802,29.894,5.297,235.390,1.369,0.407,2.304,4.091,0,0,1.082
0.826,30.264,9.155,182.820,1.405,32.578,1.987,30.261,0,1,1.077
1.039,29.609,4.608,181.466,0.829,21.661,0.422,16.378,0,0,1.057
1.074,25.949,5.613,130.822,2.108,2.291,0.426,65.487,0,1,1.131
0.966,27.997,6.741,171.918,1.687,0.432,1.376,27.443,0,1,1.102
0.910,28.972,3.302,211.964,1.167,3.364,0.477,1.411,0,0,1.068
1.049,29.458,2.574,256.777,1.003,0.410,0.579,5.767,0,1,1.071
0.911,31.756,10.032,56.368,2.467,20.152,0.748,10.084,0,0,1.058
0.871,33.612,6.108,264.742,1.529,2.583,0.668,33.166,0,1,1.103
0.863,31.762,7.359,139.659,2.106,5.227,0.285,28.971,0,0,1.093
0.809,33.925,3.406,408.746,0.904,27.857,1.579,7.036,0,0,1.092
0.909,27.663,3.725,205.632,1.322,2.524,0.527,29.878,0,0,1.085
0.766,32.182,4.108,341.608,1.301,5.205,0.455,34.639,0,0,1.107
0.877,32.190,2.394,177.753,1.290,48.805,0.384,38.992,1,0,1.036
0.842,31.303,3.154,183.774,1.700,0.401,1.751,6.481,0,0,1.085
0.858,35.258,9.882,237.092,1.681,0.532,0.214,0.030,1,1,1.080
1.132,28.295,5.914,71.521,0.999,14.693,0.341,0.488,0,0,1.044
0.946,30.496,4.177,229.709,1.229,2.409,0.908,27.247,0,0,1.081
0.955,36.935,14.098,118.160,1.914,9.020,0.898,0.461,0,1,1.080
0.838,25.029,7.130,284.074,0.998,0.928,0.116,13.644,0,0,1.087
1.197,27.134,1.279,123.916,1.112,1.729,0.877,11.388,0,0,1.063
0.956,31.935,9.944,178.613,1.428,9.892,1.165,16.955,0,1,1.082
0.869,38.040,9.548,263.828,1.168,5.597,1.666,1.646,0,0,1.062
1.306,21.871,4.627,105.065,1.432,0.456,1.168,65.176,0,0,1.127
1.066,28.158,6.282,326.194,0.735,1.476,1.756,8.642,0,1,1.064
0.885,33.838,2.686,167.265,1.793,2.093,0.949,3.320,0,0,1.083
0.857,33.473,7.279,127.127,1.875,28.064,0.327,6.511,0,1,1.071
1.014,25.554,2.895,132.340,1.378,2.312,1.059,13.487,0,0,1.071
1.114,25.247,1.892,218.045,1.095,5.746,0.232,21.953,0,1,1.086
1.138,25.311,1.648,103.757,1.678,17.785,1.046,23.149,0,1,1.095
0.918,26.555,11.770,154.507,1.632,0.449,1.563,9.396,0,1,1.086
0.785,33.420,11.828,133.729,2.505,2.367,1.625,11.787,0,0,1.099
0.891,31.812,3.365,286.315,1.079,2.827,0.686,6.682,0,0,1.078
1.049,27.405,5.913,113.975,1.496,1.596,0.120,20.114,0,0,1.075
0.853,30.512,7.829,282.693,1.098,0.415,2.139,9.339,0,0,1.080
1.145,23.399,6.770,333.998,0.682,22.695,1.024,65.189,1,0,1.085
1.284,22.977,2.781,158.234,1.024,2.004,0.743,49.019,0,0,1.101
0.940,32.506,3.079,389.362,0.647,35.614,0.931,6.216,0,0,1.072
0.995,27.583,6.518,344.989,0.610,18.908,0.700,7.980,0,0,1.075
1.073,28.637,9.405,72.430,2.497,0.574,0.226,42.968,0,0,1.113
0.862,25.986,4.327,187.623,1.753,0.401,1.741,43.120,1,0,1.085
0.890,28.708,6.566,269.345,1.461,1.349,0.899,63.928,0,1,1.114
0.955,34.131,1.516,220.753,0.660,64.438,1.019,5.049,0,1,1.049
1.017,30.053,7.759,309.159,0.937,9.642,0.162,64.665,0,0,1.092
1.134,26.502,4.950,309.798,0.818,5.517,0.806,71.876,0,0,1.095
1.076,26.937,2.531,161.996,1.795,0.413,1.011,46.827,0,1,1.115
0.821,37.755,1.250,278.600,1.426,7.025,0.640,4.034,0,0,1.092
0.995,29.991,3.613,115.528,2.175,0.400,0.704,32.395,0,0,1.100
1.049,36.764,7.741,214.541,0.985,0.402,0.516,12.628,0,0,1.051
0.938,32.514,10.935,234.254,0.730,26.543,0.294,8.802,0,0,1.048
0.879,26.511,2.547,280.144,0.960,10.034,1.416,4.411,0,0,1.084
1.145,24.411,4.438,134.518,1.361,15.026,1.768,28.189,0,1,1.099
0.856,31.768,3.678,188.002,1.410,18.124,0.762,18.765,0,0,1.071
1.136,23.584,5.342,103.459,2.028,0.853,1.269,35.214,0,1,1.118
0.789,18.049,3.745,88.472,2.537,0.400,0.381,28.644,0,1,1.091
0.988,33.402,9.295,327.624,0.705,0.427,0.139,2.364,0,0,1.054
0.939,33.614,1.630,224.025,1.252,3.020,0.694,5.507,0,0,1.071
0.870,32.234,1.651,162.450,1.031,40.865,1.086,1.265,0,0,1.047
1.409,25.001,3.563,176.472,0.830,1.532,0.264,27.659,1,0,1.064
0.941,26.813,4.125,175.308,1.296,0.913,0.657,12.629,0,0,1.074
0.999,25.333,6.042,379.804,0.715,0.530,1.315,32.134,0,0,1.091
1.149,27.115,1.303,106.137,2.245,0.430,1.160,28.062,0,1,1.117
0.912,26.436,2.140,381.793,0.928,0.497,0.770,46.909,0,0,1.101
1.039,28.443,5.966,369.969,0.677,16.597,1.060,43.437,0,0,1.081
0.945,25.971,5.031,88.303,2.064,3.330,0.982,18.789,0,0,1.079
1.021,24.295,2.514,144.240,1.135,12.673,0.309,20.674,0,0,1.076
1.004,26.724,4.400,368.900,0.726,20.498,1.260,53.143,0,0,1.089
0.989,33.304,2.883,335.803,0.699,15.587,1.936,2.301,0,0,1.060
1.032,27.150,3.442,158.685,1.595,0.741,2.566,10.973,0,1,1.093
1.114,26.616,2.874,263.342,0.824,1.692,1.458,32.900,0,0,1.079
1.270,24.297,2.159,107.635,1.788,0.400,0.629,26.337,0,1,1.111
1.098,27.672,1.219,248.918,1.093,1.408,1.384,25.647,0,1,1.084
0.969,36.150,5.241,351.401,0.851,0.603,0.365,9.319,0,0,1.066
0.875,31.670,3.393,330.019,1.061,0.712,0.434,13.068,0,0,1.090
0.880,27.144,1.728,138.914,2.756,0.419,0.338,67.627,0,1,1.134
0.861,28.904,5.124,302.836,1.066,3.063,1.165,20.103,0,0,1.091
0.992,29.935,5.321,199.195,1.395,0.467,0.282,43.639,0,0,1.095
1.184,25.479,5.117,77.810,1.799,13.080,0.663,13.850,0,1,1.097
1.220,25.653,1.862,88.556,2.121,0.401,0.764,15.843,0,1,1.110
0.955,34.775,2.100,352.546,1.035,0.603,1.563,28.733,0,0,1.084
0.985,27.713,8.512,154.969,1.925,0.412,0.279,47.583,0,1,1.123
1.054,32.206,6.155,177.593,1.334,2.292,0.699,9.591,0,1,1.080
1.039,28.355,1.130,180.575,1.052,15.492,0.815,22.416,0,0,1.070
0.949,29.584,1.828,166.724,1.673,9.105,0.826,8.302,0,1,1.091
0.841,29.204,8.586,283.793,0.843,28.494,0.930,5.698,0,0,1.074
0.917,33.770,11.508,325.350,0.656,28.784,2.266,5.391,0,0,1.055
1.042,25.195,4.718,143.362,1.582,0.663,0.401,23.907,1,0,1.070
1.035,27.189,3.798,178.590,1.008,28.389,1.065,17.697,1,0,1.055
1.076,28.215,5.263,302.944,0.779,0.517,0.696,3.070,1,0,1.049
0.882,33.996,8.542,379.118,0.873,3.044,0.206,4.471,0,0,1.080
0.934,31.829,1.421,154.009,1.186,32.351,0.920,19.613,0,0,1.056
0.863,33.035,9.161,149.983,2.192,3.791,0.353,4.631,0,1,1.106
1.130,29.459,4.846,270.068,0.637,0.516,0.910,9.904,0,0,1.055
0.768,29.938,11.550,347.009,0.758,51.286,0.596,3.327,0,0,1.086
0.987,28.362,3.807,258.760,0.812,14.285,2.146,8.766,0,0,1.070
0.849,33.122,4.122,284.390,0.909,54.691,0.618,8.189,1,0,1.048
1.051,33.044,1.957,122.861,1.302,21.643,0.272,20.443,0,0,1.057
0.972,28.123,6.253,198.603,0.908,11.099,1.352,0.816,0,0,1.059
0.896,32.702,1.991,201.135,1.826,0.698,0.467,11.415,0,1,1.108
0.983,30.605,2.174,141.002,1.709,14.892,0.829,7.517,0,1,1.087
0.887,30.841,2.935,220.357,0.999,29.900,2.372,11.311,0,0,1.065
0.948,29.838,10.281,298.450,0.790,0.991,1.227,3.548,0,0,1.065
0.995,27.074,7.253,242.092,0.855,0.722,0.380,7.283,0,0,1.067
1.051,20.366,1.209,97.109,1.679,0.405,1.142,42.567,0,0,1.096
0.866,30.581,2.531,274.249,1.232,1.264,0.598,16.662,0,0,1.091
0.842,34.180,7.942,310.132,1.228,9.670,1.771,7.862,1,0,1.071
0.714,36.309,6.802,236.090,2.211,0.414,0.281,2.844,1,0,1.114
1.041,26.563,2.292,116.102,1.803,0.678,0.523,33.563,0,0,1.093
0.932,26.848,7.549,367.810,0.861,0.638,1.008,44.340,0,0,1.100
1.118,29.635,2.232,115.328,1.543,2.014,1.785,18.922,0,0,1.078
0.968,28.728,7.024,276.962,1.170,3.747,0.773,41.554,0,1,1.098
0.938,34.986,7.790,125.352,2.491,0.400,0.780,22.612,0,0,1.115
0.878,27.235,0.969,270.205,1.153,10.767,0.211,42.209,0,0,1.095
0.933,26.918,9.505,329.328,1.020,0.401,0.537,42.314,0,1,1.099
1.073,32.085,3.188,133.101,1.409,3.444,0.522,11.947,0,0,1.068
1.103,26.851,2.962,61.409,2.663,0.401,1.503,28.505,0,0,1.103
0.768,37.234,8.695,320.912,1.279,7.516,1.805,1.928,0,0,1.091
1.198,38.266,4.804,129.094,1.734,3.494,1.405,39.808,0,0,1.095
1.028,28.519,3.919,286.236,1.045,0.692,0.505,55.937,0,0,1.096
0.766,28.149,3.193,262.202,0.822,65.192,2.164,36.762,0,0,1.082
0.900,33.062,14.231,164.555,1.361,1.131,1.407,2.960,0,0,1.057
0.913,33.976,3.505,257.312,1.176,16.943,0.799,8.497,0,1,1.076
0.868,26.061,1.401,168.682,1.157,32.680,1.121,42.494,0,0,1.080
1.038,31.814,8.273,136.263,1.410,10.270,0.615,2.917,0,1,1.075
0.953,34.383,3.036,168.749,2.264,0.515,1.502,4.876,1,1,1.107
0.808,28.807,11.067,412.369,0.822,13.571,0.449,4.850,0,0,1.101
1.097,26.899,3.111,292.741,0.720,4.528,0.308,22.061,0,0,1.074
0.961,25.083,3.358,162.966,1.785,1.119,0.616,30.323,0,1,1.108
0.946,28.150,3.336,430.536,0.752,0.690,0.746,14.505,0,0,1.095
1.045,28.826,4.719,427.193,0.617,3.193,0.313,20.119,0,0,1.078
1.073,32.348,5.470,182.443,1.218,2.036,0.173,4.318,0,1,1.074
0.946,26.020,5.784,154.427,1.302,2.893,0.266,11.477,0,0,1.072
0.892,29.864,11.075,184.952,0.790,51.340,0.375,1.287,1,0,1.036
1.131,29.869,3.354,124.521,1.531,1.486,0.265,28.977,0,0,1.086
1.366,26.606,9.087,78.979,2.268,0.400,0.721,59.194,0,1,1.165
1.192,26.597,1.649,187.178,1.151,0.648,0.286,23.044,1,0,1.064
1.013,29.606,2.255,407.595,0.745,3.085,0.493,9.290,0,1,1.071
0.906,31.337,1.977,240.005,1.281,0.474,0.430,10.554,0,0,1.084
0.829,36.074,4.526,167.951,2.221,12.588,0.992,6.833,0,1,1.110
0.952,26.991,5.343,185.399,1.407,0.412,1.581,42.833,0,0,1.097
0.907,28.442,8.829,115.558,2.176,1.256,0.599,40.164,0,0,1.103
1.032,32.757,2.111,105.391,1.321,20.506,1.464,5.672,0,0,1.050
1.124,28.680,1.167,87.783,1.827,0.442,0.638,9.002,0,0,1.078
1.114,29.923,4.920,133.928,1.098,1.113,1.987,5.145,0,0,1.057
1.049,22.282,5.364,107.343,2.115,2.494,0.193,45.492,0,1,1.121
0.885,27.822,4.778,317.774,0.752,32.771,0.498,3.448,0,0,1.087
1.203,26.540,6.089,283.013,0.886,0.400,0.713,51.380,0,1,1.095
1.023,27.842,1.590,114.011,1.977,10.008,1.017,5.575,0,1,1.095
0.925,30.799,5.849,289.181,1.072,3.688,0.321,29.648,0,0,1.088
0.979,25.761,1.816,324.886,0.868,0.544,0.307,24.198,0,0,1.091
1.114,30.592,3.021,83.257,1.528,12.457,1.285,12.760,0,0,1.065
1.258,32.597,5.541,127.761,1.811,0.404,0.130,42.506,0,1,1.126
1.103,26.082,9.109,216.844,0.665,2.250,0.619,7.713,0,0,1.062
1.043,27.324,1.716,276.431,1.116,0.409,0.484,31.889,0,1,1.092
0.815,32.360,1.472,269.463,1.343,20.915,0.407,40.100,0,0,1.088
1.076,26.297,9.038,82.319,2.899,1.724,0.199,53.933,0,1,1.146
1.079,24.926,1.731,292.938,0.874,1.700,0.500,47.857,0,0,1.093
1.331,29.364,1.108,73.372,2.193,1.358,0.155,16.642,0,1,1.119
0.826,31.766,12.077,230.265,1.363,0.957,1.180,15.882,0,0,1.084
0.893,32.497,8.913,190.441,1.688,0.901,0.348,34.410,0,0,1.100
0.928,34.179,7.414,258.337,1.056,0.462,0.367,2.391,0,0,1.067
1.116,28.750,2.570,164.425,1.192,0.453,0.242,22.808,0,0,1.077
0.913,27.761,11.663,156.566,1.551,0.994,1.421,43.312,0,0,1.100
0.998,29.954,4.381,245.208,0.915,0.514,0.581,1.585,0,0,1.064
1.173,27.486,6.047,191.437,0.625,18.864,0.793,23.481,0,0,1.071
0.931,25.722,3.611,290.474,1.068,1.467,2.055,7.913,1,0,1.075
0.870,33.201,1.981,269.704,1.419,5.866,0.636,13.782,0,1,1.098
1.173,23.825,10.662,121.613,1.236,0.475,1.417,57.264,0,0,1.123
0.785,28.538,5.243,282.635,1.242,1.198,0.980,11.882,0,0,1.098
0.983,27.431,5.651,268.912,0.909,2.333,1.244,19.840,0,0,1.081
1.087,27.381,7.482,100.600,1.376,0.540,0.679,9.129,0,0,1.068
0.894,32.108,1.837,275.644,0.690,53.825,1.365,0.292,0,0,1.067
1.079,30.353,13.527,148.838,0.981,2.443,1.276,22.168,0,0,1.069
0.837,26.993,12.443,344.815,0.872,6.458,0.107,19.825,0,0,1.095
1.009,29.182,4.951,260.022,0.844,0.815,1.717,2.950,0,0,1.066
1.040,25.573,4.895,372.290,0.711,17.956,0.275,63.704,0,0,1.096
0.966,28.361,5.725,268.394,0.918,2.732,0.470,12.674,0,0,1.077
0.977,30.961,1.365,261.615,1.050,7.992,0.785,21.419,0,0,1.079
1.092,31.193,4.205,226.480,1.206,1.216,1.438,51.273,0,0,1.094
1.062,28.432,2.657,166.928,1.706,0.400,0.552,29.609,0,1,1.109
0.987,32.073,3.888,208.334,1.189,0.421,0.968,9.071,0,0,1.072
0.825,38.181,6.086,374.083,1.170,0.401,0.864,7.695,0,0,1.102
1.056,30.452,5.266,294.389,0.938,2.134,1.071,44.665,0,0,1.087
0.892,30.845,3.221,208.619,1.686,2.701,0.225,15.284,0,1,1.105
0.863,30.677,5.308,213.074,1.461,16.574,0.457,15.693,0,1,1.090
0.952,25.494,2.928,214.044,1.150,0.700,0.960,19.808,0,0,1.086
1.148,26.385,3.583,176.297,0.936,0.887,0.331,15.992,0,0,1.072
0.860,29.254,7.051,231.997,1.219,8.924,0.566,23.687,0,0,1.086
1.158,25.911,4.378,86.228,2.188,8.316,0.928,30.615,0,1,1.117
1.015,26.391,4.147,424.927,0.672,3.355,1.687,26.831,0,0,1.091
1.018,26.961,4.900,175.743,1.344,0.489,1.132,40.118,0,0,1.096
0.901,27.458,2.632,84.846,2.031,16.598,0.916,12.447,0,0,1.069
1.108,26.276,5.052,141.323,1.067,1.745,1.515,9.597,0,0,1.068
0.877,30.407,8.136,298.199,1.121,3.588,0.768,34.797,0,0,1.097
1.083,27.358,5.872,126.583,1.914,2.183,0.536,29.518,0,1,1.115
1.079,26.128,3.941,303.262,0.773,9.137,0.949,43.623,0,0,1.090
0.918,24.803,5.819,101.428,2.705,0.510,0.611,28.543,0,1,1.120
0.796,33.692,3.228,159.289,1.505,33.095,0.765,6.438,0,0,1.058
1.038,25.906,0.977,126.895,1.543,6.197,0.978,28.575,0,0,1.086
1.083,28.170,4.818,119.793,1.595,2.595,1.570,2.612,1,0,1.056
1.189,28.735,2.993,77.204,1.922,3.601,1.528,27.400,0,0,1.094
1.086,32.164,5.343,166.984,0.964,1.059,1.318,1.286,0,0,1.050
0.951,24.967,14.361,441.567,0.657,1.640,0.771,12.178,0,1,1.083
0.956,28.189,0.715,160.198,0.691,73.835,1.334,0.894,1,0,1.057
0.840,31.129,4.577,164.153,1.283,27.452,1.694,3.606,0,0,1.060
0.968,28.153,2.893,390.895,0.665,22.819,0.238,7.693,0,0,1.091
1.197,25.303,5.115,163.465,0.875,0.866,1.406,18.728,0,0,1.076
0.956,37.691,5.251,207.697,0.834,29.387,0.856,1.316,0,0,1.033
1.188,28.370,4.418,174.540,1.369,14.681,1.069,61.084,0,1,1.113
0.894,32.704,7.583,253.106,0.838,41.001,1.481,25.018,0,0,1.063
0.892,30.059,3.424,83.649,2.984,19.946,0.551,12.265,0,1,1.104
0.717,32.119,6.282,474.795,0.889,52.057,0.481,12.594,0,0,1.120
0.707,31.869,2.019,229.500,1.526,22.810,2.549,5.230,0,0,1.090
1.150,37.042,1.954,191.709,0.825,2.759,0.255,6.000,0,0,1.039
0.937,24.878,4.099,141.599,1.485,0.411,0.225,12.201,0,0,1.079
0.814,26.651,7.989,164.435,1.057,30.931,0.220,0.443,0,0,1.063
0.842,34.559,5.894,182.733,1.730,8.171,0.462,8.792,0,0,1.085
0.903,27.232,5.066,168.377,1.332,6.360,1.657,8.278,0,0,1.075
0.917,25.385,5.900,167.512,1.591,1.333,1.151,65.482,0,0,1.114
0.925,34.027,6.548,190.767,1.143,24.112,1.310,18.512,0,0,1.060
0.934,32.003,9.104,195.252,1.425,1.647,1.009,27.190,0,0,1.089
1.031,27.086,4.178,146.876,1.439,0.405,0.226,25.927,0,0,1.088
1.212,24.083,1.201,136.055,1.965,0.465,2.245,64.240,0,1,1.134
1.052,28.937,15.175,146.271,1.162,0.403,0.422,34.461,0,0,1.091
0.910,27.303,2.920,215.749,1.468,0.554,2.070,53.921,0,0,1.107
0.912,29.064,10.094,212.175,1.438,5.862,0.846,28.771,0,1,1.102
1.042,26.229,7.754,123.981,1.219,1.232,1.573,5.979,0,0,1.066
1.138,28.157,2.675,153.702,1.127,0.400,0.665,15.095,0,0,1.073
1.020,31.997,6.517,352.277,0.759,0.407,0.417,3.688,0,1,1.064
1.121,33.916,1.090,136.026,2.296,0.434,1.430,32.617,0,1,1.133
1.477,22.084,0.923,127.952,1.688,4.283,0.909,67.035,0,1,1.144
0.981,27.834,3.644,400.155,0.757,0.433,1.279,20.040,0,0,1.092
0.856,33.573,8.759,182.685,1.376,14.740,0.416,5.667,0,0,1.065
1.190,32.205,6.077,53.198,3.586,4.101,1.056,17.076,0,1,1.161
1.317,26.271,3.755,92.823,1.909,0.400,0.504,27.305,0,1,1.123
0.857,37.555,4.385,251.920,1.469,0.400,1.567,1.595,0,0,1.093
0.947,31.628,1.848,202.815,1.348,19.343,1.189,10.997,0,1,1.084
0.847,31.651,5.635,222.034,1.553,2.513,1.070,26.544,0,0,1.099
0.967,32.081,11.668,168.112,1.316,0.558,0.261,14.878,0,0,1.073
0.918,31.638,12.745,200.433,1.178,12.299,0.361,30.689,0,0,1.079
1.082,32.101,11.334,199.008,1.010,0.667,0.944,9.075,1,0,1.046
1.082,29.562,4.588,204.362,0.871,7.748,0.381,13.780,0,0,1.066
0.937,26.937,4.741,165.511,1.324,1.251,1.654,3.800,0,0,1.073
0.701,26.375,10.800,244.066,1.361,0.823,1.155,7.398,0,0,1.090
0.968,26.489,3.511,359.093,0.833,0.633,1.554,26.566,0,0,1.096
0.913,34.004,11.648,261.450,0.982,3.951,1.000,3.820,0,0,1.064
0.961,34.959,6.478,199.189,0.733,55.638,0.720,8.058,1,0,1.022
1.042,24.808,0.495,124.079,1.653,36.514,0.772,23.970,1,1,1.077
1.120,34.204,4.081,159.389,0.829,34.230,0.372,37.168,0,0,1.055
1.178,28.340,1.771,221.117,1.054,0.428,0.640,18.808,0,1,1.084
0.799,34.566,1.734,363.952,1.560,0.405,0.302,71.205,0,0,1.126
1.153,33.949,9.994,148.080,1.131,1.256,0.759,9.555,1,0,1.045
1.042,26.032,9.138,154.445,1.674,0.654,0.372,40.981,0,1,1.121
1.053,27.968,1.562,346.694,0.890,0.635,1.426,50.443,0,0,1.092
0.784,28.338,9.234,266.530,0.636,75.343,1.236,1.918,0,0,1.089
1.276,27.698,3.615,64.455,2.149,17.994,0.398,36.470,0,1,1.119
1.031,26.189,3.102,160.376,1.646,9.020,0.197,36.836,0,1,1.109
0.808,36.432,8.607,189.011,1.226,40.515,1.223,14.507,0,0,1.046
0.947,31.335,8.810,238.395,0.833,15.926,0.315,2.241,0,0,1.059
1.213,27.086,1.581,142.368,1.176,0.831,0.997,25.434,0,0,1.083
1.089,32.736,2.980,231.835,0.858,6.557,0.586,13.557,0,0,1.060
1.053,28.591,6.548,216.972,0.869,3.760,1.744,12.201,0,0,1.069
0.842,28.044,8.796,288.723,1.115,14.579,0.758,12.093,1,0,1.076
0.828,31.098,11.901,94.936,3.004,2.260,1.833,13.900,0,0,1.110
1.305,26.828,6.291,163.823,0.857,0.693,1.488,38.121,0,0,1.093
0.953,24.002,10.767,188.903,1.000,0.401,1.382,13.202,0,0,1.077
1.152,22.159,2.716,224.234,0.911,4.840,1.532,54.256,0,0,1.107
1.105,29.985,3.003,166.564,1.565,1.719,0.592,23.592,0,1,1.104
0.874,34.347,8.599,187.642,1.254,18.742,0.293,5.647,0,0,1.060
1.192,27.433,1.885,140.163,1.336,1.200,1.362,35.388,0,0,1.093
0.725,32.168,5.315,182.970,2.057,5.491,0.487,5.107,0,0,1.102
0.777,30.481,3.180,347.959,1.241,0.468,0.117,23.176,0,0,1.117
1.009,30.342,8.450,74.559,2.855,16.450,0.165,29.385,0,1,1.118
0.912,32.873,0.757,337.653,0.893,26.181,0.617,16.451,0,0,1.081
0.968,26.693,10.327,258.563,1.004,0.464,0.856,7.176,1,0,1.064
0.996,35.976,4.126,261.311,1.272,14.052,0.755,30.230,1,0,1.063
0.921,24.648,3.628,179.533,1.257,0.633,0.473,4.231,0,0,1.078
1.064,33.282,6.446,212.176,0.786,6.025,1.289,2.251,0,0,1.048
1.233,29.824,4.588,123.748,1.592,0.400,0.328,20.958,0,1,1.107
0.913,29.955,7.257,361.277,0.986,2.552,0.550,44.513,0,0,1.103
1.133,26.915,9.450,76.607,1.407,0.825,1.045,8.876,0,0,1.072
1.073,21.124,4.031,138.275,1.089,8.499,0.492,24.117,0,0,1.091
0.982,19.573,1.908,185.900,1.430,4.245,0.766,36.952,0,1,1.113
1.026,33.879,1.923,139.840,1.274,18.612,0.423,10.712,0,0,1.059
0.987,29.559,3.741,378.183,0.649,22.668,1.118,7.770,0,0,1.084
1.050,23.257,9.888,226.572,0.695,6.407,0.173,8.824,0,0,1.078
0.879,32.544,3.074,339.870,1.081,10.445,1.283,9.431,0,1,1.091
1.056,27.018,1.102,182.672,1.402,0.486,0.129,44.918,0,0,1.100
1.180,32.529,3.918,187.068,0.807,4.037,1.015,14.773,0,0,1.056
0.932,27.061,3.118,88.605,2.206,7.342,2.475,14.296,0,0,1.084
0.799,27.308,3.999,173.507,1.989,4.787,0.342,5.752,0,1,1.108
1.115,25.564,3.295,176.327,0.999,0.543,0.439,13.321,0,0,1.076
0.954,28.165,1.096,194.063,1.634,0.458,1.697,10.726,0,1,1.105
0.932,30.029,3.017,379.110,0.874,3.995,0.926,17.874,0,0,1.095
1.184,30.842,5.154,79.283,1.821,0.574,0.895,17.529,0,0,1.090
1.098,26.685,1.502,256.897,1.020,0.405,0.123,17.092,1,0,1.068
0.799,27.781,3.728,112.705,2.755,0.452,1.196,29.739,0,0,1.111
1.059,30.203,1.443,226.267,1.074,0.877,0.508,19.897,0,0,1.079
0.844,27.885,1.352,236.008,0.720,66.843,0.475,3.754,0,0,1.090
0.914,24.810,2.965,172.043,1.657,7.554,1.650,16.902,0,1,1.103
1.087,32.455,8.851,222.348,0.936,3.257,0.279,29.377,0,0,1.076
0.952,28.548,3.593,148.933,1.229,39.078,0.854,7.784,0,1,1.080
0.785,31.070,5.636,195.713,1.056,63.274,1.753,3.828,0,1,1.071
0.875,27.528,4.534,351.651,0.977,0.400,0.516,22.807,0,0,1.105
0.988,29.268,2.244,213.138,1.000,23.462,1.989,27.796,0,0,1.078
1.127,30.396,2.343,226.994,0.871,0.774,1.245,14.572,0,0,1.067
0.944,26.798,3.598,221.154,0.983,19.622,0.808,21.191,0,0,1.085
1.046,31.739,2.019,183.646,0.998,13.916,0.628,7.598,0,0,1.062
0.750,30.806,3.042,151.999,2.068,21.198,1.221,37.164,0,0,1.088
1.100,28.438,1.143,272.258,1.093,1.166,0.479,33.663,1,0,1.074
1.055,28.077,2.281,214.828,1.246,0.400,0.391,9.133,0,1,1.091
0.966,32.568,6.263,152.742,1.190,19.327,1.810,10.300,0,0,1.060
0.999,25.322,3.921,260.368,0.887,0.400,1.100,7.742,0,0,1.082
1.055,22.981,1.597,137.717,1.485,0.423,1.300,40.472,0,0,1.102
0.888,26.803,1.352,365.305,0.911,8.754,0.786,19.409,0,0,1.107
0.880,28.694,2.312,173.878,1.278,19.069,0.274,4.004,0,0,1.074
0.865,29.765,7.331,280.066,1.214,7.901,1.331,12.243,0,1,1.095
1.131,26.942,6.003,65.167,3.018,2.880,0.939,23.336,0,1,1.136
1.115,27.990,1.827,81.422,3.007,0.848,0.235,22.140,0,1,1.139
0.829,36.305,4.793,328.934,1.380,3.997,0.108,5.906,1,0,1.093
1.023,32.102,3.148,224.700,1.013,0.400,0.489,2.502,0,0,1.067
0.906,29.811,3.771,221.970,1.489,0.707,0.780,5.519,1,0,1.077
0.860,30.877,12.802,315.727,1.211,0.438,1.242,33.201,0,1,1.106
0.858,25.653,5.168,415.160,0.891,8.049,0.227,3.838,0,1,1.106
1.036,31.967,1.799,195.885,1.928,2.141,1.530,56.178,0,1,1.127
0.750,31.955,6.277,244.499,1.321,25.600,0.258,15.841,0,0,1.085
0.970,30.948,13.674,387.082,0.661,0.910,0.420,11.101,0,0,1.078
0.861,24.457,7.977,284.558,1.125,0.516,0.333,8.228,1,0,1.082
0.851,28.461,4.507,180.615,1.358,12.136,1.071,3.147,0,0,1.077
0.848,30.113,4.551,346.063,0.927,18.163,1.842,7.767,0,0,1.097
1.140,28.792,2.007,189.241,1.791,0.417,0.375,70.522,0,1,1.132
0.961,31.449,8.221,197.506,1.118,5.100,0.488,7.018,0,0,1.069
1.155,25.967,9.389,242.986,0.676,0.403,0.676,26.563,0,0,1.084
1.059,23.571,1.536,120.528,2.103,9.439,1.584,59.639,0,1,1.125
0.872,26.318,4.246,132.885,2.167,3.471,0.572,18.905,1,0,1.081
1.038,32.161,1.645,129.120,1.578,4.270,0.533,4.113,0,0,1.075
0.949,24.947,8.676,192.332,1.533,0.684,0.272,41.254,0,1,1.118
0.786,36.049,6.387,185.799,0.826,66.912,1.025,0.435,0,0,1.033
1.076,24.385,1.997,407.755,0.685,1.835,1.550,40.949,0,0,1.096
0.718,33.109,6.293,291.601,1.093,47.549,0.382,15.870,0,0,1.081
0.881,34.857,7.361,187.230,1.812,6.027,0.502,4.493,0,1,1.104
1.018,30.427,8.429,69.300,3.044,1.870,1.573,26.100,0,0,1.122
1.045,29.277,10.208,106.270,2.573,0.445,1.893,39.284,0,1,1.145
1.037,26.417,3.110,389.474,0.719,0.493,0.353,26.323,0,0,1.093
1.071,32.038,4.276,184.757,1.401,0.491,0.227,35.520,0,0,1.095
0.842,38.254,3.456,421.009,1.056,1.511,0.102,3.596,0,0,1.110
1.171,27.334,5.343,212.534,0.756,10.896,0.457,1.197,1,0,1.049
1.023,28.190,5.539,99.519,2.478,0.523,0.488,6.537,0,1,1.119
1.178,31.635,0.643,184.783,0.715,9.972,0.829,2.387,0,0,1.049
0.843,34.363,4.257,263.837,1.291,8.519,1.170,4.974,0,0,1.089
0.896,26.230,4.531,188.136,1.142,17.779,0.405,17.426,0,0,1.084
0.714,23.640,8.438,401.434,0.968,35.036,1.006,0.753,1,0,1.122
1.177,24.297,2.732,115.594,1.980,0.400,2.123,32.651,0,1,1.124
1.045,31.776,6.888,297.922,1.093,2.351,0.995,44.689,0,1,1.097
0.760,31.295,3.293,331.740,1.382,1.001,0.832,4.867,0,1,1.119
0.881,30.514,3.999,149.308,1.227,32.885,1.689,12.442,0,0,1.064
0.925,32.045,4.789,105.220,1.591,39.495,1.640,1.901,0,1,1.070
0.853,34.866,2.920,206.281,1.422,21.826,0.868,12.323,0,0,1.076
0.970,25.994,2.959,365.715,0.760,7.878,0.347,12.733,0,0,1.098
0.924,31.433,6.691,424.117,0.827,0.848,0.362,18.376,0,0,1.099
0.952,26.945,7.106,259.273,1.029,0.401,0.363,28.337,0,0,1.096
0.930,30.129,2.725,243.336,1.223,19.500,0.425,18.165,0,1,1.092
0.931,33.271,3.498,214.264,0.823,37.495,1.035,0.695,0,0,1.055
0.798,34.112,4.625,203.353,1.454,23.536,1.636,5.807,0,0,1.076
0.944,30.367,5.646,220.119,1.135,8.364,0.132,15.589,0,0,1.081
0.816,29.476,9.843,485.606,0.734,35.209,1.135,4.204,0,0,1.122
1.064,29.727,0.912,115.129,1.779,17.048,0.157,45.903,0,0,1.092
0.956,29.147,4.419,194.477,1.733,4.049,1.625,6.275,1,1,1.090
1.040,29.475,3.342,159.270,1.646,0.959,0.410,41.571,0,0,1.105
1.108,27.325,8.440,149.043,1.348,1.036,1.250,48.103,0,0,1.111
0.896,26.832,7.046,192.966,1.273,3.719,0.428,16.756,0,0,1.087
1.092,36.983,6.798,251.455,0.669,0.933,0.345,0.790,0,0,1.039
1.093,28.862,5.720,303.493,0.818,0.581,0.109,37.783,0,0,1.089
0.950,37.382,11.305,175.519,0.934,36.418,1.286,0.179,1,0,1.014
0.930,34.661,3.405,256.419,1.407,0.400,0.364,26.826,0,0,1.101
0.981,27.325,1.340,247.010,1.297,14.182,0.185,53.400,1,0,1.085
0.808,32.433,1.277,374.095,1.135,1.774,1.240,5.058,0,0,1.118
0.921,37.917,7.749,80.513,1.999,39.647,0.441,0.364,1,0,1.023
1.020,32.595,4.957,169.421,1.250,17.112,1.139,3.937,1,0,1.049
1.256,23.566,1.765,106.096,1.035,10.435,0.289,11.483,0,0,1.082
1.135,28.832,11.715,164.322,0.872,11.634,0.241,39.013,0,0,1.093
0.872,32.529,3.215,199.128,1.909,0.738,1.383,8.028,0,1,1.119
0.941,27.338,5.265,258.447,1.282,1.437,0.602,27.544,0,1,1.106
0.897,33.880,11.720,128.072,1.884,5.416,1.197,3.887,0,0,1.079
1.344,28.604,1.181,91.731,2.298,0.401,0.525,68.536,0,0,1.139
0.832,25.940,1.891,154.154,2.058,1.113,1.403,64.408,0,0,1.117
0.805,31.135,4.692,264.270,1.421,0.400,0.728,13.941,0,0,1.106
0.914,32.053,8.354,268.155,1.008,2.048,1.462,0.482,0,0,1.075
0.840,30.024,9.021,172.767,2.002,1.699,1.558,10.368,0,1,1.113
1.201,35.707,10.416,106.541,0.759,13.332,1.964,1.366,0,1,1.053
1.081,25.178,2.802,162.807,0.797,26.446,0.147,8.502,0,0,1.079
0.976,24.542,4.956,314.318,0.707,16.681,1.206,1.696,0,0,1.094
0.909,31.732,2.486,268.738,1.099,4.861,1.573,0.579,0,0,1.085
0.996,35.321,3.639,321.478,0.848,11.892,0.222,2.569,0,1,1.067
1.140,31.392,6.111,123.607,1.227,1.065,0.569,10.825,0,0,1.071
0.928,28.961,1.632,134.730,1.887,7.678,1.010,24.014,0,0,1.094
0.912,34.591,6.266,279.372,1.164,0.408,0.650,9.952,0,0,1.088
1.028,27.070,9.117,89.938,2.560,1.601,1.697,18.608,0,1,1.126
1.036,32.955,3.857,264.323,0.861,1.563,1.532,3.194,0,0,1.066
0.848,29.827,7.210,199.292,1.595,1.147,0.501,25.266,0,0,1.102
0.943,30.920,12.854,339.280,0.682,14.884,0.411,6.675,0,0,1.076
0.844,29.132,5.142,357.811,1.021,0.494,0.657,12.810,0,0,1.109
1.107,24.121,0.919,124.794,2.244,2.310,1.038,60.273,0,1,1.136
1.121,25.752,3.078,195.776,1.027,0.410,1.295,25.863,0,0,1.090
1.098,28.584,1.693,198.262,1.310,13.881,1.185,36.620,0,1,1.101
0.808,28.134,6.917,160.772,1.791,2.188,0.441,12.412,0,0,1.092
0.849,30.658,8.498,260.083,1.387,0.522,1.404,4.126,1,0,1.081
0.839,33.311,11.574,313.293,1.197,9.368,0.347,8.929,1,0,1.078
0.851,36.178,8.758,110.509,1.138,47.701,0.473,3.656,0,0,1.026
0.794,31.949,1.929,322.550,1.285,2.940,0.237,11.018,0,0,1.115
1.168,28.398,3.599,125.533,1.501,14.542,0.139,60.693,0,0,1.108
0.875,29.167,4.367,191.267,1.277,12.824,0.803,2.432,0,0,1.078
1.062,26.465,4.429,144.289,1.383,18.331,1.141,13.364,0,1,1.096
1.069,28.304,3.460,105.580,1.980,10.994,0.768,9.188,0,1,1.105
1.149,24.182,3.002,366.289,0.696,7.867,1.178,25.974,1,0,1.077
1.123,25.970,1.207,179.981,1.009,0.401,1.745,6.118,0,0,1.076
1.281,27.791,0.464,140.438,1.098,4.776,1.639,27.418,0,0,1.086
1.124,26.724,3.040,258.074,1.048,2.793,1.576,36.254,1,0,1.080
1.051,29.264,1.968,96.941,2.277,2.813,1.847,26.705,0,0,1.106
0.916,32.443,2.816,322.725,0.682,58.184,1.219,18.636,0,0,1.076
0.900,31.941,4.736,387.087,0.937,6.102,1.169,20.623,0,0,1.102
1.151,28.890,4.116,243.093,0.722,1.523,1.149,11.667,0,0,1.068
0.813,19.120,5.671,355.315,0.793,15.278,0.114,45.713,0,0,1.132
0.940,29.942,3.279,293.111,1.073,0.402,0.295,19.953,0,0,1.096
1.019,24.062,2.611,212.789,1.108,0.425,0.128,29.679,0,0,1.098
1.301,22.118,1.865,157.571,1.141,0.400,0.668,51.267,0,0,1.117
1.061,36.965,8.104,136.897,1.489,0.417,0.895,7.718,0,0,1.075
1.073,27.791,3.300,113.766,1.490,4.678,0.468,10.473,0,0,1.080
0.798,25.108,6.676,143.760,1.672,33.297,2.847,58.909,0,1,1.105
0.850,32.180,4.487,377.202,1.057,12.103,1.192,32.351,0,0,1.107
1.076,28.930,7.762,316.626,0.639,2.678,1.053,11.249,0,0,1.074
1.166,23.608,2.933,65.140,2.999,0.413,0.208,27.416,0,1,1.135
0.959,29.418,9.696,265.858,1.041,0.502,1.398,0.296,0,1,1.083
0.841,36.947,6.952,306.921,1.162,25.387,0.233,0.342,1,0,1.064
0.956,28.485,4.127,295.397,0.961,0.912,0.965,13.839,0,0,1.092
0.959,37.077,7.005,311.657,1.043,4.721,2.480,11.265,0,1,1.080
0.895,31.323,3.040,216.537,1.391,1.647,0.738,4.865,0,0,1.091
1.187,25.023,3.842,207.873,1.150,0.706,0.379,29.436,0,1,1.106
1.158,30.550,2.900,214.963,1.321,0.473,0.514,39.530,0,1,1.107
1.100,28.154,1.246,154.129,1.524,1.448,0.961,37.626,0,0,1.102
1.141,20.147,3.386,159.633,1.383,17.160,1.786,70.103,0,1,1.138
1.370,30.394,1.539,136.601,0.981,6.513,0.232,11.475,0,1,1.083
0.865,31.995,5.246,187.337,1.746,4.488,0.502,22.876,0,0,1.103
0.827,22.470,1.960,411.646,0.831,19.647,0.525,28.831,0,0,1.132
0.924,29.689,12.145,172.700,1.193,6.566,0.179,8.892,0,0,1.072
0.806,25.200,2.864,145.973,1.953,21.137,0.498,34.094,0,1,1.106
0.812,31.320,8.924,188.440,1.135,32.009,0.552,2.227,0,0,1.063
1.018,30.643,4.229,207.354,1.247,0.683,0.737,23.576,0,0,1.090
0.975,32.215,2.826,372.945,0.860,17.731,1.170,35.360,0,0,1.088
0.823,33.758,7.630,226.535,1.672,2.596,1.467,22.067,0,0,1.109
1.080,35.874,1.802,284.968,0.785,3.618,1.468,6.287,0,0,1.058
1.090,28.325,7.478,116.756,1.273,0.989,0.628,5.914,0,0,1.072
0.702,23.845,5.885,294.835,0.808,71.585,0.745,0.162,0,0,1.131
1.072,29.699,5.296,210.060,1.064,0.400,0.179,23.271,0,0,1.086
0.796,28.707,3.509,253.508,1.466,0.957,2.082,27.176,0,0,1.113
1.068,32.929,1.958,429.130,0.614,1.199,0.603,7.290,0,0,1.073
1.039,28.764,2.006,343.862,0.667,22.824,1.604,15.144,0,0,1.085
0.891,33.287,4.326,163.398,1.913,17.128,1.507,13.435,0,1,1.104
0.945,31.018,5.331,123.934,1.327,23.374,1.281,5.650,0,0,1.063
1.031,28.214,1.646,211.041,1.313,3.517,0.610,45.410,0,0,1.103
1.035,22.589,2.859,213.849,1.320,5.007,0.238,41.709,0,1,1.117
1.030,30.493,1.622,183.637,1.393,0.581,0.254,19.810,0,0,1.091
1.147,22.561,2.513,80.977,1.734,3.071,0.580,25.415,0,0,1.098
0.932,27.016,13.042,157.828,1.462,25.058,0.939,6.235,1,1,1.072
1.124,29.212,7.040,81.206,1.440,7.620,0.676,8.577,0,0,1.074
1.293,26.044,4.152,198.383,0.640,3.580,1.159,17.175,0,0,1.077
1.192,27.137,4.922,245.800,0.758,0.407,0.788,2.137,1,0,1.053
1.133,28.572,5.331,163.787,1.444,3.714,1.718,25.467,0,1,1.109
0.899,29.267,6.783,373.799,0.847,4.048,0.399,5.370,0,0,1.099
1.114,30.710,6.801,147.886,2.091,0.402,1.282,53.354,0,1,1.146
0.844,28.831,6.802,216.826,1.364,19.268,0.291,3.641,0,1,1.094
0.765,33.699,7.836,185.017,1.567,37.075,1.150,0.632,1,0,1.050
1.040,22.494,3.985,142.105,1.503,12.713,0.146,10.703,0,1,1.104
0.726,36.700,4.045,275.820,0.969,69.009,0.831,2.395,0,0,1.062
0.760,32.536,2.177,353.907,1.405,9.926,1.852,17.025,1,0,1.112
1.162,28.767,6.312,57.651,2.831,12.407,1.181,39.499,1,0,1.099
1.092,23.618,0.909,213.383,1.362,9.269,0.146,62.063,0,1,1.121
0.962,26.437,1.015,223.278,1.267,0.415,1.250,29.132,0,0,1.101
1.048,32.968,3.802,115.332,1.863,16.656,1.415,8.803,0,1,1.098
0.778,38.453,8.118,331.507,1.399,1.028,0.425,4.119,0,0,1.116
1.016,37.152,3.668,216.716,0.805,23.734,0.142,2.015,0,0,1.045
0.955,26.538,4.537,164.867,1.542,0.421,0.512,32.712,0,0,1.103
1.024,29.034,2.514,372.716,0.692,18.604,2.042,19.116,0,0,1.090
0.841,31.152,4.795,212.014,1.523,9.372,0.266,22.215,0,0,1.098
0.860,31.519,0.729,396.585,1.036,17.868,0.740,4.736,1,0,1.100
0.943,33.302,4.343,338.852,1.158,3.265,0.216,7.790,1,1,1.081
0.736,37.401,3.401,184.209,1.480,49.530,1.643,7.336,0,0,1.054
1.007,26.465,0.441,310.489,0.989,0.403,0.870,38.670,0,0,1.103
0.827,30.681,1.126,168.793,2.010,0.707,0.537,5.265,0,0,1.109
1.019,26.653,1.316,175.669,1.322,10.036,0.534,38.002,0,0,1.098
1.025,24.933,4.216,319.837,0.617,44.620,1.199,42.476,0,0,1.108
0.932,29.072,4.505,129.646,1.877,2.281,0.108,10.750,0,0,1.093
0.940,25.862,4.642,302.893,0.944,4.306,0.652,26.780,0,0,1.104
1.002,31.941,5.407,204.301,1.128,0.428,0.228,3.172,0,0,1.074
0.943,24.973,10.954,186.655,1.281,1.253,1.041,55.041,0,0,1.120
0.834,25.863,5.027,268.310,1.118,2.471,0.773,1.648,0,0,1.098
1.056,34.155,5.593,153.557,1.589,1.402,0.333,1.077,1,0,1.066
0.934,21.925,2.413,185.298,1.886,2.661,0.196,54.494,1,1,1.113
0.965,26.500,13.587,75.055,2.115,1.334,0.516,19.808,0,0,1.093
1.018,30.995,6.986,123.854,1.632,25.374,0.876,23.910,0,1,1.097
1.079,23.089,5.618,224.370,1.230,5.029,0.253,55.285,0,1,1.126
0.948,28.051,3.181,457.573,0.715,42.810,0.727,9.479,1,0,1.101
1.102,30.762,1.145,233.736,1.023,0.408,1.243,20.537,0,0,1.083
0.895,32.302,5.786,259.413,1.131,6.669,0.491,4.129,0,0,1.086
0.889,25.792,1.423,224.339,1.265,2.689,1.463,13.175,0,0,1.099
1.005,21.791,2.383,226.522,1.084,0.737,1.904,47.290,0,0,1.113
0.707,33.635,6.684,243.813,1.847,0.550,0.121,4.294,0,0,1.123
0.948,30.007,2.506,201.626,1.397,11.890,1.247,0.195,0,1,1.096
1.260,28.718,6.606,82.549,1.559,0.501,0.134,26.762,0,0,1.104
0.945,27.857,5.119,150.523,1.472,3.121,0.641,5.216,0,0,1.083
1.184,28.425,1.953,132.606,1.421,0.896,0.163,27.612,0,0,1.096
0.792,37.066,7.689,114.391,1.582,62.235,1.047,12.223,0,1,1.045
0.853,27.412,0.653,160.449,2.128,1.891,0.388,58.280,0,0,1.121
0.937,29.182,11.669,129.115,1.366,31.899,1.133,12.913,0,1,1.085
1.055,26.386,6.781,134.156,1.712,2.492,2.295,9.704,0,1,1.107
0.962,25.492,0.990,214.258,1.341,5.932,0.865,58.381,0,0,1.112
0.833,28.372,2.211,223.705,1.531,2.811,0.914,28.020,0,0,1.110
0.869,36.136,4.540,195.327,1.324,23.690,0.975,1.190,0,0,1.068
1.087,25.252,4.004,187.925,1.133,0.515,0.715,31.270,0,0,1.100
1.302,27.566,0.474,111.907,1.281,2.871,0.817,22.906,0,0,1.091
0.917,31.887,2.685,166.759,1.913,8.458,0.989,4.950,0,1,1.112
0.848,34.493,7.412,338.046,1.272,9.784,0.180,19.384,1,0,1.093
1.046,24.630,5.941,150.737,1.234,0.968,0.897,18.594,0,0,1.091
0.871,26.047,1.340,271.863,0.944,34.534,1.202,32.995,0,0,1.104
1.291,30.602,2.801,81.702,1.991,9.050,0.384,21.247,0,1,1.122
0.940,33.420,1.721,276.028,1.121,9.103,1.381,13.679,0,0,1.089
0.905,30.105,6.722,274.724,1.024,2.727,2.172,0.530,0,0,1.087
0.826,33.823,6.412,179.761,1.101,57.780,0.386,0.162,1,0,1.036
1.181,28.503,8.156,133.572,1.418,0.771,1.786,46.779,0,0,1.118
0.762,23.633,7.337,264.590,1.070,14.312,0.716,0.693,0,0,1.103
1.455,24.738,1.648,60.509,2.014,0.426,0.658,44.569,0,0,1.132
1.254,25.931,5.257,77.038,2.186,6.871,0.311,27.968,0,1,1.133
1.028,34.199,8.480,257.341,1.110,0.400,0.169,16.262,0,1,1.090
1.241,31.775,4.615,114.598,1.674,2.108,0.803,22.453,1,0,1.084
0.968,28.959,4.121,174.711,1.379,0.960,0.718,7.369,0,0,1.087
0.736,31.825,9.874,182.678,2.356,4.018,2.216,11.841,0,1,1.132
0.789,36.701,2.438,236.618,1.025,60.791,1.786,11.154,0,0,1.056
1.122,32.213,6.570,213.298,1.057,0.400,0.393,10.973,0,1,1.085
0.997,26.193,3.934,90.920,2.913,5.664,1.362,33.861,0,1,1.135
0.809,34.056,9.153,478.841,0.673,72.526,1.028,1.709,0,0,1.108
1.163,22.885,2.834,251.258,0.830,0.407,0.894,33.592,0,0,1.102
1.087,26.886,12.002,99.199,2.019,0.618,1.285,15.990,0,1,1.121
1.024,26.552,7.574,236.432,0.892,0.934,0.721,11.219,0,0,1.085
1.145,25.727,4.627,142.503,1.576,0.536,1.947,30.517,1,0,1.091
0.880,29.589,12.412,128.310,1.213,43.725,0.921,0.781,0,1,1.072
0.977,38.242,9.056,275.685,1.068,2.693,0.967,5.278,0,1,1.078
0.924,30.749,3.339,413.273,0.749,33.852,1.099,1.471,0,1,1.094
0.946,30.983,8.593,258.140,0.900,9.494,1.576,1.589,0,0,1.075
0.988,29.422,2.770,92.312,2.536,0.862,0.502,11.848,0,0,1.111
0.770,34.651,5.071,284.865,0.983,69.646,0.251,0.799,1,0,1.058
1.319,25.386,1.083,106.974,1.756,0.455,0.879,15.977,0,1,1.119
1.016,28.534,11.045,293.115,0.778,11.637,1.237,2.656,0,1,1.080
1.116,27.489,4.268,184.614,0.931,0.403,0.193,3.665,0,0,1.073
0.969,29.795,9.303,127.894,2.321,0.400,0.675,19.834,0,1,1.132
1.216,24.378,5.109,88.066,1.673,3.167,0.409,41.839,0,0,1.118
1.356,21.783,0.815,142.540,1.705,2.569,0.685,63.092,0,1,1.145
0.809,32.589,8.495,260.485,0.898,54.867,2.569,25.328,0,0,1.075
1.167,27.053,7.050,77.582,2.904,0.808,2.346,39.748,0,1,1.157
1.018,29.502,5.207,252.794,1.003,0.657,0.918,18.401,0,0,1.090
1.226,29.907,5.139,114.056,1.879,2.759,0.410,6.800,1,1,1.099
0.935,30.770,3.240,120.444,1.737,19.531,0.592,17.180,0,0,1.082
1.038,32.161,2.501,210.719,1.075,2.261,0.264,3.061,0,0,1.075
1.044,32.779,0.690,248.630,0.935,10.430,1.150,8.698,0,0,1.074
1.072,29.897,6.112,344.218,0.882,6.188,0.555,60.246,0,0,1.103
0.950,28.678,1.740,211.856,1.339,0.468,0.679,14.935,0,0,1.098
1.176,29.149,8.240,142.242,1.686,1.164,0.402,39.039,0,1,1.133
0.901,28.970,9.662,187.485,1.311,3.473,0.928,9.683,0,0,1.086
0.935,26.366,4.463,122.989,1.841,1.097,0.241,13.192,0,0,1.095
1.037,29.804,4.727,178.319,0.832,26.680,1.691,8.751,0,0,1.071
0.880,33.533,8.598,315.942,0.762,56.030,0.443,34.183,0,0,1.075
1.097,26.909,2.255,259.623,0.810,9.359,1.379,18.982,0,0,1.088
0.825,34.854,3.261,275.563,1.503,4.089,1.531,16.076,0,0,1.115
1.029,25.959,2.829,222.858,1.175,7.169,0.548,3.971,0,1,1.099
0.987,29.944,4.762,205.316,1.161,3.053,0.800,7.902,0,0,1.084
1.262,20.960,1.894,296.070,0.648,0.400,1.844,30.808,0,0,1.099
1.035,26.232,2.740,264.452,0.898,6.527,0.686,19.193,0,0,1.095
0.987,27.665,4.935,170.932,1.207,10.329,0.174,15.067,0,0,1.087
0.818,27.786,7.396,392.125,0.975,13.591,0.740,42.398,0,0,1.123
0.987,28.324,3.015,363.049,0.904,9.501,0.839,13.471,1,0,1.087
1.116,27.106,3.732,159.226,1.402,0.424,0.558,40.102,0,0,1.109
1.100,35.167,5.016,74.364,2.082,20.456,0.293,4.379,1,0,1.062
1.216,29.625,5.728,189.085,0.723,1.295,0.601,11.119,0,0,1.068
0.890,24.060,2.352,188.482,1.098,53.588,2.283,34.916,0,1,1.112
0.836,31.307,6.246,168.130,2.077,8.798,1.691,6.654,0,1,1.118
1.072,28.194,2.879,87.015,3.035,0.460,1.191,17.434,0,1,1.148
0.981,26.686,10.404,225.809,1.020,1.014,0.890,25.205,0,0,1.098
0.992,28.821,9.455,280.428,0.904,0.426,1.479,20.878,0,0,1.094
1.192,27.161,9.636,133.559,1.622,6.777,0.833,49.087,0,1,1.141
1.076,28.949,1.865,338.840,0.728,1.127,1.391,9.718,0,0,1.084
0.956,25.548,3.806,107.387,2.025,23.384,0.745,29.206,0,1,1.109
0.850,36.112,2.599,229.505,1.113,49.347,1.756,2.515,0,1,1.071
1.090,31.811,11.404,205.820,0.760,6.191,0.452,12.813,0,0,1.068
1.155,25.284,6.720,124.385,2.017,1.082,0.625,51.761,0,1,1.148
1.008,29.896,5.450,267.196,1.102,13.883,1.169,60.530,0,0,1.107
1.026,33.565,12.987,79.306,1.146,19.484,2.053,1.436,0,0,1.047
0.883,29.527,5.351,271.695,1.467,1.240,0.546,0.712,1,1,1.097
0.925,26.797,1.313,300.577,0.968,21.354,1.812,38.107,0,0,1.107
0.972,26.789,2.529,158.142,2.105,6.350,1.143,57.237,0,1,1.135
1.145,31.183,5.878,222.407,0.626,6.867,0.901,1.315,0,0,1.058
1.329,23.852,3.881,236.156,1.019,0.400,0.985,52.452,0,1,1.121
1.012,29.993,2.622,138.278,1.613,1.872,0.182,5.355,0,0,1.089
0.853,29.068,5.341,406.992,0.950,24.029,1.302,59.312,0,0,1.114
1.313,26.639,3.607,69.243,2.084,2.424,2.295,5.968,0,1,1.123
0.712,35.503,7.418,341.459,1.166,34.947,0.940,1.938,0,0,1.102
0.809,35.486,3.232,254.646,2.021,0.533,0.736,30.343,0,1,1.148
0.874,30.333,13.344,271.650,1.052,1.406,0.759,8.411,0,0,1.089
0.928,28.425,5.016,212.954,0.927,47.479,0.424,4.453,1,0,1.069
0.976,31.061,2.713,249.366,1.323,0.900,0.132,36.402,0,0,1.108
0.933,29.819,4.633,139.706,1.700,22.765,0.471,4.221,0,1,1.096
1.111,25.131,1.965,282.673,0.795,23.041,2.018,56.684,0,0,1.107
1.067,25.577,2.889,191.793,1.024,7.118,1.284,14.583,0,0,1.091
0.960,28.995,4.842,388.237,0.908,0.471,0.994,16.267,0,1,1.099
1.233,24.546,2.196,192.060,1.195,3.172,0.325,69.661,0,0,1.126
0.988,26.572,4.126,134.779,1.887,1.515,0.508,47.125,0,0,1.119
1.028,27.574,7.906,236.437,0.668,24.644,1.013,4.833,0,0,1.081
0.981,35.853,4.140,169.297,1.604,1.968,1.423,3.988,0,0,1.091
0.998,30.263,10.336,183.308,1.113,1.433,1.022,7.328,0,0,1.077
1.086,37.263,8.924,165.590,1.009,14.522,1.171,0.322,1,0,1.034
0.999,32.258,1.642,148.641,1.553,19.914,0.153,29.679,0,0,1.088
0.910,28.323,7.097,254.991,1.110,2.212,0.823,13.930,0,0,1.098
0.848,31.440,6.541,238.978,0.862,47.413,1.323,4.677,0,0,1.077
0.882,33.879,11.425,374.778,0.669,41.368,0.512,0.517,0,0,1.082
1.212,29.422,0.499,261.416,1.172,1.039,0.932,53.062,0,1,1.107
0.886,37.003,4.627,244.780,0.943,47.957,0.538,0.000,0,1,1.063
1.252,26.882,5.900,265.503,0.821,0.435,1.365,33.431,1,0,1.080
1.402,26.696,7.465,103.816,1.357,0.742,1.157,54.078,0,0,1.140
0.950,24.388,2.640,208.849,1.216,0.401,0.287,16.317,0,0,1.101
1.021,26.040,4.820,340.261,0.948,4.502,2.163,36.878,0,1,1.106
1.170,27.558,8.200,95.049,1.658,0.000,0.897,30.434,0,0,1.112
0.932,26.113,5.449,168.377,1.761,7.080,0.219,26.085,0,1,1.119
0.818,32.510,3.574,291.839,1.355,1.343,1.483,8.223,0,0,1.116
0.874,28.916,3.752,231.139,1.265,27.299,0.667,9.988,0,1,1.101
1.132,28.337,9.129,67.674,2.978,0.679,1.414,16.345,0,1,1.150
0.975,23.113,6.608,218.211,1.031,1.249,0.229,20.720,0,0,1.102
0.888,31.504,2.916,211.179,1.449,2.578,1.878,1.263,0,0,1.097
1.008,26.604,4.798,138.754,1.886,6.792,0.642,19.810,0,1,1.118
1.216,24.642,3.556,105.590,1.590,2.839,1.393,42.427,0,0,1.119
0.994,27.332,5.378,395.219,0.623,25.489,0.959,6.754,0,0,1.105
1.211,27.739,2.727,331.086,0.753,6.218,0.512,32.477,1,0,1.072
1.099,33.202,6.021,228.468,0.647,26.802,2.374,17.354,0,0,1.064
1.154,28.074,4.743,226.789,1.166,1.962,1.266,35.061,0,1,1.111
0.969,27.737,9.178,309.004,0.934,2.033,1.043,3.125,0,1,1.093
0.765,28.335,8.384,205.847,1.383,15.094,0.425,2.827,0,0,1.090
1.270,29.280,2.660,145.678,1.292,0.663,1.242,38.559,0,0,1.106
0.773,33.643,5.693,270.348,1.591,1.792,1.223,13.298,0,0,1.123
1.169,29.182,6.424,177.162,0.653,15.608,0.392,8.483,0,0,1.070
1.213,26.852,5.161,102.056,1.268,12.763,0.666,3.999,1,0,1.065
1.075,27.447,12.467,113.649,2.470,0.400,0.350,63.929,0,1,1.171
0.768,28.329,3.552,321.400,1.297,13.606,0.337,66.716,0,0,1.124
0.963,37.345,6.208,344.619,0.714,34.342,1.113,12.574,0,0,1.064
0.905,30.979,6.233,193.771,1.719,0.898,0.610,2.180,0,1,1.114
0.862,27.557,4.216,156.445,1.544,28.803,0.183,12.585,1,0,1.070
1.115,27.943,4.384,153.742,1.259,2.747,0.576,23.204,0,0,1.096
0.743,26.785,1.323,213.145,1.740,0.634,0.816,23.660,0,0,1.121
1.064,26.518,5.464,149.107,1.364,3.225,1.014,29.263,0,0,1.103
0.986,26.166,5.494,296.043,1.004,1.975,1.016,48.134,0,0,1.116
1.029,25.651,3.904,236.228,1.030,0.638,2.324,23.258,0,0,1.101
1.060,32.571,5.749,388.876,0.631,3.119,0.246,8.031,0,0,1.078
0.827,30.690,11.386,277.112,1.135,3.924,1.404,1.210,0,0,1.094
1.028,33.959,7.633,131.048,1.637,2.655,1.351,8.261,0,0,1.089
1.554,29.638,0.899,100.478,1.599,0.816,1.086,58.485,0,0,1.136
0.914,31.216,9.346,104.615,0.995,41.524,2.087,3.535,0,0,1.053
0.884,25.959,1.698,145.902,1.955,7.560,1.142,61.899,0,0,1.118
1.243,27.027,3.472,99.656,1.843,7.002,1.696,19.270,0,1,1.123
0.930,28.380,2.398,127.925,2.017,20.767,1.453,15.114,0,1,1.109
1.066,27.895,2.266,201.305,0.986,15.205,2.106,19.670,0,0,1.089
0.848,32.061,1.439,285.779,0.966,39.999,0.172,5.707,0,0,1.092
1.009,27.425,1.639,350.075,0.745,23.074,1.359,22.029,0,0,1.102
0.962,28.414,3.698,342.989,0.783,14.959,1.982,4.700,0,0,1.099
1.047,29.033,5.315,206.289,0.862,18.593,1.578,13.012,0,0,1.081
0.940,30.268,1.767,302.824,1.012,2.252,0.476,3.138,0,0,1.099
1.051,29.537,8.512,207.530,0.779,12.886,0.609,4.736,0,0,1.072
0.895,27.895,0.516,109.965,2.885,12.375,0.321,30.737,0,1,1.131
1.090,26.490,4.336,147.112,1.614,0.729,0.406,51.513,0,0,1.123
1.147,27.168,3.303,78.632,2.159,1.388,0.331,24.637,0,0,1.112
1.196,24.469,4.203,190.155,1.406,0.556,0.578,50.740,0,1,1.134
0.850,34.505,11.797,213.140,1.185,32.713,0.981,0.150,0,1,1.074
1.195,19.558,0.610,127.622,1.885,1.115,1.439,44.675,0,1,1.137
1.111,30.849,0.837,197.843,0.901,11.290,0.233,4.669,0,0,1.072
0.965,32.858,5.644,134.904,1.926,17.984,1.338,11.711,0,1,1.107
1.052,31.138,3.891,316.768,0.690,18.751,0.135,12.125,0,0,1.081
1.010,23.408,3.836,117.274,2.158,0.400,1.119,10.391,0,1,1.120
1.091,28.272,1.513,193.908,0.861,15.152,0.140,0.762,0,0,1.077
0.861,29.938,4.185,159.108,1.818,19.630,0.979,10.088,1,0,1.077
0.971,25.846,2.599,90.685,3.015,1.807,0.257,10.035,0,1,1.137
0.820,29.945,1.646,171.909,1.756,11.461,1.054,5.673,0,0,1.101
0.785,37.230,8.009,216.826,2.378,0.406,0.576,17.905,0,1,1.162
1.144,30.178,7.962,183.092,1.067,1.224,1.801,7.061,1,0,1.064
1.120,33.619,3.474,167.363,1.146,2.543,0.410,9.367,0,0,1.076
1.124,27.625,3.223,91.906,2.027,0.550,0.619,22.980,0,0,1.110
0.862,31.866,9.447,190.114,1.103,33.996,1.365,16.061,0,0,1.075
0.822,34.577,4.342,310.408,1.361,1.237,0.267,10.697,0,0,1.120
0.975,26.723,7.328,75.271,3.440,2.347,0.312,17.051,0,1,1.147
0.815,29.389,6.367,286.931,1.238,3.269,0.256,11.584,0,0,1.112
0.923,32.576,3.232,244.720,1.177,14.733,0.306,13.956,0,0,1.092
1.062,27.540,2.737,233.605,1.270,0.643,2.140,21.966,0,1,1.110
0.822,32.829,0.709,243.676,1.362,32.932,0.633,3.391,0,1,1.101
1.002,32.935,2.913,261.715,1.023,6.436,0.333,10.441,0,0,1.086
1.010,25.817,0.990,330.216,1.088,5.261,1.875,50.405,0,1,1.113
1.128,31.714,3.248,131.509,1.560,0.561,1.130,17.072,0,0,1.097
1.062,28.914,3.910,237.594,1.145,0.424,1.369,7.570,0,1,1.099
0.937,24.213,1.543,370.242,0.912,0.443,0.212,35.171,0,0,1.122
0.926,27.331,5.972,199.088,1.339,0.526,2.131,16.479,0,0,1.101
0.837,27.704,1.356,247.486,1.225,22.558,0.753,32.187,0,0,1.108
1.034,30.092,3.448,159.076,1.630,0.605,1.361,26.684,0,0,1.108
0.944,30.151,0.656,479.803,0.904,0.440,2.610,2.255,1,1,1.094
0.791,31.277,9.266,233.961,1.228,24.157,0.157,8.374,0,0,1.089
0.972,23.713,13.393,193.317,0.906,1.504,1.572,0.621,0,0,1.079
1.107,27.483,5.977,311.138,0.745,2.718,1.124,0.478,0,1,1.083
0.851,33.313,10.870,154.518,1.264,49.785,1.083,15.548,1,0,1.044
0.869,27.574,2.776,217.681,0.992,35.371,0.319,0.628,0,0,1.093
1.024,24.483,9.985,89.456,1.128,18.364,0.657,1.428,0,0,1.075
0.842,31.117,1.593,330.189,1.199,20.174,0.685,47.419,0,0,1.112
0.958,30.126,7.177,153.349,1.888,0.526,1.764,36.062,0,0,1.121
1.113,34.402,6.465,261.136,0.721,0.424,1.353,5.974,0,0,1.063
0.824,35.522,6.123,276.326,1.649,7.385,0.301,25.259,0,1,1.127
1.100,33.519,10.063,191.535,0.777,2.941,0.145,2.466,0,0,1.058
1.073,26.442,10.247,296.215,0.878,6.462,0.125,68.697,0,0,1.128
1.111,27.803,4.813,115.158,2.307,0.679,0.565,30.926,0,1,1.143
0.830,32.001,15.299,112.501,1.375,30.924,0.175,1.729,0,0,1.051
1.146,27.037,1.254,153.270,1.466,0.535,1.464,36.008,0,0,1.111
1.072,25.342,7.632,208.932,1.171,2.398,0.710,13.372,0,1,1.107
0.811,30.928,3.132,298.128,0.957,48.678,0.578,18.660,0,0,1.099
0.963,31.252,12.336,411.289,0.754,0.705,1.592,21.010,0,0,1.103
1.051,26.967,6.053,104.938,1.779,0.430,0.213,15.175,0,0,1.100
0.837,28.862,9.891,135.794,2.514,2.909,0.411,26.935,1,0,1.108
1.055,30.231,1.462,257.127,1.073,5.660,0.433,5.252,0,1,1.095
0.873,31.107,6.462,137.529,2.154,2.077,0.342,8.397,0,0,1.111
0.824,29.389,14.987,123.966,1.687,28.607,1.087,10.544,1,0,1.055
1.219,21.492,6.992,91.164,2.340,0.406,0.802,60.517,0,1,1.165
1.037,29.533,8.494,195.818,1.253,1.932,1.326,35.421,0,0,1.109
0.991,35.458,3.712,182.165,1.434,11.830,1.076,15.742,0,0,1.089
0.818,34.081,1.792,208.483,1.919,0.490,0.862,3.474,0,0,1.126
0.933,30.250,7.044,164.002,1.685,9.087,1.060,5.472,1,0,1.079
1.078,27.775,4.553,264.166,0.856,0.636,0.992,14.099,0,0,1.091
1.025,26.562,6.276,152.894,1.397,3.079,0.534,26.571,0,0,1.105
1.097,20.427,3.678,134.409,1.383,1.054,0.363,45.232,0,0,1.123
0.878,30.289,5.244,302.745,1.201,0.661,0.331,23.895,0,0,1.116
1.242,28.471,3.954,193.878,0.887,0.420,0.674,24.622,0,0,1.091
0.844,32.061,8.649,206.512,1.574,7.532,0.284,19.728,0,0,1.106
0.877,28.651,6.429,171.522,1.579,1.591,1.488,3.064,0,0,1.096
0.915,31.360,7.585,145.764,2.801,0.436,2.063,45.564,0,1,1.167
0.821,29.364,3.937,133.589,2.366,23.417,0.330,32.541,0,1,1.116
1.134,29.459,6.583,166.166,1.433,0.588,0.414,17.654,0,1,1.114
0.966,28.376,4.780,211.557,1.521,2.168,0.542,59.260,0,0,1.127
1.175,27.512,1.660,159.309,1.125,7.212,1.668,22.288,0,0,1.095
1.137,27.245,1.991,308.151,0.779,4.883,0.717,30.861,0,0,1.097
0.845,25.475,7.200,239.584,1.217,0.408,1.081,9.239,0,0,1.105
0.849,37.893,6.045,139.226,0.995,70.510,0.158,1.942,0,1,1.045
0.863,32.851,3.516,188.143,1.225,47.255,0.505,0.061,1,0,1.056
1.190,24.793,4.211,110.040,2.004,6.125,1.021,57.838,1,0,1.118
1.006,25.036,3.984,147.804,1.996,7.085,1.693,53.768,0,1,1.139
1.048,35.566,0.826,174.156,0.818,38.301,0.938,9.323,0,0,1.054
0.994,31.638,2.844,389.486,1.040,3.880,0.337,62.305,0,0,1.112
0.976,33.785,2.037,267.454,1.224,4.963,0.746,23.056,0,0,1.102
0.870,31.149,2.610,392.913,0.980,4.094,0.557,5.481,0,0,1.121
1.148,25.154,4.835,249.862,0.828,2.739,0.855,30.040,0,0,1.103
0.879,36.169,4.433,193.355,1.890,1.450,0.863,5.866,0,0,1.118
0.930,35.393,5.369,233.941,1.254,6.984,0.847,3.908,0,0,1.089
1.067,32.955,5.079,117.104,1.299,15.902,0.698,6.539,0,0,1.072
0.976,22.641,1.706,104.481,1.701,6.560,0.528,5.570,0,0,1.092
0.819,35.975,10.678,229.498,1.375,15.232,1.729,0.814,0,0,1.086
1.088,26.351,2.998,146.946,1.782,1.183,1.664,16.673,0,1,1.123
1.107,26.538,2.354,302.791,0.734,1.080,0.869,7.581,0,0,1.090
1.058,26.419,1.878,221.290,1.034,7.696,1.030,22.046,0,0,1.100
1.279,25.193,0.741,216.602,0.980,0.469,0.193,45.054,0,0,1.109
0.921,26.296,4.502,146.057,1.899,10.661,0.324,9.193,0,1,1.115
0.937,33.195,8.103,335.990,0.923,20.207,1.013,3.695,1,0,1.076
1.129,22.648,2.851,214.234,0.937,8.483,0.381,35.402,0,0,1.113
1.006,32.589,7.252,140.937,1.206,17.054,1.005,5.559,0,0,1.071
1.167,23.209,4.208,152.200,1.612,0.490,0.326,33.203,0,1,1.132
1.150,28.655,1.340,264.080,0.881,0.503,1.176,24.169,0,0,1.092
1.035,28.440,7.057,238.240,0.900,22.775,0.252,3.724,0,1,1.093
1.061,27.121,5.928,252.729,1.354,0.424,1.231,63.193,0,1,1.135
0.912,32.467,5.359,185.530,1.543,3.222,1.165,2.823,0,0,1.097
0.892,28.800,2.161,370.061,0.778,45.060,0.685,15.768,0,0,1.115
0.714,29.989,2.995,276.062,1.119,47.966,0.668,2.313,0,0,1.108
1.354,20.600,7.088,119.422,1.618,0.506,0.915,43.412,0,1,1.156
1.249,25.195,3.886,147.352,1.404,3.255,0.645,63.542,0,0,1.136
1.025,25.712,3.302,97.366,2.178,1.450,0.749,30.578,0,0,1.116
0.876,31.887,2.989,310.832,1.003,26.195,1.977,13.583,0,0,1.101
1.014,32.182,1.469,358.008,0.888,0.577,0.510,16.020,0,0,1.098
0.746,37.254,10.552,357.603,0.800,78.802,2.085,8.224,0,0,1.073
0.974,29.937,2.809,106.601,2.414,22.638,0.828,31.036,0,1,1.120
0.897,28.417,8.060,178.552,1.483,3.212,0.718,15.148,0,0,1.101
1.023,26.869,2.489,210.268,1.305,15.386,0.390,24.320,0,1,1.113
1.070,27.585,4.895,347.209,0.804,7.868,1.576,13.477,1,0,1.084
0.883,29.405,4.176,231.949,1.497,0.453,0.870,31.073,0,0,1.120
1.104,30.951,5.292,177.529,1.639,0.400,0.745,56.742,0,0,1.131
1.098,31.420,8.334,174.799,1.060,4.273,0.317,17.175,0,0,1.086
0.940,33.749,3.616,282.528,1.069,8.031,1.033,5.725,0,0,1.094
0.936,30.430,2.408,254.781,1.181,5.088,1.657,10.487,0,0,1.102
0.982,28.094,7.756,213.226,1.152,0.402,0.614,16.128,0,0,1.099
0.849,28.536,1.833,274.227,1.446,3.529,1.922,11.738,1,0,1.107
1.183,29.688,2.225,162.145,1.548,1.582,0.800,22.624,0,1,1.120
1.044,33.808,5.892,254.985,1.156,0.402,0.697,30.451,0,0,1.102
0.827,35.094,12.706,132.301,2.665,11.844,0.338,2.021,0,1,1.133
0.993,34.494,3.018,188.308,1.105,36.421,1.433,6.841,0,1,1.080
0.990,30.336,1.571,100.470,2.450,0.431,0.438,2.163,0,0,1.117
1.042,31.445,1.301,180.870,1.577,3.839,0.405,32.350,0,0,1.111
0.968,30.379,7.763,131.629,1.009,52.089,1.840,2.402,0,1,1.083
0.927,26.017,1.309,302.684,0.847,32.533,2.813,16.074,0,0,1.114
1.052,24.068,2.807,265.502,0.860,1.045,1.352,4.614,0,0,1.098
1.052,29.931,5.255,232.280,0.917,1.352,0.541,1.982,0,0,1.082
0.867,29.182,2.199,228.651,1.345,23.538,0.797,2.282,1,0,1.086
1.164,23.480,2.945,99.015,2.021,5.393,0.490,11.213,0,1,1.124
1.053,30.478,4.135,252.369,0.988,11.349,2.093,3.238,1,0,1.071
1.190,37.716,8.722,120.028,1.409,0.990,0.252,3.625,1,0,1.063
0.921,24.559,2.527,187.559,1.351,1.360,1.265,6.204,0,0,1.102
1.230,27.202,1.668,174.752,1.064,6.826,0.376,33.555,0,0,1.103
0.805,36.654,1.609,139.484,1.204,62.548,1.312,3.456,0,0,1.045
0.864,30.094,5.871,179.575,1.625,8.767,1.800,16.488,0,0,1.104
1.011,23.311,6.701,72.624,2.765,11.822,0.847,39.256,0,1,1.132
0.969,25.491,7.208,288.921,0.818,14.626,0.136,15.001,0,0,1.106
1.032,32.269,5.621,101.327,2.885,0.400,0.324,5.182,0,1,1.157
1.062,27.625,7.862,163.505,1.072,2.466,0.827,4.670,0,0,1.083
1.162,27.905,2.777,292.754,0.774,7.515,1.578,34.540,0,0,1.097
0.852,32.399,6.654,308.202,1.070,31.703,0.387,12.047,0,1,1.099
1.119,27.733,5.625,307.223,0.653,3.744,0.357,9.712,0,0,1.087
1.006,27.328,4.402,248.340,0.835,41.806,0.322,58.103,0,0,1.108
1.010,26.386,11.593,291.609,0.832,3.078,0.328,32.343,0,0,1.111
0.990,28.342,1.658,223.660,1.282,30.727,0.657,49.729,0,1,1.110
1.115,26.826,7.292,127.284,1.750,2.487,1.307,14.528,0,1,1.123
0.836,31.932,8.522,192.319,1.540,8.879,0.337,2.617,0,0,1.095
0.923,38.341,5.178,137.080,1.068,56.108,2.045,1.486,0,1,1.052
0.939,35.137,2.355,206.445,0.911,40.429,0.270,1.458,0,0,1.064
0.984,27.457,3.624,243.066,1.315,1.453,0.639,19.433,1,0,1.096
0.793,27.940,1.398,133.541,1.649,32.477,0.965,13.458,0,0,1.087
0.983,32.284,4.794,247.122,1.295,11.570,1.515,24.137,0,1,1.109
1.029,31.160,6.260,210.357,1.039,26.018,1.685,12.318,0,1,1.093
1.122,21.556,3.613,328.102,0.838,1.980,1.340,29.574,1,0,1.101
0.754,34.525,2.956,143.643,1.258,65.443,1.154,10.645,0,0,1.053
0.927,29.323,6.194,172.617,1.265,14.680,0.258,4.091,0,0,1.087
0.860,31.431,3.662,370.639,0.950,40.005,0.465,3.307,1,0,1.098
1.070,30.980,3.061,158.279,1.306,4.007,0.409,6.789,0,0,1.088
0.951,31.136,2.134,223.366,1.240,25.219,0.485,8.160,0,1,1.100
1.090,27.416,7.695,210.083,1.345,2.028,0.473,39.611,0,1,1.129
0.838,25.759,13.292,344.644,0.952,0.404,0.499,24.229,0,0,1.123
1.007,28.726,1.339,125.907,1.885,0.490,1.877,6.377,0,0,1.105
0.982,30.450,1.936,121.323,1.683,14.259,0.312,4.443,0,0,1.089
1.037,31.361,3.205,235.432,1.107,3.200,0.423,16.592,0,0,1.096
0.814,25.007,7.893,326.549,0.963,19.993,2.050,33.845,0,0,1.127
0.966,30.745,4.427,206.618,1.334,11.531,0.814,29.836,0,0,1.104
1.121,29.376,2.612,144.073,1.358,3.509,1.860,15.008,0,0,1.096
0.746,35.803,1.589,103.185,2.670,50.875,0.189,6.223,0,1,1.085
0.920,26.057,2.235,205.874,1.389,0.411,0.299,17.281,0,0,1.111
0.979,26.682,4.585,221.196,0.926,18.847,0.125,3.876,0,0,1.094
0.993,33.526,3.238,276.314,0.934,28.298,0.437,1.790,1,0,1.067
0.858,26.321,4.772,344.381,0.919,16.321,1.512,6.016,0,0,1.122
1.172,27.824,9.531,132.113,1.381,1.656,0.301,5.864,0,1,1.109
1.052,26.861,15.024,313.964,0.678,0.863,1.919,27.018,0,0,1.105
0.947,22.369,2.325,489.648,0.652,29.859,0.487,0.000,0,0,1.155
1.119,25.830,7.669,148.890,1.589,0.466,0.640,20.707,0,1,1.126
1.025,24.227,1.624,118.121,1.995,0.401,0.873,45.530,0,0,1.125
0.990,30.372,6.496,119.156,1.842,2.945,1.022,6.214,0,0,1.100
0.897,30.078,2.019,240.053,1.016,34.834,0.875,12.725,0,0,1.095
0.909,27.540,0.982,131.440,2.736,2.106,0.362,27.627,0,1,1.149
0.869,32.108,6.362,195.246,2.211,0.455,0.398,33.969,0,1,1.153
1.211,27.191,2.462,103.044,1.950,0.444,0.836,41.947,0,0,1.129
1.403,22.531,3.703,116.564,1.455,5.645,0.630,70.481,0,0,1.156
0.906,28.443,0.644,215.950,1.438,1.831,1.097,10.239,0,0,1.111
0.936,25.919,2.609,141.761,1.225,39.088,0.797,56.409,0,0,1.105
1.303,25.764,2.855,144.073,1.025,0.444,0.297,19.215,0,0,1.100
1.023,24.724,2.362,468.302,0.782,0.406,0.222,65.801,0,0,1.120
0.777,34.945,3.788,172.415,1.936,25.713,0.829,12.061,0,0,1.099
0.971,33.057,2.378,228.577,1.545,2.939,1.330,14.586,0,1,1.120
1.034,29.470,0.838,250.750,0.832,33.757,1.003,23.293,0,0,1.093
0.966,27.714,5.678,292.401,0.917,28.610,0.798,56.957,0,0,1.114
1.246,31.506,4.163,95.889,0.837,15.775,1.210,5.036,0,0,1.068
1.189,30.527,5.432,137.158,1.139,0.402,0.319,11.134,0,0,1.087
0.932,30.951,3.467,422.344,0.750,28.860,0.421,11.036,0,0,1.112
0.741,27.433,2.345,216.141,1.522,36.538,0.259,15.071,0,1,1.115
0.996,28.987,5.036,369.819,0.854,29.054,1.723,33.519,1,0,1.093
1.048,28.070,5.384,206.451,1.281,11.546,0.343,23.073,0,1,1.114
0.945,27.350,4.478,252.062,1.085,0.452,0.282,3.298,0,0,1.102
0.981,30.473,10.171,170.853,1.294,0.932,1.494,5.644,0,0,1.089
0.985,28.374,6.069,94.884,2.958,13.021,0.244,47.108,0,1,1.146
0.959,28.650,6.534,214.387,1.192,1.032,2.775,7.500,0,0,1.098
0.874,26.231,6.774,174.146,1.259,15.352,0.200,0.238,0,0,1.091
1.063,29.298,4.839,232.411,0.925,0.407,0.523,2.692,0,0,1.086
0.890,30.029,1.290,292.631,1.270,13.098,1.116,14.777,0,1,1.117
1.127,33.130,14.230,191.138,0.813,10.874,0.710,8.714,1,0,1.055
0.707,24.419,5.322,193.768,1.665,2.587,1.660,2.273,0,0,1.110
1.250,23.250,2.810,120.335,1.746,0.404,0.610,70.709,0,0,1.149
1.088,24.197,6.084,246.265,0.738,17.891,0.413,19.677,0,0,1.108
0.929,28.541,4.025,216.877,1.672,5.243,0.583,36.765,0,1,1.132
0.745,30.727,4.745,268.668,1.735,0.541,2.120,5.076,0,1,1.141
1.056,27.170,2.920,408.500,0.851,7.671,0.856,47.163,0,1,1.102
1.090,29.020,4.035,234.595,0.930,0.667,0.208,9.774,0,0,1.090
0.862,34.664,6.670,194.060,1.790,15.588,0.763,7.587,0,1,1.116
0.778,35.672,8.240,274.325,1.535,18.254,1.038,29.952,0,0,1.115
0.934,30.309,10.259,191.099,1.397,0.467,0.701,14.977,0,0,1.103
1.033,25.987,2.406,270.001,1.221,2.209,1.177,35.071,0,1,1.121
0.935,25.740,9.259,278.151,1.135,3.933,2.412,25.192,1,0,1.102
1.055,21.442,3.818,203.640,1.458,0.405,0.942,51.571,0,1,1.140
1.083,25.575,3.231,199.649,1.132,23.380,0.161,19.791,0,1,1.114
1.188,25.467,1.119,195.132,0.897,19.773,1.133,33.210,0,0,1.106
1.376,20.788,3.986,185.350,1.034,0.400,0.671,13.116,0,1,1.118
1.067,30.430,1.635,193.572,1.080,15.178,1.311,16.139,0,0,1.090
1.197,26.889,2.640,176.552,1.340,1.391,0.917,26.161,1,0,1.094
0.917,30.006,4.422,290.959,1.143,2.510,0.869,18.527,0,0,1.113
1.055,28.560,3.974,129.822,1.235,14.509,0.427,3.542,0,0,1.084
0.968,30.393,2.246,227.670,0.936,31.493,1.445,10.850,0,0,1.090
0.886,33.221,7.692,198.843,1.606,1.960,0.441,7.894,0,0,1.108
1.305,29.370,4.896,58.661,1.841,12.750,0.672,2.268,0,1,1.118
1.161,25.501,2.086,314.662,0.729,0.566,0.665,22.790,0,0,1.100
0.748,30.509,3.992,267.169,1.591,1.766,2.358,13.466,0,0,1.133
1.164,31.256,2.232,114.846,1.756,0.400,1.750,17.938,0,0,1.110
1.174,26.740,3.443,373.704,0.869,0.838,2.223,62.269,0,1,1.104
1.179,25.927,5.899,250.055,1.128,1.731,0.813,52.481,0,1,1.130
1.135,26.711,2.647,289.091,0.874,2.930,0.428,38.794,0,0,1.108
0.888,28.788,0.835,140.522,1.757,34.190,2.142,6.677,0,1,1.105
1.065,24.935,2.482,99.270,1.787,18.173,1.817,12.282,1,0,1.082
0.996,26.880,2.944,372.538,0.679,34.484,0.882,16.624,0,0,1.116
1.115,21.196,9.569,89.816,2.463,0.400,0.270,65.084,0,1,1.170
0.804,33.158,2.515,248.104,1.682,0.467,0.403,7.366,0,0,1.131
0.940,26.288,1.164,261.667,1.217,1.002,0.707,30.174,0,0,1.120
1.042,26.994,1.263,196.744,1.271,0.432,0.133,17.207,0,0,1.106
1.050,29.301,8.385,137.486,1.726,8.437,0.540,15.040,0,1,1.120
1.188,27.044,1.730,134.357,0.830,34.807,0.179,23.033,0,0,1.097
1.036,27.389,5.242,122.387,1.812,0.416,0.384,23.263,0,0,1.114
1.116,29.493,1.059,240.527,0.972,10.712,0.438,28.297,0,0,1.098
0.986,28.186,1.728,85.603,2.889,0.401,1.814,15.444,0,0,1.130
1.020,29.835,9.355,112.359,1.713,0.406,0.587,4.547,0,0,1.095
1.299,23.575,0.786,85.267,1.956,0.401,2.038,42.240,0,0,1.132
0.931,27.425,1.102,311.428,1.113,19.015,0.446,70.942,0,0,1.119
0.973,27.399,13.086,85.641,3.078,2.325,0.440,27.997,0,1,1.156
1.004,23.281,1.064,231.990,0.777,41.210,2.093,11.065,0,0,1.118
1.087,26.211,6.567,145.760,1.529,11.104,0.591,70.618,0,0,1.138
0.926,28.091,1.495,298.775,1.213,0.402,1.476,38.152,0,0,1.125
0.876,25.197,3.622,159.857,1.967,9.106,0.289,20.807,0,1,1.127
0.950,28.965,4.794,222.687,1.246,1.764,0.339,10.737,0,0,1.104
0.871,33.912,12.489,196.226,1.212,23.816,0.357,10.540,0,0,1.079
1.026,26.093,0.743,187.084,1.251,1.737,0.249,4.961,0,0,1.100
1.246,31.250,1.562,119.878,1.343,1.290,1.071,13.922,0,0,1.095
1.226,30.751,0.824,181.711,1.040,8.248,1.247,3.278,0,1,1.092
1.195,26.951,0.000,177.326,1.595,10.585,0.176,54.479,0,1,1.133
0.866,31.110,13.201,210.812,1.500,5.877,1.401,1.067,1,0,1.082
0.786,35.876,9.411,63.999,2.131,51.525,0.484,0.662,0,0,1.039
0.805,28.679,12.247,243.651,1.352,4.595,1.115,24.391,0,0,1.116
0.955,29.566,5.461,147.690,1.604,8.014,0.914,12.117,0,0,1.101
1.019,33.040,11.914,251.617,1.069,1.069,1.210,9.637,0,1,1.098
0.862,31.274,3.667,238.830,1.631,1.967,1.347,2.985,0,1,1.128
0.903,28.553,0.698,264.675,0.873,52.050,0.595,27.571,0,0,1.105
0.937,27.931,6.833,284.735,1.006,0.585,1.144,7.453,0,0,1.106
1.216,26.073,3.195,270.829,0.813,0.410,0.412,37.134,0,0,1.107
0.762,29.436,11.524,139.484,1.639,24.640,0.697,0.197,0,0,1.078
1.322,26.367,2.662,118.666,1.048,0.401,0.663,8.366,0,0,1.092
0.887,29.732,7.826,342.431,0.851,20.065,0.652,0.670,0,0,1.108
0.928,27.018,4.812,125.976,1.803,9.368,0.713,19.247,0,0,1.105
0.986,29.459,2.139,197.492,1.386,2.388,0.366,13.698,0,0,1.107
1.027,26.958,1.783,338.162,0.966,0.417,1.676,43.408,0,0,1.119
1.067,27.419,7.481,197.785,1.505,0.537,0.251,38.651,0,1,1.136
0.946,31.438,2.105,147.910,1.991,12.590,2.006,34.911,0,0,1.116
0.854,32.099,1.633,215.345,0.680,85.937,0.340,17.903,0,0,1.082
0.972,27.312,1.865,186.014,1.541,15.192,0.502,14.638,0,1,1.118
1.144,30.180,5.267,135.210,1.187,1.070,0.758,3.101,0,0,1.084
1.032,25.628,6.500,179.371,0.834,28.578,0.421,11.040,0,0,1.099
0.893,24.958,2.771,371.501,1.030,0.578,1.665,55.974,0,0,1.136
1.022,31.200,6.266,192.011,1.195,0.970,0.188,4.443,0,0,1.091
0.965,27.169,2.695,239.107,0.943,21.530,1.412,3.313,0,0,1.101
1.008,34.242,2.375,101.311,2.573,3.829,0.382,1.522,0,0,1.128
0.996,31.109,7.896,196.068,1.422,20.235,1.198,36.044,0,1,1.117
0.855,31.695,10.641,181.811,1.580,4.198,1.760,0.513,0,0,1.097
1.319,23.986,5.067,129.135,1.461,1.412,0.934,19.469,0,1,1.132
0.952,27.438,4.839,150.329,1.462,18.053,1.158,32.651,0,0,1.107
1.048,34.335,7.454,218.715,1.028,0.844,2.447,5.307,0,0,1.082
1.050,24.442,6.679,203.611,1.055,4.910,0.328,29.801,0,0,1.115
1.104,27.209,2.130,293.949,1.116,0.441,1.997,72.277,0,0,1.127
0.982,26.523,2.405,281.749,0.767,39.470,1.024,18.218,0,0,1.112
1.016,24.798,6.481,280.312,0.861,0.785,0.877,10.299,0,0,1.106
1.039,25.189,1.980,288.926,0.853,1.549,1.567,0.738,0,0,1.103
0.954,25.537,1.168,316.918,0.913,23.364,1.522,39.173,0,0,1.121
0.949,28.704,6.949,152.916,1.955,5.351,0.333,12.595,0,1,1.128
1.009,28.743,1.640,239.400,1.675,0.739,1.602,61.925,0,1,1.142
0.805,30.697,3.843,344.270,1.045,41.327,0.489,7.968,0,1,1.116
1.097,28.661,2.774,72.092,2.430,4.376,0.339,10.540,0,0,1.115
0.854,27.132,9.149,61.386,3.053,28.184,1.502,6.199,0,1,1.101
1.228,27.903,8.217,114.369,1.348,0.886,2.495,29.913,0,0,1.118
0.846,31.632,0.982,177.522,1.257,59.062,0.475,6.098,0,1,1.092
0.967,27.961,1.930,238.794,1.618,2.477,2.381,50.405,0,1,1.138
0.885,33.044,5.769,292.443,1.156,6.256,1.221,5.224,0,0,1.108
0.869,30.860,3.362,281.708,1.273,0.463,0.505,5.793,0,0,1.119
0.939,32.853,8.781,116.905,0.876,48.423,1.397,6.874,0,0,1.059
0.930,27.145,2.055,232.813,1.077,23.889,0.957,21.231,0,0,1.109
1.124,22.728,3.350,215.665,1.020,0.606,0.798,32.343,0,0,1.118
0.845,36.075,10.217,329.973,1.377,0.968,0.929,7.873,1,0,1.111
1.077,32.525,7.749,458.046,0.665,3.457,1.000,34.579,0,0,1.098
0.864,34.080,2.878,274.247,0.643,81.992,0.289,4.010,0,0,1.082
1.184,26.245,2.670,183.623,0.978,21.014,0.298,44.671,0,0,1.115
1.291,28.040,7.923,54.888,2.969,0.644,0.964,21.998,0,1,1.171
0.877,38.171,3.720,375.546,1.184,0.400,1.858,9.826,0,0,1.126
0.834,26.578,9.836,245.004,1.162,9.941,0.930,13.412,0,0,1.110
1.176,29.864,9.074,87.500,2.253,0.435,1.563,10.286,0,1,1.142
0.925,28.638,11.478,311.798,0.981,3.892,0.391,29.934,0,0,1.119
1.246,32.275,1.964,260.383,0.847,2.343,0.985,19.863,0,1,1.087
1.163,21.987,5.063,253.037,1.033,0.605,0.515,29.081,0,1,1.124
1.074,24.361,5.914,309.104,0.820,0.422,0.724,33.086,0,0,1.118
1.066,27.763,1.016,159.995,1.624,0.461,0.567,30.921,0,0,1.119
1.043,24.499,3.904,259.031,0.885,24.942,0.330,1.263,1,0,1.094
1.113,24.203,2.391,273.502,0.901,0.962,0.406,31.276,0,0,1.114
1.118,30.749,3.540,155.130,1.711,2.877,1.781,45.232,0,0,1.128
0.802,29.301,7.629,327.182,1.185,0.406,0.350,8.284,0,0,1.127
0.947,25.049,1.895,127.222,2.108,16.916,0.997,29.902,0,1,1.127
1.044,29.029,3.563,161.169,1.726,2.380,0.714,43.502,0,0,1.128
1.154,32.850,3.449,173.704,1.552,0.400,0.298,41.264,0,0,1.122
1.346,24.416,3.423,193.765,0.695,12.262,1.222,26.147,0,0,1.109
1.225,22.759,2.783,185.729,1.091,0.410,0.153,40.587,0,0,1.125
1.150,29.835,2.696,263.992,0.945,1.392,1.792,32.396,0,0,1.103
1.265,25.650,0.666,168.704,1.269,1.975,1.270,45.901,0,0,1.123
0.979,23.461,4.665,278.477,1.152,0.457,1.009,16.839,0,1,1.122
1.003,28.784,3.593,439.317,0.693,8.146,1.023,6.787,0,0,1.114
1.052,23.978,2.647,144.099,2.064,0.719,0.426,41.736,0,1,1.146
1.024,28.508,2.920,467.312,0.819,2.876,0.766,56.398,0,0,1.117
1.224,21.750,5.531,170.729,1.286,0.400,0.579,16.984,0,1,1.127
1.106,25.923,3.041,230.316,0.680,34.237,0.826,13.778,0,0,1.105
1.204,29.921,2.116,129.284,1.666,1.089,1.275,33.585,0,0,1.121
0.908,26.082,3.386,136.676,1.880,1.875,0.222,12.453,0,0,1.112
1.036,31.419,5.317,181.935,1.808,1.107,0.546,28.247,0,1,1.139
1.053,27.800,8.358,212.857,1.024,26.635,2.068,24.608,0,1,1.113
1.130,26.248,4.734,191.147,0.947,9.997,1.448,19.291,0,0,1.103
0.945,26.770,7.165,237.865,1.295,5.456,0.512,60.913,0,0,1.135
1.254,25.922,4.835,79.162,1.935,4.267,0.983,13.894,1,0,1.099
1.126,25.103,3.520,111.736,2.452,0.834,0.517,44.405,0,1,1.157
1.153,31.612,4.759,203.386,1.064,0.555,0.836,22.926,0,0,1.099
0.784,30.678,2.530,252.727,1.261,30.358,0.634,6.946,0,0,1.110
1.044,29.137,6.497,104.907,2.445,4.345,0.281,11.054,0,1,1.141
0.801,32.198,6.064,245.430,1.502,8.267,1.561,7.572,0,0,1.118
0.821,31.083,11.449,261.991,1.065,22.882,1.068,0.454,0,0,1.096
0.915,31.322,7.524,385.604,0.885,0.561,0.695,2.845,0,0,1.115
1.145,32.901,4.335,151.978,1.094,6.162,0.705,6.830,0,0,1.082
1.078,23.752,2.184,331.733,0.779,2.476,1.494,19.396,0,0,1.114
0.933,30.002,6.121,300.827,0.795,39.232,1.065,17.745,0,0,1.103
1.097,27.053,1.772,168.943,1.597,0.869,1.461,49.778,0,0,1.130
0.985,25.531,7.803,91.943,2.464,1.707,0.577,52.050,0,0,1.139
0.952,27.375,3.259,181.179,1.386,2.900,0.222,1.496,0,0,1.103
0.996,27.987,1.952,138.854,2.289,3.739,0.623,22.568,0,1,1.143
1.029,35.782,1.065,160.887,1.409,25.542,0.659,22.595,0,0,1.085
0.820,32.121,3.188,301.172,1.370,0.426,1.104,7.027,0,0,1.132
1.093,29.707,8.323,92.157,2.571,0.483,0.458,7.951,0,1,1.149
0.832,26.599,4.102,298.637,1.177,3.561,0.486,13.512,0,0,1.127
1.293,24.498,3.980,189.878,1.030,0.466,0.379,6.832,0,1,1.109
0.792,32.516,6.148,262.043,1.013,52.732,0.891,13.737,0,0,1.093
1.187,30.370,6.295,191.606,1.458,0.431,2.048,66.989,0,0,1.143
1.345,23.895,2.933,74.295,2.688,8.922,0.638,63.980,0,1,1.171
1.046,33.454,2.195,168.774,1.839,0.434,2.214,6.555,0,1,1.132
1.167,32.462,3.983,163.986,1.647,0.400,1.047,3.688,1,1,1.104
0.834,29.779,4.494,349.277,1.189,17.624,0.869,61.359,0,0,1.130
1.074,26.167,8.326,115.177,1.909,0.680,1.259,50.454,0,0,1.141
0.965,30.746,8.039,385.314,0.690,31.589,0.874,15.935,0,0,1.107
0.716,32.556,2.891,260.183,1.550,22.200,0.273,7.218,0,0,1.124
1.007,27.556,5.100,308.600,1.006,31.045,0.458,21.089,1,1,1.097
0.922,25.905,1.626,348.264,0.870,22.923,0.148,16.136,0,0,1.127
1.158,24.795,2.837,317.889,0.659,11.210,0.285,18.822,0,0,1.107
0.998,30.935,0.706,276.297,0.992,11.377,0.513,7.287,0,0,1.102
0.989,29.219,9.888,182.251,1.208,1.070,0.783,4.877,0,0,1.094
0.883,29.244,5.450,393.648,0.930,3.635,0.808,6.672,0,0,1.128
0.735,29.537,2.546,173.842,1.381,46.840,1.267,5.201,0,0,1.092
1.075,27.034,6.764,294.707,0.624,32.363,0.745,21.605,0,0,1.109
0.939,30.278,2.139,270.594,0.939,27.539,0.361,5.619,0,0,1.102
1.196,27.543,5.891,227.023,0.971,1.498,0.435,12.912,0,1,1.106
1.084,28.487,3.406,301.960,0.856,1.854,0.584,20.384,0,0,1.105
0.917,31.928,11.429,179.648,1.311,9.572,1.093,2.682,0,0,1.089
1.002,25.953,2.276,178.393,1.375,0.416,0.855,9.960,0,0,1.108
0.930,26.216,1.778,366.524,1.003,6.230,0.609,48.230,0,0,1.132
0.913,34.516,7.289,188.140,1.298,20.653,0.125,4.731,0,0,1.086
1.192,27.031,4.603,109.380,1.318,16.354,0.697,33.070,0,0,1.114
1.125,33.429,2.729,191.788,1.455,1.051,0.400,35.147,0,0,1.117
0.753,27.903,7.246,172.191,2.405,0.402,0.165,10.730,0,1,1.147
1.244,29.767,9.470,169.767,0.911,0.956,0.432,28.749,0,0,1.107
1.113,27.156,4.346,141.059,2.078,0.438,1.155,39.256,0,1,1.152
0.852,35.142,5.476,115.829,1.625,56.928,1.634,9.268,0,1,1.075
0.998,30.123,3.918,316.639,1.004,0.762,0.930,23.508,0,0,1.114
1.032,30.445,3.718,234.265,1.070,1.801,0.110,6.634,0,0,1.098
1.204,25.627,3.887,249.811,0.692,4.718,0.385,9.694,0,0,1.096
1.239,23.433,2.457,256.266,0.711,6.784,2.196,19.692,0,0,1.107
1.059,25.815,1.876,159.933,1.537,0.696,1.075,30.919,0,0,1.121
0.883,32.649,1.286,246.335,1.472,20.347,0.685,14.999,0,1,1.119
0.857,31.583,7.409,205.009,1.693,10.908,1.483,4.143,0,1,1.122
0.973,30.837,2.701,183.976,1.168,27.933,1.013,17.352,0,0,1.094
0.971,30.699,4.163,293.708,1.116,0.705,1.184,22.587,0,0,1.116
1.167,27.241,1.481,102.446,2.633,4.016,0.530,40.022,0,1,1.159
1.048,28.055,1.992,261.009,1.001,2.701,0.740,14.378,0,0,1.107
1.077,25.708,2.561,226.131,0.945,26.414,1.280,48.009,0,0,1.119
1.314,27.105,5.197,120.389,2.294,0.451,1.786,47.600,1,1,1.155
1.011,28.918,5.174,487.748,0.777,1.722,0.493,47.827,0,0,1.122
0.748,30.282,10.468,242.982,1.598,2.048,2.223,11.271,0,0,1.125
0.821,34.301,12.837,188.071,1.910,1.843,1.867,8.101,0,0,1.121
1.029,35.128,8.207,321.889,0.784,4.667,0.372,6.488,0,0,1.086
1.146,30.103,4.247,335.132,0.703,1.072,0.702,2.883,0,1,1.085
0.890,28.679,7.808,231.351,1.556,0.766,0.317,14.041,0,1,1.130
1.242,28.494,0.866,256.834,0.946,1.667,1.549,44.071,0,0,1.109
0.931,32.667,8.268,230.728,1.233,6.762,1.106,9.073,0,0,1.102
0.848,25.481,10.553,255.469,1.011,16.855,1.405,7.882,0,0,1.112
1.155,25.604,7.703,126.661,2.021,0.536,0.213,43.392,0,1,1.159
1.164,29.862,8.148,228.381,0.910,6.233,1.654,12.812,0,1,1.101
0.995,28.737,4.617,224.596,1.649,1.144,0.162,15.508,1,1,1.117
1.102,28.904,8.137,153.950,0.982,17.932,0.547,19.541,0,0,1.098
1.273,24.373,0.749,216.536,0.912,23.651,0.455,32.177,1,0,1.099
0.960,30.245,3.360,429.505,0.865,0.408,0.118,19.956,0,0,1.124
0.940,29.389,6.143,141.963,1.496,33.351,1.486,3.589,0,1,1.104
0.786,33.857,1.991,253.441,1.822,0.409,0.545,12.998,0,0,1.147
1.095,31.943,3.150,246.514,0.823,16.327,0.233,12.407,0,0,1.087
0.853,32.215,4.416,175.257,1.226,38.864,0.886,1.503,0,0,1.083
1.023,26.458,6.412,256.514,1.036,1.630,0.818,30.898,0,0,1.120
0.822,34.170,8.394,238.605,1.882,1.019,0.159,14.614,0,1,1.147
0.935,28.776,2.925,325.903,0.775,44.962,1.429,16.392,0,0,1.115
1.074,34.232,5.418,101.433,2.154,0.518,0.941,1.884,0,0,1.119
1.017,24.846,4.681,276.971,0.860,13.273,1.850,17.636,0,0,1.116
1.078,22.440,3.282,312.526,0.788,9.699,0.557,31.965,0,0,1.126
0.966,32.746,13.016,119.228,2.419,1.120,0.115,0.501,0,1,1.142
0.809,33.353,1.758,302.265,1.112,38.260,0.613,7.906,0,0,1.111
1.072,33.999,4.360,147.736,1.673,6.633,0.887,0.046,0,1,1.117
1.270,27.523,2.006,347.489,0.639,0.441,0.820,36.988,0,0,1.096
1.094,29.808,2.056,316.940,0.646,19.643,0.290,2.119,0,0,1.093
0.970,29.689,2.743,183.317,1.101,47.305,2.170,13.856,1,0,1.077
0.997,28.418,5.123,246.408,1.169,5.482,0.814,34.397,0,0,1.120
1.191,28.307,3.712,248.882,0.790,6.278,1.924,22.771,0,0,1.100
0.967,25.007,2.553,294.556,0.691,53.799,2.291,10.125,0,0,1.130
1.019,29.904,6.545,128.394,2.647,0.401,0.953,72.841,0,0,1.168
0.825,36.437,4.071,278.356,1.002,48.748,1.688,0.788,0,0,1.086
1.199,26.265,9.055,81.557,1.369,14.667,1.836,0.509,1,0,1.077
0.866,31.812,10.923,201.844,1.529,3.697,1.198,9.402,0,0,1.110
0.760,33.939,6.694,240.946,1.801,26.384,0.329,30.631,1,0,1.104
0.931,19.439,6.157,212.732,1.432,0.401,0.265,43.343,0,1,1.145
1.166,28.611,3.584,66.609,1.577,42.163,0.184,15.718,0,1,1.112
0.934,27.501,3.715,186.336,1.304,14.932,1.682,13.059,0,0,1.107
1.137,29.465,3.184,200.137,1.261,0.407,0.177,10.163,1,0,1.089
0.885,24.757,6.166,199.520,1.768,0.420,0.480,33.314,0,1,1.143
0.952,25.563,2.728,161.244,1.324,17.832,0.201,14.337,0,0,1.107
0.872,24.925,4.150,338.174,1.113,8.018,0.658,11.648,0,1,1.132
0.994,26.566,1.305,404.417,0.864,0.569,1.613,29.730,0,0,1.127
1.011,29.470,5.426,387.846,0.810,13.486,1.511,15.342,0,1,1.106
0.943,26.870,2.412,170.423,1.485,14.625,1.279,30.902,0,0,1.116
0.988,30.842,9.130,211.153,1.205,1.405,2.171,12.021,0,0,1.104
1.098,29.490,3.798,102.302,1.436,19.252,0.386,13.420,0,0,1.096
0.865,26.748,1.657,204.496,1.628,4.717,1.400,37.079,0,0,1.130
1.109,24.916,4.800,92.854,2.718,0.839,1.557,31.551,0,1,1.159
1.154,31.837,1.766,208.315,1.049,8.734,0.954,23.914,0,0,1.098
0.860,26.529,1.046,246.773,1.372,0.402,0.698,8.858,0,0,1.127
0.832,35.402,3.958,194.084,0.845,70.779,1.998,1.650,0,0,1.066
0.945,23.635,2.449,206.589,1.215,12.529,0.356,31.725,0,0,1.123
1.090,28.593,12.420,287.181,0.844,1.775,0.818,42.408,0,0,1.123
0.974,28.849,9.122,245.372,1.045,1.109,0.313,8.584,0,0,1.105
1.008,26.626,2.358,302.707,1.196,0.400,1.687,35.307,1,0,1.114
1.229,29.725,1.605,204.448,1.127,0.439,0.932,11.392,0,1,1.108
0.983,27.490,4.066,121.117,2.529,0.965,0.150,11.673,0,1,1.149
0.908,33.129,2.014,262.939,1.430,2.494,2.062,17.359,0,0,1.126
1.168,25.335,6.954,257.938,0.741,2.047,0.116,19.280,0,0,1.108
1.170,22.153,5.190,94.235,1.831,3.470,0.517,12.141,1,0,1.099
1.115,28.112,10.817,91.234,1.810,5.227,0.727,3.040,1,0,1.087
0.908,30.128,2.589,279.496,1.183,2.683,1.051,2.958,0,0,1.118
1.044,24.968,1.850,180.499,1.269,0.617,0.748,7.115,0,0,1.108
1.025,31.344,4.301,197.322,1.340,9.482,0.173,27.299,0,0,1.112
1.021,25.596,9.247,389.654,0.672,10.711,1.996,20.846,0,0,1.122
0.869,30.505,1.916,179.902,1.853,20.743,0.228,12.074,0,1,1.126
1.077,26.186,1.872,176.567,1.314,20.864,1.347,9.608,0,1,1.119
0.966,27.235,15.392,151.847,1.638,0.560,1.421,0.999,0,1,1.114
1.115,28.962,5.994,172.201,1.090,24.549,1.120,47.809,0,0,1.116
0.906,30.560,1.128,319.301,1.080,13.832,1.996,14.517,0,0,1.122
1.126,27.631,2.874,193.505,1.166,0.451,0.905,20.379,0,0,1.110
0.994,26.062,7.058,183.206,1.617,3.534,2.114,23.041,0,1,1.134
1.292,29.170,4.499,173.515,0.947,5.079,0.449,4.507,0,1,1.101
1.048,32.028,5.033,249.510,1.312,1.528,1.109,24.856,0,1,1.123
0.759,34.552,3.495,219.851,1.555,33.557,1.700,9.757,0,0,1.104
1.121,30.684,3.732,180.415,1.041,25.323,0.705,36.266,0,0,1.103
0.919,30.371,1.127,210.872,0.909,56.351,0.347,21.558,0,0,1.096
1.006,30.043,3.244,317.884,0.903,3.992,0.193,7.535,0,0,1.109
1.044,30.918,0.614,316.641,0.961,4.039,0.584,19.932,0,0,1.109
0.852,30.547,1.632,238.760,1.139,33.837,0.356,2.913,0,0,1.107
1.164,26.099,1.944,114.046,2.204,0.695,0.807,18.729,0,1,1.146
0.784,28.293,6.175,246.512,1.387,29.519,1.542,9.480,0,1,1.123
0.890,26.729,1.906,194.132,1.537,2.968,0.511,9.921,0,0,1.119
1.010,28.380,9.373,189.270,1.463,0.435,1.673,6.568,0,1,1.121
1.059,31.322,7.578,301.460,1.023,0.746,1.308,42.792,0,0,1.121
1.047,26.023,4.072,227.628,1.022,0.481,1.036,5.305,0,0,1.106
0.901,27.757,8.875,135.919,1.929,18.637,1.341,11.948,0,1,1.121
0.769,35.508,8.138,335.489,1.539,3.364,0.608,30.118,0,0,1.151
1.147,28.332,12.370,97.680,1.735,2.159,1.708,36.947,0,0,1.137
0.781,33.799,9.998,251.537,1.310,24.733,0.425,3.845,0,0,1.103
0.814,27.186,5.667,260.235,1.361,1.008,0.215,13.002,0,0,1.129
0.935,26.789,2.227,437.559,0.828,0.439,0.986,5.425,0,0,1.137
1.040,25.866,7.441,306.378,0.745,12.494,1.613,14.163,0,0,1.114
1.117,32.846,10.018,100.860,1.550,0.524,0.168,2.020,0,0,1.096
1.180,27.956,2.904,155.319,1.176,3.170,0.492,13.964,0,0,1.104
1.057,31.020,1.501,205.009,1.336,0.540,1.418,16.667,0,0,1.112
1.048,26.979,7.141,262.904,0.815,14.265,1.344,16.343,0,0,1.109
0.904,25.649,5.867,161.630,1.795,1.120,0.566,44.543,0,0,1.135
0.961,24.441,10.601,212.073,1.047,2.391,0.159,7.668,0,0,1.107
1.127,26.389,2.353,107.995,1.017,53.649,0.270,19.170,1,0,1.089
0.851,34.018,11.824,254.169,0.980,50.150,0.734,7.234,0,1,1.089
0.840,27.429,5.546,252.579,1.263,5.067,2.055,0.605,0,0,1.119
1.104,25.100,0.588,155.714,1.498,3.164,0.702,32.644,0,0,1.124
0.928,27.285,5.468,186.261,1.415,1.231,0.423,2.272,0,0,1.109
1.027,26.744,6.212,208.019,1.114,0.402,0.279,8.919,0,0,1.107
1.007,29.671,8.197,133.502,1.597,0.502,0.376,1.321,0,0,1.102
1.093,30.571,4.822,82.579,2.132,25.046,0.475,12.489,0,1,1.122
1.142,31.720,7.810,200.933,1.506,2.428,1.505,68.038,0,0,1.148
0.910,38.395,1.702,388.337,1.088,0.458,0.178,3.324,0,0,1.127
1.102,26.040,1.895,279.847,0.940,3.062,0.289,30.369,0,0,1.118
1.173,29.547,6.795,89.848,1.425,9.772,0.641,11.209,0,0,1.101
0.912,30.780,3.983,270.724,1.553,6.783,0.921,45.001,0,1,1.140
0.744,36.934,6.522,243.606,1.224,63.424,0.553,3.258,0,1,1.084
1.051,25.935,4.297,273.944,0.886,0.621,0.849,5.664,0,0,1.108
1.240,26.152,2.877,162.579,1.884,0.400,2.436,65.778,0,1,1.166
1.035,22.877,1.460,152.290,1.445,8.187,1.386,35.624,0,0,1.125
0.893,33.455,10.491,255.665,1.467,5.061,1.987,11.010,1,0,1.105
1.052,30.513,2.532,224.254,1.062,4.969,0.691,4.511,0,0,1.099
0.945,26.314,5.285,283.619,1.076,0.412,2.266,19.701,0,0,1.124
0.894,28.397,6.231,239.208,1.135,41.652,2.546,30.284,1,0,1.096
1.143,27.519,2.994,371.892,0.765,1.392,0.185,41.722,0,0,1.113
1.006,27.763,9.835,336.467,0.795,1.599,0.495,14.801,0,0,1.114
1.065,32.319,4.568,267.476,0.907,0.409,0.527,3.825,0,0,1.094
1.185,25.569,3.374,276.729,0.965,0.428,0.470,27.134,1,0,1.101
1.194,29.961,11.418,166.247,1.236,4.351,0.585,53.143,0,0,1.141
1.042,37.198,12.564,251.388,0.753,7.401,1.413,1.188,0,0,1.068
1.072,32.910,7.987,131.698,1.435,12.386,0.247,17.907,0,0,1.101
0.866,34.776,1.032,349.375,1.213,1.027,0.729,1.916,0,0,1.136
1.118,28.823,3.006,208.748,1.345,9.962,2.002,31.725,0,1,1.127
1.047,31.956,7.429,157.795,1.725,1.858,0.273,32.149,0,0,1.130
1.022,31.898,8.374,105.562,2.002,3.142,0.264,3.998,0,0,1.112
1.115,24.987,4.152,244.021,0.956,1.526,0.130,26.412,0,0,1.119
0.980,30.256,3.629,190.819,1.479,5.505,1.242,19.432,0,0,1.117
0.965,26.565,1.516,269.274,0.891,37.208,0.851,27.527,0,0,1.120
0.970,25.320,5.753,319.934,0.898,2.362,2.052,12.120,0,0,1.122
0.999,27.102,4.626,192.268,1.187,8.325,0.553,7.966,0,0,1.107
1.086,29.053,10.336,161.772,0.937,12.936,0.335,10.141,0,0,1.094
0.965,28.475,6.393,348.995,0.893,5.783,0.714,18.836,0,0,1.122
0.965,27.967,9.389,220.087,1.110,20.831,0.600,46.961,0,0,1.124
1.020,28.209,9.268,135.275,1.267,8.754,1.024,0.788,0,0,1.092
1.086,27.970,3.932,103.220,2.661,0.407,0.629,15.791,0,1,1.159
1.010,29.296,7.062,160.578,1.404,7.049,1.312,15.650,0,0,1.109
1.241,22.320,1.926,374.366,0.627,11.051,0.954,48.913,0,0,1.121
1.032,29.795,5.621,244.809,0.733,36.556,1.380,13.872,0,0,1.099
1.416,27.281,3.500,91.665,1.978,4.335,2.064,32.676,0,1,1.161
1.088,22.676,4.060,135.457,1.646,0.523,0.219,52.257,0,0,1.143
0.772,29.569,3.109,374.322,1.361,0.732,1.168,10.395,1,0,1.145
1.180,22.891,1.187,185.782,1.317,4.049,0.153,65.444,0,0,1.144
1.072,32.388,2.986,195.077,1.343,0.824,1.547,15.585,0,0,1.111
1.081,22.157,7.013,301.189,0.724,0.775,1.540,3.597,0,0,1.114
0.871,28.331,4.377,282.334,1.447,3.608,1.622,27.406,0,1,1.140
1.147,29.755,11.232,98.039,2.423,0.554,0.745,26.389,0,1,1.167
1.093,34.476,9.634,123.719,1.512,0.402,1.772,3.847,0,0,1.099
0.916,25.899,13.383,296.070,0.893,7.970,1.409,16.247,0,0,1.120
1.020,30.521,5.042,193.924,1.970,3.154,0.596,54.766,0,1,1.159
0.956,27.213,2.531,170.838,1.540,8.877,0.228,22.247,0,0,1.119
0.880,29.523,7.450,292.423,0.923,35.113,0.113,17.418,0,0,1.115
1.159,25.988,2.428,262.447,1.090,1.753,0.159,62.769,0,0,1.135
1.082,26.704,2.451,233.385,1.387,1.047,1.613,34.262,0,1,1.136
1.224,26.261,3.108,137.201,1.898,0.425,0.482,34.932,0,1,1.154
1.106,25.862,2.922,316.467,0.970,7.392,0.295,34.552,0,1,1.122
0.963,27.675,12.011,120.898,2.629,0.400,0.755,38.800,0,1,1.169
1.021,28.557,7.316,309.965,0.693,36.267,0.627,25.114,0,0,1.114
1.030,28.819,5.721,199.238,1.335,14.586,1.111,15.701,0,1,1.122
0.869,30.327,3.971,248.956,1.212,16.698,0.401,1.573,0,0,1.114
1.421,23.353,4.317,73.054,2.704,0.736,0.692,54.305,0,1,1.189
0.997,33.034,11.210,175.303,1.632,0.412,1.269,3.464,1,0,1.096
0.868,25.295,5.667,385.333,1.061,0.402,1.385,15.663,0,1,1.137
0.958,30.861,1.664,286.507,1.274,10.855,1.173,46.946,0,0,1.127
1.436,29.099,2.061,145.605,1.253,0.618,0.793,23.429,0,1,1.130
1.243,28.154,1.699,301.356,0.817,26.260,1.059,51.272,0,1,1.108
1.312,23.435,1.619,112.861,1.892,1.283,0.640,40.606,1,0,1.126
1.081,28.532,6.540,190.862,1.981,0.439,0.444,49.701,1,1,1.147
1.122,34.141,2.076,97.955,1.023,50.223,2.212,4.372,0,1,1.087
1.203,26.553,6.333,166.939,1.114,4.991,1.062,34.481,0,0,1.125
0.957,24.490,2.102,220.983,1.268,1.561,2.131,17.488,0,0,1.124
1.153,30.858,2.295,340.108,0.775,8.075,0.570,10.943,1,0,1.082
0.915,28.183,6.785,335.787,0.834,29.915,0.946,14.681,0,0,1.124
1.467,26.779,0.960,162.523,1.179,5.806,0.306,59.478,0,0,1.139
1.055,33.140,0.896,231.105,1.298,28.093,0.841,63.394,0,0,1.106
0.910,34.898,2.617,346.679,0.890,36.413,0.407,8.876,0,0,1.105
1.086,29.681,5.418,116.338,2.222,0.413,0.241,3.237,0,1,1.144
0.964,29.238,4.806,168.595,1.896,6.303,0.156,14.141,0,1,1.138
1.182,25.827,0.645,256.151,1.015,3.322,1.192,45.791,0,0,1.124
1.093,20.730,6.566,137.898,1.728,0.442,1.099,13.022,0,1,1.136
0.869,32.129,4.711,211.809,1.686,1.274,0.445,7.976,0,0,1.129
1.118,23.095,4.724,122.374,2.179,0.400,0.576,40.842,0,1,1.159
1.007,32.103,12.004,219.899,1.129,9.717,1.529,2.516,1,0,1.080
1.136,24.189,7.708,219.718,0.835,10.725,0.918,26.035,0,0,1.122
1.252,24.111,1.779,94.275,1.311,53.649,1.120,47.780,0,1,1.145
1.076,29.246,6.802,88.383,2.187,0.586,0.896,8.393,0,0,1.123
1.081,28.115,5.988,97.715,2.534,0.400,0.906,2.499,0,1,1.150
0.951,28.259,3.485,366.832,0.923,1.614,0.846,10.801,0,0,1.128
0.914,27.696,1.229,194.600,1.852,14.203,0.531,42.907,0,1,1.141
0.973,28.052,4.233,238.429,1.279,2.152,0.648,28.253,0,0,1.127
1.084,28.466,5.433,198.994,1.196,11.906,1.980,41.898,0,0,1.124
0.817,28.311,12.524,181.380,1.637,5.252,0.446,16.526,0,0,1.118
1.023,29.067,7.428,483.081,0.720,1.124,1.109,34.530,0,0,1.126
1.162,31.783,5.776,233.107,0.890,1.541,1.172,18.306,0,0,1.099
1.146,27.742,3.724,132.448,2.208,0.939,0.677,38.457,0,1,1.162
0.987,28.104,2.083,142.243,2.026,1.357,0.576,29.832,0,0,1.135
1.297,24.108,4.010,162.852,1.026,0.400,2.330,24.303,0,0,1.121
1.114,35.535,2.849,171.686,1.011,27.053,1.009,1.588,0,1,1.088
1.029,29.271,7.900,265.815,0.997,3.274,0.954,23.193,0,0,1.116
0.749,33.043,4.483,302.361,0.946,69.739,0.565,1.345,0,0,1.110
1.166,26.489,4.543,116.840,2.135,3.161,2.421,43.800,1,0,1.130
0.743,31.092,9.300,159.260,1.374,49.654,0.996,16.279,0,0,1.085
0.748,32.149,2.436,140.687,1.310,81.311,0.944,1.268,0,1,1.088
0.943,29.123,9.458,253.062,1.341,4.895,0.505,23.417,0,1,1.132
0.850,28.076,9.845,155.450,1.837,0.403,0.568,4.684,0,0,1.115
0.830,29.475,1.810,439.320,0.803,67.259,0.949,25.794,0,0,1.139
1.107,35.002,11.906,189.431,0.709,26.641,0.486,0.590,1,0,1.050
0.993,25.016,2.285,282.579,1.020,9.354,0.517,31.876,0,0,1.130
1.122,27.668,3.949,186.624,1.331,1.373,0.214,37.215,0,0,1.129
1.047,25.879,8.956,247.443,1.044,5.631,0.779,50.659,0,0,1.138
1.126,27.099,3.487,280.613,0.777,26.121,1.992,5.833,1,0,1.093
1.067,27.018,10.298,125.107,1.505,20.458,1.316,13.632,0,1,1.124
1.065,29.510,9.720,168.031,1.279,0.406,2.039,17.109,0,0,1.112
1.203,24.653,4.499,45.530,1.425,26.012,1.674,6.330,0,0,1.104
0.842,29.463,9.773,244.310,1.218,13.377,2.253,5.739,0,0,1.113
1.100,22.663,2.033,80.048,2.466,6.289,0.408,72.661,0,0,1.148
0.880,26.893,10.162,258.298,1.047,15.287,1.781,14.193,0,0,1.119
0.979,31.716,8.876,293.068,1.053,0.459,0.687,19.462,0,0,1.118
1.180,25.634,11.626,128.724,1.302,15.862,1.560,71.337,0,0,1.164
1.033,35.973,7.315,112.436,2.162,3.509,0.513,2.590,0,0,1.125
1.061,35.320,4.141,171.625,1.382,3.357,1.396,3.586,0,0,1.101
0.772,27.763,2.173,477.158,1.098,7.980,0.706,0.310,1,0,1.165
1.156,31.500,12.857,153.823,0.743,7.937,0.604,5.999,0,0,1.081
0.911,28.735,5.696,304.377,0.862,78.657,0.907,16.394,1,1,1.104
1.136,22.967,0.987,177.922,1.014,21.761,0.185,26.255,0,0,1.125
1.330,27.872,5.354,113.668,1.438,0.400,0.620,35.536,0,0,1.136
1.076,24.993,0.622,417.415,0.676,0.400,0.653,0.454,0,0,1.121
0.787,35.629,9.365,313.574,1.191,26.166,1.053,4.106,0,0,1.114
1.106,28.235,2.640,251.272,1.113,1.457,0.981,7.770,0,1,1.116
1.117,30.314,1.962,133.624,2.170,0.960,1.987,15.742,0,1,1.152
0.975,26.098,2.813,227.858,1.503,3.747,0.980,25.423,0,1,1.139
1.351,19.943,1.389,124.403,1.809,0.400,0.596,30.819,0,1,1.155
0.942,25.591,1.865,265.456,1.196,0.747,0.459,21.703,0,0,1.131
1.196,27.108,6.216,131.924,1.433,7.685,0.360,16.008,1,0,1.100
1.202,29.304,1.709,112.712,2.229,4.826,0.887,24.323,0,1,1.154
0.837,30.775,2.062,268.626,1.422,2.066,0.526,0.877,0,0,1.134
0.957,33.494,5.426,216.176,0.798,49.577,0.930,8.933,0,0,1.084
0.818,29.604,3.402,193.809,1.936,0.715,0.644,15.243,0,0,1.140
1.239,26.371,2.505,137.897,1.774,0.400,1.564,23.324,0,1,1.146
1.021,31.184,4.268,291.624,0.974,2.252,0.522,9.788,0,0,1.110
1.123,28.763,6.548,129.041,1.628,0.515,1.529,24.396,0,0,1.126
0.917,32.463,1.711,220.063,1.538,0.844,0.735,1.166,0,0,1.125
0.816,31.779,4.854,307.324,0.864,63.088,1.762,6.200,0,0,1.113
0.984,29.203,1.120,205.385,1.673,0.440,1.199,41.183,0,0,1.139
0.832,28.983,4.731,161.944,1.929,26.558,1.101,17.253,0,1,1.126
1.114,23.446,2.713,153.991,1.502,0.457,0.842,41.888,0,0,1.138
1.052,24.760,1.343,202.614,1.173,0.577,1.060,3.733,0,0,1.113
0.909,32.173,3.382,171.395,1.610,13.244,0.991,0.236,0,0,1.110
0.839,35.335,11.844,104.010,1.501,45.581,0.514,4.163,0,0,1.060
1.089,27.490,5.474,176.134,1.145,23.580,0.128,13.411,1,0,1.093
0.839,22.636,1.376,265.263,1.544,0.400,0.689,60.668,0,1,1.154
1.009,35.141,4.707,179.494,0.795,41.657,1.050,1.937,0,0,1.070
0.929,28.152,4.410,329.581,1.055,1.193,1.225,19.822,0,0,1.132
0.869,29.636,15.244,225.948,1.434,0.400,0.560,32.156,0,0,1.134
0.981,32.039,9.023,311.870,1.067,1.013,0.663,29.824,0,0,1.125
0.952,24.992,11.633,216.930,1.114,3.061,1.519,22.463,0,0,1.123
0.874,30.462,3.351,184.932,1.436,47.301,0.358,28.564,0,1,1.112
1.077,27.654,7.451,191.923,1.162,0.448,2.076,18.668,0,0,1.116
1.086,35.528,3.091,409.495,0.678,1.573,0.494,7.533,0,0,1.094
0.977,33.048,9.008,162.930,1.129,28.959,0.688,13.960,0,0,1.089
1.199,24.329,8.929,97.141,2.281,0.403,0.567,37.060,0,1,1.170
1.000,27.447,4.275,254.186,1.094,2.624,0.614,15.537,0,0,1.120
0.890,28.727,5.013,82.393,2.075,30.029,0.599,14.430,0,0,1.095
1.072,27.323,7.358,130.440,1.835,0.606,1.535,40.859,0,0,1.142
0.864,27.406,4.012,250.697,1.128,26.585,0.177,18.102,0,0,1.123
0.991,26.706,3.973,394.310,0.907,1.250,0.866,42.785,0,0,1.136
0.880,32.852,7.165,228.317,1.113,28.756,0.755,1.134,0,0,1.098
0.910,32.523,4.027,146.989,1.524,27.886,1.330,5.376,0,0,1.096
1.110,32.155,5.023,145.516,1.066,19.813,0.928,9.987,0,0,1.091
0.891,28.616,5.212,290.934,1.147,18.668,0.718,41.042,0,0,1.131
0.883,28.313,13.416,131.458,1.725,10.232,0.890,15.267,0,0,1.109
1.315,24.295,2.670,317.219,0.825,0.404,2.188,15.327,1,1,1.091
1.233,24.468,8.268,86.433,1.842,23.615,0.292,11.157,1,1,1.120
0.738,26.604,2.523,264.154,1.375,21.584,1.445,34.124,0,0,1.138
0.979,29.321,2.267,139.333,1.416,25.316,0.519,10.084,0,0,1.102
0.989,28.435,5.894,308.382,0.936,0.951,0.854,7.735,0,0,1.118
1.218,25.667,7.015,252.516,0.757,0.717,0.478,25.730,0,0,1.117
0.816,31.577,6.379,129.232,1.553,65.693,0.416,39.761,0,1,1.093
0.873,28.097,3.593,244.316,1.188,20.004,1.092,8.866,0,0,1.121
0.744,32.104,2.564,246.252,1.672,17.528,0.499,13.879,0,0,1.136
1.053,25.965,5.724,190.888,1.426,10.162,0.269,36.268,1,0,1.116
0.723,30.450,11.839,113.822,2.010,49.955,0.941,0.415,0,1,1.089
1.034,31.295,6.356,227.764,1.175,2.077,0.941,17.091,0,0,1.115
1.046,33.558,2.106,209.558,1.336,0.918,1.155,9.036,0,0,1.113
1.204,27.614,2.664,184.224,1.185,0.586,0.786,28.678,0,0,1.122
1.041,33.787,4.831,210.688,1.819,0.947,1.610,57.645,0,0,1.153
1.138,27.284,3.638,159.442,1.315,0.501,0.948,16.117,0,0,1.117
1.160,20.928,3.592,123.731,2.206,0.760,0.267,66.405,0,1,1.175
1.073,23.701,7.532,93.243,2.028,1.427,0.140,39.721,0,0,1.141
0.870,31.295,8.857,299.395,1.283,5.198,0.247,6.567,0,1,1.130
1.019,24.560,7.058,151.964,1.737,6.127,0.464,14.507,0,1,1.137
0.801,32.002,12.395,234.275,1.500,5.142,1.352,2.833,0,0,1.120
1.332,30.146,3.555,102.030,2.266,0.476,1.275,33.705,0,1,1.173
1.071,28.616,9.322,350.162,0.804,4.394,1.085,39.841,0,0,1.126
1.302,24.672,1.445,88.110,2.669,2.902,0.962,45.839,0,1,1.174
0.874,29.651,3.282,350.841,0.901,37.374,0.857,10.025,0,0,1.131
0.940,31.511,5.337,214.188,1.213,34.670,2.076,43.742,0,0,1.110
1.031,26.207,7.589,88.543,2.902,0.400,1.039,66.495,0,0,1.169
0.924,33.747,10.584,253.159,0.768,41.320,0.501,0.045,0,0,1.086
1.294,22.858,5.649,182.720,1.029,6.316,1.585,20.620,1,0,1.111
0.807,30.517,4.226,168.160,1.243,67.758,0.308,1.213,0,1,1.104
1.032,32.481,4.029,166.815,1.062,35.477,2.035,20.750,0,0,1.094
1.061,33.163,15.482,223.639,1.102,0.418,2.042,31.698,0,0,1.122
1.098,31.989,7.833,129.879,1.183,25.451,0.221,0.770,1,0,1.071
1.117,21.267,8.575,117.116,2.127,0.403,0.549,54.577,0,1,1.175
0.988,31.473,3.319,171.328,1.660,17.508,0.154,8.314,0,1,1.126
1.050,31.533,4.406,153.969,2.137,0.563,0.303,19.708,0,1,1.158
0.772,31.220,11.592,254.939,1.818,1.883,0.932,59.120,0,0,1.164
1.045,25.568,4.246,136.373,2.138,5.693,0.261,35.310,0,1,1.155
0.938,33.483,12.048,304.584,0.897,44.978,0.170,23.536,1,0,1.086
0.948,29.715,7.685,115.777,3.048,0.403,0.571,62.310,0,0,1.177
0.951,29.695,6.799,173.886,1.674,0.496,0.813,16.835,0,0,1.128
1.047,26.992,4.861,224.703,0.886,45.865,1.210,18.671,1,0,1.102
0.983,31.525,2.214,201.296,1.748,0.412,1.075,5.947,0,1,1.142
1.027,30.628,12.197,121.193,2.315,0.612,1.295,14.048,0,1,1.157
1.234,24.713,7.228,191.131,1.088,0.438,2.075,48.886,0,0,1.146
1.339,25.673,6.325,87.718,1.936,21.008,0.415,55.463,0,1,1.172
0.898,26.067,1.148,272.189,1.211,12.812,0.709,34.073,0,0,1.137
0.854,25.052,1.445,306.079,1.323,1.132,0.496,70.936,0,0,1.154
1.277,27.135,2.755,218.546,0.668,9.634,0.669,8.002,0,0,1.099
0.753,24.934,5.052,80.962,2.713,36.553,0.541,6.406,0,1,1.106
0.968,26.190,4.324,237.378,1.198,4.051,0.505,20.888,0,0,1.128
1.072,29.840,2.740,302.837,0.885,0.770,1.267,8.853,0,0,1.111
0.937,26.921,4.595,351.412,0.950,0.400,1.393,8.576,0,0,1.133
1.165,25.763,6.331,226.331,0.796,7.682,0.319,13.398,0,0,1.112
1.050,29.802,3.519,308.325,0.903,1.209,1.252,10.292,0,0,1.114
1.175,29.580,3.895,125.303,1.455,7.291,0.396,19.857,0,0,1.117
0.963,28.797,10.965,188.145,1.238,2.709,0.456,2.262,0,0,1.105
1.183,29.453,9.903,54.902,2.181,15.954,0.795,11.023,1,0,1.101
1.248,24.686,2.969,157.607,0.958,10.528,0.172,11.951,0,0,1.114
1.153,29.874,2.263,228.599,1.182,0.530,1.692,35.869,0,0,1.124
0.992,29.821,11.451,212.076,1.152,8.118,0.270,23.059,0,0,1.118
0.934,32.975,5.506,248.801,1.250,20.397,0.801,0.332,1,0,1.094
1.144,28.569,1.019,112.389,2.015,4.598,0.452,30.017,0,0,1.135
1.052,30.075,3.406,216.347,1.266,0.400,0.319,17.300,0,0,1.120
1.112,27.795,4.192,227.945,0.972,1.123,0.327,8.760,0,0,1.109
0.984,29.566,2.654,337.540,0.946,5.477,0.493,11.034,0,0,1.125
1.361,20.860,2.181,79.610,1.870,1.042,1.804,38.783,0,0,1.151
1.075,22.456,4.468,256.386,1.091,0.401,0.302,63.389,0,0,1.152
1.014,29.036,6.260,234.177,1.442,5.647,0.793,34.850,0,1,1.142
1.014,29.394,3.635,416.321,0.720,21.721,1.899,16.253,0,0,1.125
1.211,27.111,1.900,129.962,1.343,34.326,1.163,27.855,0,1,1.132
0.966,30.686,15.183,135.616,1.574,4.184,1.652,8.962,0,0,1.108
0.999,30.439,10.236,270.883,1.197,1.377,0.453,45.157,0,0,1.140
0.941,30.589,3.210,240.132,1.336,0.400,1.161,4.887,0,0,1.125
1.095,27.639,4.657,139.622,1.508,3.656,1.088,17.024,0,0,1.121
0.943,31.276,3.934,229.785,1.200,31.334,0.784,38.264,0,0,1.114
0.805,25.705,6.536,174.578,1.964,0.448,2.076,50.149,0,0,1.149
1.183,22.910,2.632,381.673,0.623,1.368,0.448,16.448,0,0,1.120
0.941,27.680,9.514,122.026,1.693,12.246,0.149,13.130,0,0,1.112
1.185,29.816,1.096,277.108,0.776,1.039,0.922,8.154,0,0,1.099
0.953,36.677,6.708,162.758,1.953,12.990,0.905,2.366,0,1,1.135
1.409,25.564,1.535,96.154,2.238,7.090,0.446,48.748,0,1,1.174
1.201,24.458,1.001,121.614,1.701,3.707,0.259,38.708,0,0,1.139
0.912,30.360,3.520,394.117,0.904,10.375,0.296,0.247,0,0,1.136
0.949,28.841,3.549,217.068,1.338,0.830,1.344,0.360,0,0,1.120
1.056,28.946,8.647,152.700,1.143,12.134,1.303,6.456,0,0,1.102
0.968,27.024,4.858,143.932,1.727,1.938,0.712,7.823,0,0,1.121
1.093,27.026,2.789,296.463,0.933,16.328,0.639,15.933,0,1,1.121
0.931,30.438,5.052,249.187,1.256,10.221,1.755,19.092,0,0,1.125
1.069,32.365,1.374,219.922,1.240,0.857,0.351,9.824,0,0,1.114
0.823,37.887,6.415,276.166,1.633,2.571,0.613,3.756,0,0,1.146
1.093,26.517,1.170,418.701,0.740,12.570,1.396,4.494,1,0,1.111
1.012,32.071,9.658,209.818,1.063,8.914,0.532,5.902,0,0,1.101
0.981,30.972,2.730,254.337,1.249,3.211,1.018,15.486,0,0,1.125
0.939,31.771,2.961,147.167,1.884,9.677,1.424,4.209,0,0,1.121
0.935,27.499,13.500,286.325,0.695,43.614,0.699,17.718,0,0,1.123
0.883,30.311,7.961,151.434,2.288,7.593,0.731,8.635,0,1,1.149
1.117,28.452,5.730,225.331,0.944,3.199,1.847,11.788,0,0,1.110
1.036,26.701,12.521,188.236,1.050,3.985,0.750,13.927,0,0,1.114
0.893,29.727,4.627,428.837,0.998,11.383,0.201,6.405,1,0,1.133
1.155,24.740,1.402,163.837,1.530,3.368,0.309,54.012,0,0,1.146
1.047,28.912,2.566,300.257,0.945,6.373,0.824,18.096,0,0,1.120
1.053,29.704,6.596,126.257,1.719,0.400,0.250,5.378,0,0,1.118
0.995,28.797,3.783,210.725,1.451,12.874,0.995,54.577,0,0,1.137
1.132,26.754,4.392,195.401,1.201,12.178,0.766,8.716,0,1,1.125
0.904,32.609,2.503,161.377,1.482,36.786,0.164,21.975,0,0,1.101
1.117,32.389,11.196,233.478,0.639,17.096,1.266,9.133,0,0,1.089
1.024,28.311,5.973,271.013,1.078,2.772,1.872,29.818,0,0,1.130
1.000,27.060,13.858,157.174,1.296,7.255,1.042,26.724,0,0,1.125
0.869,26.933,6.894,90.794,2.725,23.917,1.207,13.476,0,1,1.129
1.063,25.561,6.115,96.206,2.384,0.530,1.282,45.837,0,0,1.153
1.098,27.538,4.446,224.839,1.047,6.087,1.226,22.640,0,0,1.121
1.020,28.249,4.067,277.126,1.119,0.443,0.284,29.082,0,0,1.131
0.959,36.879,5.800,138.186,1.689,22.372,0.762,4.230,0,0,1.098
0.935,34.025,4.566,168.429,1.994,0.724,0.179,5.920,0,0,1.138
1.188,25.625,6.917,166.934,1.498,0.423,2.264,26.634,0,1,1.149
1.172,31.092,12.753,283.094,0.887,3.606,0.542,35.613,1,0,1.107
0.988,26.240,7.789,287.357,0.983,4.876,1.002,26.268,0,0,1.132
1.042,29.681,4.114,256.908,0.884,14.413,1.438,2.578,0,0,1.107
0.955,22.305,4.558,157.598,1.853,4.482,1.005,11.033,0,1,1.141
1.151,28.090,2.484,140.269,1.471,1.004,0.171,12.506,0,0,1.119
0.891,28.014,4.045,135.858,2.167,0.965,0.705,5.438,0,0,1.132
1.149,37.692,7.096,224.660,0.729,3.917,1.166,1.511,0,0,1.071
1.298,31.388,2.678,138.179,0.935,0.696,0.798,2.241,0,0,1.090
1.119,26.108,3.803,183.156,0.811,33.163,0.874,13.379,0,0,1.116
0.973,32.564,3.008,321.990,1.166,0.531,0.652,0.477,1,0,1.113
1.023,30.972,2.926,166.157,1.640,0.429,1.572,8.207,0,0,1.124
0.828,30.016,5.134,350.499,1.294,7.729,0.464,23.092,0,1,1.147
1.205,26.921,3.342,215.834,0.987,2.264,0.814,25.535,0,0,1.121
0.914,30.896,1.322,179.151,1.807,4.127,0.142,5.500,0,0,1.132
1.035,29.834,6.538,80.026,1.542,27.566,1.170,5.570,0,0,1.094
0.958,28.214,11.600,151.239,1.827,5.460,1.181,51.752,0,0,1.151
1.096,26.164,5.246,146.086,1.171,17.870,1.919,18.668,0,0,1.118
0.812,28.872,5.943,280.039,1.392,0.424,2.186,10.584,0,0,1.143
0.977,25.853,10.160,93.745,2.265,0.914,1.907,22.386,0,0,1.134
1.154,31.356,14.398,138.880,0.992,4.583,1.329,14.510,0,0,1.104
0.894,31.998,3.627,353.877,1.215,8.174,0.196,9.796,1,0,1.126
0.804,27.075,11.454,233.877,1.785,0.405,0.513,41.031,0,1,1.161
1.143,26.371,5.856,173.267,1.272,3.383,0.345,35.410,0,0,1.135
1.116,23.559,6.428,260.648,0.815,0.402,0.843,7.097,0,0,1.118
1.099,23.833,7.504,142.288,1.375,0.644,2.079,22.668,0,0,1.130
1.502,27.878,3.860,105.730,1.359,0.400,0.178,40.316,0,0,1.150
1.017,25.854,10.674,99.423,2.207,3.297,2.271,49.202,0,0,1.154
1.243,34.722,8.267,105.724,1.073,5.102,0.420,7.919,0,0,1.092
0.955,29.263,10.928,87.701,2.306,25.067,0.239,6.237,0,1,1.125
0.993,28.793,3.420,167.202,1.949,0.787,1.820,45.090,0,0,1.151
0.996,27.113,4.790,120.819,2.449,3.479,1.164,10.026,0,1,1.155
0.954,26.074,1.664,212.899,1.705,1.012,1.011,20.799,0,1,1.150
0.845,23.292,4.502,115.382,2.262,0.410,1.891,17.890,0,0,1.129
0.902,34.169,1.871,211.757,1.689,13.350,1.541,19.399,0,0,1.131
1.093,31.032,4.598,76.722,2.563,4.756,0.761,5.739,0,0,1.137
1.304,21.585,5.070,291.580,0.710,8.320,1.006,54.263,0,0,1.146
1.027,31.440,13.470,116.979,2.094,3.772,0.259,33.396,0,0,1.147
1.067,28.880,1.238,399.762,0.852,0.876,0.688,32.425,0,0,1.127
0.919,29.094,1.830,305.570,1.247,2.687,0.709,29.335,0,0,1.142
1.136,27.945,1.744,235.913,0.975,0.735,0.269,8.222,0,0,1.112
1.111,25.966,1.591,130.961,1.790,0.401,0.144,26.179,0,0,1.136
1.178,28.290,5.870,181.617,1.445,20.224,1.313,32.393,1,1,1.124
0.897,31.231,2.855,345.368,1.166,0.413,1.573,14.290,0,0,1.143
1.298,27.702,12.296,74.405,2.215,0.400,1.528,22.377,0,1,1.176
0.886,29.704,1.880,189.294,1.350,35.236,1.017,25.446,0,0,1.114
0.970,26.385,5.679,259.186,1.162,12.949,1.226,8.046,1,0,1.112
1.393,24.872,11.176,63.405,2.380,9.517,0.413,53.647,0,1,1.203
1.131,29.920,3.688,200.600,1.096,0.880,0.735,9.296,0,0,1.110
1.039,28.914,3.619,198.397,1.435,0.658,1.192,25.134,0,0,1.132
1.045,22.701,6.119,255.235,0.958,0.509,0.652,16.022,0,0,1.130
0.876,31.149,5.150,142.862,2.208,20.686,0.771,5.705,0,1,1.137
0.937,33.149,2.161,199.566,1.445,15.932,0.178,5.048,0,0,1.116
1.108,19.668,6.176,166.318,0.929,20.423,1.004,8.802,0,0,1.132
1.346,23.012,4.215,189.261,0.908,2.942,1.098,31.257,0,0,1.135
0.856,37.117,7.021,279.925,0.800,70.210,1.864,11.975,0,0,1.080
0.976,29.098,4.690,116.752,1.833,46.751,0.846,57.412,0,1,1.125
0.886,33.721,1.374,282.548,1.409,0.401,1.120,2.556,0,0,1.141
1.073,30.045,3.403,208.572,1.160,1.433,0.354,5.189,0,0,1.112
1.002,25.723,5.660,333.904,1.014,3.839,0.300,59.090,0,0,1.149
0.909,30.790,1.942,201.163,0.760,74.957,1.403,12.973,0,0,1.105
0.894,30.377,13.363,417.550,0.903,1.567,0.748,19.314,0,0,1.142
1.078,26.897,12.975,291.031,0.709,7.921,0.646,18.186,0,0,1.120
0.990,34.088,5.421,288.737,1.192,0.410,0.272,3.916,0,1,1.124
1.127,27.202,4.586,321.509,0.772,0.452,0.916,16.706,0,0,1.118
1.321,25.004,3.727,77.541,1.496,0.406,0.364,1.047,0,0,1.116
1.005,33.912,11.686,399.691,0.699,1.944,1.184,0.981,0,0,1.107
1.130,27.343,7.055,156.408,1.940,0.519,0.784,17.265,1,1,1.138
1.146,30.014,7.620,262.038,0.848,5.345,1.678,26.206,0,0,1.116
1.011,24.286,3.973,252.410,1.141,4.720,0.323,42.737,0,0,1.143
1.254,28.083,1.347,243.571,1.022,0.525,2.161,42.135,0,0,1.127
1.137,29.938,8.811,171.316,1.132,9.622,0.575,28.342,0,0,1.123
1.132,30.304,11.488,164.912,1.007,0.615,0.257,7.025,0,0,1.102
0.904,23.015,4.370,162.320,1.622,1.890,0.657,21.100,0,0,1.132
1.069,28.348,9.408,171.083,1.374,4.296,0.110,34.500,0,0,1.136
0.999,28.823,5.191,175.214,1.770,0.559,0.159,8.316,1,0,1.117
1.073,31.404,5.191,196.715,1.448,0.400,0.468,28.615,0,0,1.133
0.996,28.647,3.841,155.948,2.282,0.462,1.287,27.346,0,1,1.167
0.966,30.221,7.780,243.877,1.314,0.765,0.401,26.337,0,0,1.135
1.242,27.286,1.411,170.433,1.592,1.175,0.822,62.536,0,0,1.154
1.201,25.379,7.196,189.479,1.065,8.948,0.686,4.550,0,1,1.126
1.010,28.159,5.564,425.625,0.713,14.056,1.360,11.754,0,0,1.133
1.009,27.757,1.575,229.519,1.293,0.581,1.296,15.960,0,0,1.130
0.817,35.491,5.888,338.290,0.928,57.611,1.950,8.064,0,0,1.110
1.001,31.721,7.826,358.984,0.905,2.608,0.615,4.909,0,1,1.116
1.174,26.545,6.330,90.628,2.827,3.754,1.429,44.780,0,1,1.184
0.864,26.466,5.196,189.255,2.013,0.574,0.432,16.925,0,1,1.156
0.858,26.093,5.814,268.247,1.144,21.317,0.408,32.253,0,0,1.139
1.178,26.532,6.596,170.322,1.330,6.483,1.233,14.187,0,1,1.136
1.039,31.809,8.912,164.705,1.311,5.417,0.925,5.842,0,0,1.108
0.992,28.487,1.508,117.422,1.990,16.287,0.741,24.676,0,0,1.125
1.020,28.513,4.369,188.253,1.567,4.371,0.920,1.519,0,1,1.135
1.275,22.616,8.149,194.928,0.707,1.615,2.254,3.000,0,0,1.113
1.121,29.602,5.408,151.400,1.670,0.400,0.893,2.100,0,1,1.137
0.935,33.319,7.517,286.883,1.101,19.349,1.303,3.134,0,1,1.117
1.052,31.635,14.835,193.382,1.213,1.692,0.258,1.904,0,1,1.116
1.038,24.964,6.132,181.065,1.329,2.266,0.118,26.256,0,0,1.134
0.983,27.547,4.223,235.637,1.441,17.276,0.143,48.613,0,1,1.145
1.196,25.566,4.642,184.305,1.199,0.871,1.843,36.140,0,0,1.138
1.141,24.861,8.291,160.341,1.582,2.390,1.305,44.244,1,0,1.137
1.038,27.611,12.113,143.500,1.427,19.938,1.993,25.049,1,0,1.108
1.000,26.469,2.035,162.816,2.048,4.434,1.815,27.445,0,1,1.156
0.935,29.788,9.186,145.282,1.685,48.822,1.211,36.460,1,1,1.105
0.900,34.050,8.430,195.050,0.787,79.912,0.607,11.874,0,1,1.093
1.269,22.543,2.463,267.782,0.827,0.421,0.672,34.724,0,0,1.133
1.035,28.231,3.257,102.631,3.198,2.480,0.382,30.566,0,1,1.184
0.966,36.647,12.135,245.898,1.469,0.428,0.714,14.833,0,1,1.138
1.104,28.301,2.561,134.896,1.907,0.452,0.350,30.327,0,0,1.144
1.078,30.944,4.394,211.695,1.304,0.416,0.257,22.713,0,0,1.128
0.810,28.008,4.587,244.622,1.701,2.937,0.361,1.826,0,1,1.152
0.924,25.021,1.755,241.558,0.883,53.463,0.666,28.289,0,0,1.138
1.026,27.506,6.853,259.659,1.487,0.509,0.867,64.339,0,1,1.164
0.782,37.188,7.068,202.093,2.170,12.344,0.641,8.100,0,0,1.149
1.089,27.320,1.512,179.452,1.200,8.439,0.190,4.795,0,0,1.115
0.888,27.781,3.670,291.551,1.241,0.656,0.291,14.405,0,0,1.143
1.155,25.961,1.448,198.723,1.053,0.443,0.800,1.810,0,0,1.113
1.158,21.423,4.013,117.422,0.981,31.777,0.323,4.993,0,0,1.128
0.788,36.165,3.626,168.235,1.259,63.444,0.416,2.987,0,0,1.076
0.801,29.438,6.238,190.575,1.089,76.112,1.598,5.703,0,1,1.117
0.951,28.201,1.850,149.653,1.537,37.622,2.186,65.176,0,0,1.121
0.955,26.598,3.555,151.051,2.033,8.208,1.615,6.834,0,1,1.146
1.092,23.500,4.706,135.585,1.885,0.661,1.894,3.507,0,1,1.143
1.214,24.303,2.209,209.907,1.599,0.400,0.808,72.768,0,1,1.170
1.098,24.928,1.484,403.486,0.876,1.093,1.254,67.157,0,0,1.139
0.996,32.376,3.513,177.108,1.563,2.480,0.760,0.521,0,0,1.122
0.880,29.297,2.303,397.349,1.169,0.611,0.234,46.341,0,0,1.158
1.014,32.893,8.386,200.500,1.076,22.987,1.470,17.651,0,0,1.106
0.871,30.099,6.599,253.254,1.383,2.167,0.192,7.660,0,0,1.135
1.020,21.924,5.668,164.353,1.802,3.148,1.070,41.239,0,1,1.161
0.824,25.983,6.621,192.118,1.682,1.909,1.659,17.156,0,0,1.137
0.864,31.276,5.500,290.818,1.116,27.074,0.866,14.296,0,0,1.127
0.787,27.130,8.313,484.707,0.946,9.343,0.323,11.235,0,0,1.176
0.900,31.414,4.339,487.465,0.959,0.516,0.460,28.141,0,0,1.157
1.063,33.726,5.619,190.761,1.490,16.347,0.202,23.879,0,1,1.132
0.988,26.350,2.652,138.060,1.099,46.194,0.971,25.032,0,0,1.119
0.900,31.561,3.325,159.889,2.040,7.194,0.308,10.864,0,0,1.139
0.951,35.076,10.205,107.152,2.730,17.789,1.246,7.192,0,1,1.155
0.932,28.725,2.743,432.471,0.885,0.420,0.830,3.554,0,0,1.149
1.241,22.810,2.237,196.478,1.295,1.193,1.034,16.988,0,1,1.142
1.216,37.165,7.515,218.334,0.659,0.406,1.537,5.447,0,0,1.075
1.106,28.155,3.498,215.516,0.966,19.131,0.409,20.346,0,0,1.120
0.867,28.008,7.599,309.656,1.262,0.957,0.306,38.750,0,0,1.154
0.918,22.341,4.674,350.834,0.863,23.616,1.106,32.530,0,0,1.157
0.983,31.299,3.689,371.922,1.098,0.429,0.869,43.501,0,0,1.144
0.749,33.957,6.032,316.959,0.865,85.300,0.659,3.607,0,0,1.115
1.014,28.532,4.942,175.290,1.572,15.234,0.440,10.801,0,1,1.136
1.039,26.450,8.802,298.922,1.187,0.405,0.483,52.593,0,1,1.154
1.017,28.143,4.810,161.223,1.630,18.346,0.177,59.954,0,0,1.142
1.079,30.135,1.809,243.725,1.087,0.415,0.830,7.153,0,0,1.118
1.109,27.900,0.610,178.034,1.386,0.426,1.012,12.161,0,0,1.126
1.200,29.424,5.258,237.413,0.827,3.270,2.306,16.286,0,0,1.111
1.083,27.359,2.342,192.896,1.554,19.077,0.275,49.181,0,1,1.148
1.037,22.266,2.501,180.598,1.686,12.858,0.236,64.855,0,1,1.163
0.753,35.163,2.663,237.262,2.665,0.403,1.484,15.449,1,1,1.195
1.012,27.753,15.367,235.034,1.080,8.332,1.283,50.225,0,0,1.151
1.094,30.011,8.726,77.358,2.407,8.718,0.272,24.244,0,0,1.142
1.197,25.715,4.396,320.578,0.644,11.089,1.165,18.569,0,0,1.121
0.974,29.418,5.255,310.596,1.097,0.402,0.285,23.088,0,0,1.138
1.029,32.451,1.614,190.847,1.783,0.422,2.412,28.805,0,0,1.146
0.976,19.129,4.705,239.428,0.928,20.086,0.650,2.566,0,0,1.143
0.898,28.293,8.410,128.385,2.353,1.496,1.143,26.865,0,0,1.149
1.011,34.387,3.106,221.468,1.356,1.180,0.974,3.837,0,0,1.122
1.146,28.941,6.007,195.254,1.137,5.207,0.871,1.512,1,0,1.095
1.095,26.864,2.770,195.394,1.020,45.681,0.461,19.370,0,1,1.132
0.951,32.436,8.071,311.194,1.076,1.050,0.842,10.232,0,0,1.129
0.979,31.058,2.683,190.326,1.728,3.159,0.652,24.680,0,0,1.142
0.954,21.699,1.778,235.863,1.485,8.940,0.466,64.445,0,1,1.161
0.988,29.517,7.413,97.575,3.368,0.418,0.525,12.008,0,1,1.191
0.955,28.620,1.481,303.340,1.241,11.773,0.295,56.420,0,0,1.144
1.118,25.798,2.654,351.734,0.860,6.979,0.849,50.041,0,0,1.137
1.050,33.906,10.850,323.984,0.718,18.635,0.377,16.315,0,0,1.105
1.064,29.183,11.228,187.578,0.635,36.969,0.197,3.588,0,0,1.103
1.221,24.540,3.240,234.790,1.134,0.408,1.379,61.275,0,0,1.153
1.331,25.519,0.656,216.167,1.197,2.160,1.457,32.969,0,1,1.141
0.893,29.358,2.114,279.629,0.804,64.455,0.149,3.401,0,0,1.130
1.010,23.180,2.703,169.276,1.411,10.330,1.145,35.132,0,0,1.140
1.055,26.563,4.249,233.539,1.306,8.336,0.375,22.507,0,1,1.142
0.986,27.580,6.981,332.114,0.924,3.258,0.306,16.462,0,0,1.135
1.152,30.516,1.616,232.689,1.146,0.492,0.431,25.512,0,0,1.125
0.990,31.434,12.404,215.246,1.588,0.404,0.435,26.713,0,1,1.153
1.275,23.571,1.742,62.172,2.975,0.515,0.362,60.670,0,0,1.172
1.035,24.523,3.870,300.708,0.955,18.775,0.286,8.484,1,0,1.121
1.191,29.680,1.524,154.272,1.345,1.675,1.672,12.230,0,0,1.120
1.345,23.827,5.567,78.707,3.020,0.456,0.798,68.275,0,1,1.211
1.144,23.077,7.763,74.280,2.695,1.219,0.407,8.477,0,1,1.159
1.296,28.088,1.290,134.508,1.368,8.877,0.328,32.810,0,0,1.133
1.006,26.519,3.224,258.523,1.199,12.177,0.114,7.442,0,1,1.136
0.983,38.276,1.840,173.057,1.424,49.885,0.898,4.704,1,1,1.079
1.235,26.074,2.276,128.003,2.525,0.556,1.801,70.153,0,1,1.193
1.082,24.468,5.607,180.839,1.244,6.070,0.942,29.515,0,0,1.138
0.777,29.961,5.072,187.999,2.084,0.400,0.112,0.469,0,0,1.150
1.037,22.779,6.301,161.709,1.380,6.143,0.916,38.026,0,0,1.145
1.280,26.260,5.756,83.158,1.495,3.683,0.512,9.065,0,0,1.125
0.900,27.722,4.261,196.184,1.659,17.821,0.596,11.384,0,1,1.142
1.173,25.783,3.969,282.811,0.910,0.591,1.563,37.187,0,0,1.135
0.942,28.174,9.705,312.434,1.100,1.776,0.293,37.285,0,0,1.148
0.953,34.580,4.230,253.996,0.843,48.686,0.501,8.292,0,0,1.097
1.068,26.985,10.709,216.325,1.277,3.689,0.197,22.252,0,1,1.143
1.012,28.229,1.908,275.691,1.276,4.632,0.266,17.688,0,1,1.140
0.807,25.236,5.582,257.916,1.421,1.561,1.591,29.043,0,0,1.152
0.960,32.291,8.097,133.532,1.693,17.336,0.246,8.371,0,0,1.113
1.012,33.491,1.814,346.634,0.982,2.486,0.774,10.797,0,0,1.126
1.280,21.804,4.809,204.100,1.285,3.672,0.493,47.240,0,1,1.165
0.949,34.904,5.115,255.773,0.993,33.385,0.323,8.572,0,0,1.103
1.292,24.073,2.265,284.215,0.784,0.408,1.414,35.047,0,0,1.130
1.103,27.186,3.305,155.210,1.862,15.364,0.250,48.678,0,1,1.158
1.079,23.960,4.057,227.919,0.807,43.633,0.322,46.096,0,0,1.146
0.941,28.365,5.879,255.082,1.250,2.597,2.188,17.387,0,0,1.137
1.162,29.046,5.598,208.274,1.008,7.829,0.487,24.112,0,0,1.123
0.931,24.712,6.535,104.141,1.891,34.439,0.684,3.202,0,1,1.126
0.982,32.180,4.672,162.831,0.861,53.026,1.904,7.665,0,0,1.094
1.025,28.462,4.143,246.928,1.274,16.477,0.746,65.870,0,0,1.145
1.191,27.997,3.016,309.374,0.777,3.940,1.119,25.679,0,0,1.120
1.087,29.439,3.199,228.340,1.265,2.897,1.631,32.999,0,0,1.136
1.036,24.430,6.465,118.711,1.925,0.439,0.265,33.018,0,0,1.146
1.118,34.251,4.053,156.847,2.288,0.473,0.565,53.543,0,0,1.175
1.181,33.420,5.984,155.731,1.330,1.078,0.288,16.908,0,0,1.121
1.039,28.038,2.663,134.991,2.150,0.455,2.768,35.646,0,0,1.154
1.209,24.091,3.042,187.644,1.311,10.207,1.421,22.944,0,1,1.146
1.047,25.142,7.066,79.865,3.529,0.666,0.551,39.356,0,1,1.189
1.021,24.669,4.776,179.080,1.724,5.790,0.152,29.739,0,1,1.156
1.000,32.851,4.066,143.464,2.120,0.631,1.764,9.939,0,0,1.147
1.066,26.145,3.414,243.760,1.115,4.166,0.380,27.793,0,0,1.136
0.806,29.111,1.991,182.352,2.090,5.315,0.240,19.114,0,0,1.151
1.026,30.072,8.411,133.793,1.592,7.331,0.169,7.773,0,0,1.119
1.044,27.569,0.857,301.486,0.989,6.620,0.337,18.168,0,0,1.132
1.002,29.022,1.552,407.759,0.839,2.590,1.416,6.660,0,0,1.138
1.124,28.572,10.101,106.349,1.410,4.729,0.189,3.092,0,0,1.112
1.018,30.729,1.355,308.408,0.956,8.990,1.918,4.685,0,0,1.124
0.860,22.364,6.801,289.423,1.123,7.818,1.198,59.539,0,0,1.163
0.928,33.707,7.633,294.879,1.076,30.796,0.552,5.697,1,0,1.101
1.104,24.339,2.346,303.483,0.962,4.910,0.431,46.928,0,0,1.144
1.140,22.310,6.639,360.065,0.715,0.613,0.142,35.345,0,0,1.143
1.397,29.671,3.822,142.106,1.487,0.413,1.930,53.379,0,0,1.159
1.347,22.184,7.041,91.115,2.247,0.400,1.048,41.090,0,1,1.189
0.900,27.448,5.190,152.877,2.196,0.402,2.262,41.026,0,0,1.158
1.156,29.246,4.357,86.032,2.729,1.170,1.387,35.474,0,0,1.168
1.192,26.008,0.779,245.717,1.276,0.525,1.127,70.411,0,0,1.153
1.079,29.724,6.153,190.964,1.522,2.019,0.478,12.438,0,1,1.143
1.233,24.722,4.825,315.291,0.667,4.839,1.834,24.402,0,0,1.126
1.021,29.447,7.081,250.217,1.123,0.959,0.530,15.838,0,0,1.129
0.996,31.111,2.365,299.354,1.075,24.414,1.068,11.542,1,0,1.110
1.026,26.402,5.774,316.815,0.903,5.289,0.388,19.475,0,0,1.136
1.057,23.484,9.742,317.397,0.693,13.910,2.771,6.250,0,0,1.134
1.055,28.746,2.406,168.335,1.668,0.405,1.501,22.693,0,0,1.141
1.054,28.627,9.741,234.636,0.954,1.267,1.315,3.866,0,0,1.114
1.097,22.174,4.049,193.378,1.707,0.403,1.221,68.083,0,1,1.178
0.986,30.304,6.009,228.716,1.258,1.236,0.311,6.272,0,0,1.126
0.886,32.575,1.387,230.433,0.830,72.708,0.232,8.380,0,0,1.106
0.886,27.875,6.326,213.201,1.565,0.441,0.593,17.820,0,0,1.143
1.175,29.240,7.562,82.430,2.063,1.390,1.262,14.045,0,0,1.140
0.996,24.126,2.045,268.002,1.009,14.413,0.823,15.217,0,0,1.140
1.083,25.384,3.103,134.581,1.820,0.855,1.653,32.064,0,0,1.146
1.006,27.934,5.309,135.973,1.955,0.420,1.210,19.066,0,0,1.142
0.888,34.793,10.344,207.177,1.746,1.240,0.684,8.319,0,0,1.141
1.159,30.245,6.644,162.058,1.641,2.216,0.200,25.681,1,0,1.126
0.939,22.496,2.174,238.043,1.308,2.528,1.796,47.722,0,0,1.154
0.784,31.463,9.326,235.030,1.895,3.205,0.126,4.169,0,1,1.160
0.807,24.804,1.748,190.502,1.740,8.699,0.502,36.054,0,0,1.147
0.880,30.629,8.320,261.014,1.429,1.221,1.080,22.078,0,0,1.147
1.026,21.534,3.175,64.929,2.471,3.555,0.250,1.809,0,0,1.123
1.279,25.354,3.544,284.329,0.844,0.400,0.578,46.497,0,0,1.137
1.315,26.033,1.739,218.303,0.834,3.431,0.840,18.757,0,0,1.120
0.843,30.422,10.295,274.909,1.282,3.578,0.196,1.598,0,0,1.135
1.086,32.941,6.843,127.930,1.735,5.222,0.113,11.033,0,0,1.128
1.026,28.099,1.566,115.839,2.277,1.367,1.877,14.192,0,0,1.146
1.004,31.662,11.584,247.905,0.969,4.579,0.235,1.210,0,0,1.109
1.027,30.266,1.847,283.236,0.996,7.169,0.842,2.918,0,0,1.123
1.164,30.926,1.679,223.460,1.097,0.402,1.720,16.335,0,0,1.120
1.042,29.745,2.267,281.255,0.836,26.269,1.260,6.385,0,0,1.120
0.788,30.164,5.188,203.109,1.578,56.264,1.780,7.881,1,1,1.107
1.084,27.160,8.013,144.243,1.580,0.977,0.353,26.433,0,0,1.142
0.939,27.557,7.202,339.528,0.899,20.418,0.232,19.444,0,0,1.141
0.997,30.188,7.422,113.393,2.077,23.730,1.973,11.652,0,1,1.138
0.969,30.507,5.032,159.497,1.667,9.036,1.350,8.690,0,0,1.128
1.050,29.707,7.403,198.281,1.239,2.331,0.225,12.192,0,0,1.125
0.882,29.017,13.158,267.200,1.125,12.416,2.074,17.725,0,0,1.133
1.061,29.805,2.756,119.831,2.264,4.564,2.409,29.197,0,0,1.152
1.181,28.467,3.157,104.949,2.572,0.410,1.453,55.632,0,0,1.176
0.905,32.631,2.290,267.590,1.571,1.120,0.315,4.635,0,1,1.155
0.851,35.364,5.089,282.700,1.630,3.344,1.192,22.196,0,0,1.159
0.983,24.131,12.114,90.720,2.739,0.670,1.587,6.015,0,1,1.156
0.977,33.974,7.427,157.229,1.756,3.905,1.643,0.756,0,0,1.127
0.993,26.974,2.706,145.517,2.113,0.401,0.590,41.276,0,0,1.157
0.959,27.813,14.112,215.547,1.177,3.764,1.845,18.306,0,0,1.130
0.944,27.880,5.946,308.560,1.168,9.057,0.864,52.573,0,0,1.152
1.058,25.439,5.294,203.812,1.781,0.453,0.993,65.716,0,1,1.178
1.129,25.593,5.149,183.601,1.327,3.797,1.949,42.043,0,0,1.149
0.955,29.579,2.949,192.358,1.099,77.747,0.216,20.652,1,1,1.105
0.874,30.818,5.239,328.975,1.466,1.329,1.665,41.875,0,1,1.162
0.966,32.780,9.464,128.411,2.524,13.257,0.987,53.990,0,0,1.162
1.011,27.567,2.959,192.705,1.808,1.964,0.999,66.138,0,0,1.164
1.120,28.319,3.088,133.317,1.709,4.915,0.161,22.701,0,0,1.138
0.921,31.155,14.401,351.778,0.777,26.339,0.654,6.185,0,0,1.124
1.006,37.261,5.502,225.522,1.000,26.808,0.457,5.251,0,0,1.094
0.889,35.972,7.912,152.358,0.934,74.718,1.476,1.554,0,1,1.084
1.113,23.580,9.602,109.293,2.017,2.815,0.397,8.151,0,1,1.152
1.015,30.398,2.826,240.478,1.204,0.446,0.461,2.282,0,0,1.126
0.965,28.910,4.940,337.683,0.883,24.145,0.750,16.865,0,0,1.136
0.990,27.764,3.722,194.692,1.391,32.607,1.530,28.263,0,1,1.139
1.108,28.428,6.983,181.617,1.603,2.719,0.415,25.990,0,1,1.156
1.467,24.523,1.327,273.181,0.824,11.910,0.464,46.158,0,1,1.134
1.209,25.863,3.808,222.292,0.869,16.968,0.347,29.515,0,0,1.133
0.888,33.960,9.329,279.742,1.239,8.952,0.381,5.840,0,0,1.130
1.082,27.054,2.854,367.194,0.719,9.847,1.425,3.765,0,0,1.129
0.873,32.517,12.883,138.152,1.189,69.241,0.628,32.426,0,1,1.106
0.749,26.157,2.189,106.934,2.394,26.759,0.172,38.558,0,0,1.120
0.757,27.942,7.651,168.644,2.102,17.634,2.222,5.563,1,0,1.117
1.093,29.962,7.747,150.111,1.262,9.519,1.388,9.394,0,0,1.117
1.119,33.522,5.129,79.740,2.897,0.400,1.144,4.116,0,0,1.168
0.931,31.504,11.206,229.079,1.687,7.261,1.293,9.986,1,1,1.133
1.062,30.087,2.014,118.614,2.241,0.412,1.343,12.334,0,0,1.149
1.173,25.591,1.344,271.797,0.974,1.069,0.527,31.638,0,0,1.136
1.078,28.715,1.816,255.883,0.992,11.586,0.651,13.018,0,0,1.125
1.028,28.820,3.918,310.056,0.944,1.919,0.520,6.464,0,0,1.129
1.099,23.788,2.278,206.224,0.952,40.594,1.970,62.540,0,0,1.150
0.949,27.589,3.357,240.243,1.568,0.515,0.311,14.747,0,1,1.154
1.083,31.039,3.753,162.436,1.623,0.439,0.446,15.214,0,0,1.136
0.975,26.943,3.123,370.149,0.933,8.899,0.139,25.184,0,0,1.148
0.939,28.459,5.772,305.174,1.081,5.710,0.639,13.934,0,0,1.141
1.205,27.594,10.206,90.163,1.457,0.401,1.867,4.134,0,0,1.121
1.033,32.553,7.926,244.810,0.674,45.067,0.307,10.317,0,0,1.103
1.035,26.965,1.920,341.400,0.892,1.124,0.546,6.337,0,0,1.136
1.345,27.473,1.376,103.777,2.876,0.400,1.106,64.190,0,1,1.206
1.260,25.959,2.255,143.722,1.357,7.752,0.100,33.902,0,0,1.143
0.832,29.834,6.012,275.314,1.032,43.091,0.656,4.476,0,0,1.131
1.091,26.944,3.311,239.928,1.200,0.497,0.742,34.500,0,0,1.143
0.766,34.075,0.756,229.474,1.563,54.779,0.776,60.855,0,0,1.102
1.260,24.322,1.312,119.782,2.145,4.450,0.776,37.166,0,1,1.172
1.086,27.026,8.499,148.694,1.391,0.632,1.140,11.265,0,0,1.128
1.101,25.656,11.644,282.472,0.857,0.847,0.867,34.348,0,0,1.144
0.748,32.162,4.152,337.660,1.072,56.811,0.582,8.765,0,0,1.141
1.019,29.014,1.028,124.402,1.545,28.786,0.923,15.621,0,0,1.118
0.858,24.733,9.495,351.133,1.012,4.962,0.336,21.408,0,0,1.157
0.763,27.202,2.039,320.344,1.370,3.029,0.501,8.417,0,0,1.168
0.970,28.017,6.355,226.851,1.507,0.400,1.139,6.850,0,1,1.147
0.892,30.986,3.279,161.812,2.300,10.150,0.314,11.383,1,0,1.135
1.164,29.784,1.227,159.604,1.430,2.865,0.764,14.877,0,0,1.129
0.869,31.585,10.439,314.888,1.191,6.042,1.966,15.523,0,0,1.144
1.229,27.179,7.279,156.228,1.114,0.959,1.751,17.374,0,0,1.129
0.936,25.200,4.338,208.897,1.546,6.369,0.710,62.583,0,0,1.160
1.158,27.052,3.506,181.307,1.101,0.954,0.785,1.259,0,0,1.117
1.042,29.375,5.504,399.394,0.727,11.332,1.976,9.914,0,0,1.131
0.962,35.007,7.704,260.209,1.012,19.685,0.903,1.111,0,0,1.109
1.001,28.019,1.290,162.689,1.502,22.486,0.422,30.008,0,0,1.131
1.029,24.359,9.095,224.666,1.142,0.456,1.686,30.311,0,0,1.146
0.928,32.881,3.952,386.461,1.024,1.183,1.693,6.499,0,0,1.146
1.136,24.552,5.501,96.643,1.920,4.456,0.797,27.611,0,0,1.146
0.827,28.585,2.165,102.085,1.810,43.262,1.115,4.534,0,0,1.103
0.985,25.316,9.964,243.152,1.063,29.908,1.405,33.968,1,0,1.129
1.087,26.751,3.204,139.844,1.653,0.531,1.015,10.920,0,0,1.134
0.941,32.553,9.841,283.936,0.838,32.975,1.664,1.576,0,0,1.112
1.074,30.531,4.760,243.895,1.381,0.432,0.127,48.113,0,0,1.152
1.189,28.474,2.658,104.953,1.910,25.682,1.252,28.638,0,1,1.150
1.100,33.207,1.488,223.549,1.571,3.122,1.983,46.594,0,0,1.149
0.799,29.289,4.264,132.781,2.516,25.614,0.434,8.232,0,1,1.146
0.991,30.743,5.118,145.079,2.296,3.785,1.227,41.651,0,0,1.165
0.890,32.502,4.145,256.510,1.483,0.455,1.100,4.340,0,0,1.147
0.867,32.426,2.027,285.307,1.426,10.278,1.118,18.344,0,0,1.150
1.046,32.599,6.827,188.616,1.105,30.991,0.783,2.350,0,1,1.115
1.198,32.440,4.561,251.352,0.883,0.442,1.903,0.963,0,1,1.109
0.909,30.146,7.223,315.310,0.765,53.416,1.832,1.976,0,0,1.131
1.230,25.096,5.664,172.034,1.588,0.400,1.364,39.041,0,1,1.170
0.967,32.199,10.734,211.996,0.736,50.423,0.825,8.494,0,0,1.102
1.056,24.236,7.162,291.330,1.214,0.420,0.963,56.406,0,1,1.164
1.154,28.451,5.727,167.595,1.086,10.554,0.935,12.459,0,0,1.121
0.962,27.102,1.674,112.519,1.529,67.431,0.859,72.055,0,1,1.127
1.335,25.709,2.295,118.655,2.467,0.505,0.388,65.093,0,1,1.200
1.111,28.173,7.286,145.730,1.350,3.577,0.754,8.929,0,0,1.125
0.823,35.241,6.867,162.195,1.927,38.526,0.597,4.710,0,1,1.124
0.921,28.204,6.077,310.813,1.036,34.959,1.660,17.945,0,1,1.140
0.875,30.523,3.886,180.704,2.112,0.717,0.320,21.110,0,0,1.161
1.046,36.029,6.162,158.708,1.205,20.778,0.836,2.109,0,0,1.097
0.939,33.525,8.295,215.589,1.406,6.052,0.107,2.985,0,0,1.127
1.160,22.306,5.280,141.743,1.569,18.851,0.304,30.851,0,1,1.162
0.928,35.732,3.197,176.759,2.396,3.518,0.137,25.881,0,0,1.175
0.973,28.608,2.554,172.869,1.805,6.925,0.109,33.470,0,0,1.149
1.178,30.772,10.013,207.898,1.285,0.825,1.445,30.237,0,1,1.152
1.079,25.235,6.334,162.382,1.818,6.380,1.203,39.390,0,1,1.168
0.755,33.540,2.595,359.379,0.974,76.648,0.278,17.385,0,0,1.131
1.098,32.452,2.052,148.473,0.940,38.954,0.241,7.613,0,0,1.099
1.027,26.567,2.280,329.912,1.183,3.735,0.936,45.221,0,1,1.150
1.231,29.014,1.504,114.541,1.650,43.416,0.659,58.882,0,1,1.146
1.122,26.641,6.580,191.820,1.364,2.244,0.799,47.311,0,0,1.157
0.820,28.610,3.403,323.155,1.345,7.427,0.964,35.978,0,0,1.163
1.167,26.015,8.508,133.258,1.687,10.203,0.402,24.591,0,1,1.160
1.003,30.616,4.051,266.548,1.121,31.068,1.016,55.005,0,0,1.132
0.749,30.893,8.343,204.814,2.211,0.494,1.967,25.293,0,0,1.171
0.900,29.609,8.432,247.342,1.320,5.650,0.216,12.784,0,0,1.139
1.092,33.582,5.367,301.598,0.894,14.521,0.678,26.118,0,0,1.119
1.076,28.335,3.698,327.183,0.878,0.431,0.697,12.786,0,0,1.131
0.976,27.826,4.112,150.149,2.241,2.107,1.481,9.117,0,1,1.165
1.088,26.836,3.680,264.465,0.960,0.694,0.998,5.774,0,0,1.128
1.014,25.709,6.741,140.736,2.037,7.364,1.170,19.415,0,1,1.159
1.295,25.378,0.735,137.644,1.751,0.447,1.072,13.759,0,1,1.157
1.099,32.564,3.977,233.646,1.136,2.458,0.945,14.286,0,0,1.124
1.167,36.050,2.129,340.392,0.807,0.402,0.546,20.028,0,0,1.107
1.174,28.151,9.676,78.254,2.220,1.553,1.570,24.458,0,0,1.157
1.303,24.023,2.431,127.594,1.522,0.404,0.981,32.601,0,0,1.153
1.022,25.540,3.678,184.758,1.799,0.402,0.333,35.060,1,0,1.141
0.944,23.936,1.841,138.478,1.894,8.970,1.396,38.481,0,0,1.147
1.164,29.554,4.152,121.087,1.712,3.990,1.280,17.688,0,0,1.138
0.949,34.020,2.452,376.072,1.022,1.330,0.502,2.129,0,0,1.143
1.123,26.693,6.301,286.800,0.929,0.611,0.846,31.212,0,0,1.141
1.148,28.815,0.842,259.614,1.304,0.998,1.919,59.349,0,0,1.151
1.169,30.354,3.528,349.073,0.698,2.441,0.498,13.928,0,0,1.115
0.849,26.083,1.673,310.814,1.447,0.658,0.453,22.311,0,1,1.166
0.875,31.900,7.872,191.445,1.390,25.105,0.765,2.522,0,0,1.117
1.019,28.842,5.328,361.197,0.849,0.412,1.813,4.270,0,0,1.135
1.164,27.145,7.742,205.929,1.180,0.402,0.709,40.068,0,0,1.151
0.896,27.275,9.207,175.456,1.635,3.633,0.954,11.899,0,0,1.137
1.450,31.505,7.815,139.151,0.912,4.630,0.360,0.467,1,1,1.104
1.177,30.208,5.486,163.604,1.407,0.514,0.598,25.112,0,0,1.140
1.204,25.093,2.050,147.441,1.398,0.400,0.596,15.421,0,0,1.136
1.060,27.592,2.406,136.205,2.284,10.365,2.215,35.204,0,1,1.169
1.071,28.406,9.147,229.102,1.190,29.002,0.210,19.833,1,1,1.123
1.018,32.088,4.881,187.503,1.092,27.128,0.990,5.881,0,0,1.110
1.054,36.656,3.477,237.711,1.337,1.700,0.758,1.388,0,1,1.133
1.211,28.071,6.216,138.204,1.660,1.440,2.203,43.287,0,0,1.161
1.435,18.144,0.629,63.549,2.889,0.832,0.674,35.664,0,1,1.184
0.965,30.161,5.536,264.186,0.976,44.085,0.215,44.501,0,0,1.129
0.932,25.539,10.342,160.507,2.034,1.008,1.105,19.255,0,1,1.163
0.843,34.261,4.494,410.544,1.039,30.125,0.620,5.565,0,1,1.141
1.042,21.447,4.055,294.154,1.058,1.979,1.026,9.487,1,0,1.132
0.900,26.457,3.701,222.237,1.480,1.110,0.339,11.592,0,0,1.147
0.976,29.816,2.349,200.565,1.529,0.730,1.265,2.986,0,0,1.139
1.108,29.013,7.485,211.761,1.031,0.412,0.148,5.696,0,0,1.120
0.963,27.062,2.012,239.789,1.343,7.118,0.300,27.098,0,0,1.148
0.933,26.791,5.209,197.796,1.656,9.129,0.466,2.253,0,1,1.149
1.091,21.061,5.337,250.416,0.998,5.619,0.626,41.959,0,0,1.159
0.825,32.679,3.548,238.851,1.286,43.698,0.337,18.831,0,0,1.123
0.951,29.263,9.930,209.661,0.925,37.958,0.401,9.603,0,0,1.119
0.917,28.249,2.342,324.518,1.120,7.620,0.880,13.445,0,0,1.152
1.206,26.909,4.040,88.819,3.135,0.408,1.311,40.321,0,1,1.202
0.982,35.724,10.332,220.250,1.346,0.995,0.518,3.337,0,0,1.125
1.225,30.885,11.184,144.253,1.000,3.338,0.332,14.081,0,0,1.120
0.789,32.371,6.592,233.807,1.750,20.920,0.339,40.251,0,0,1.149
1.180,28.015,7.201,247.705,0.860,8.130,0.132,27.396,0,0,1.133
1.100,27.232,1.211,151.954,1.654,13.322,0.775,43.276,0,0,1.147
1.052,29.799,0.635,128.252,1.963,10.019,0.757,15.517,0,0,1.140
0.994,26.496,9.732,137.701,1.967,0.784,1.347,43.098,0,0,1.164
0.964,27.203,3.258,195.158,1.665,0.425,0.725,29.675,0,0,1.154
1.272,22.585,0.878,103.566,1.768,7.188,0.295,37.946,0,0,1.156
0.818,29.102,4.505,440.702,0.833,73.916,0.724,47.180,0,0,1.148
1.255,22.779,4.213,154.506,1.657,0.891,1.723,49.233,1,0,1.153
1.196,20.019,1.424,160.307,1.755,0.401,0.426,31.799,0,1,1.168
0.933,30.273,7.184,204.806,1.550,0.844,1.340,8.090,0,0,1.141
1.096,27.442,0.962,297.918,1.054,5.628,0.729,8.525,0,1,1.136
1.262,30.484,7.628,90.987,1.204,25.520,0.296,7.840,1,0,1.099
1.123,28.724,1.879,287.803,0.975,6.315,1.213,27.094,0,0,1.134
1.080,28.377,4.004,204.952,1.426,0.594,1.167,33.348,0,0,1.150
1.004,26.751,7.080,156.589,2.019,0.408,0.216,12.368,0,1,1.163
0.904,24.189,1.877,116.455,2.971,5.238,0.714,39.532,0,1,1.175
1.104,23.083,3.248,188.607,1.308,3.744,0.412,35.302,0,0,1.152
1.049,22.222,2.471,244.851,1.292,4.145,0.870,9.667,0,1,1.151
1.075,28.843,10.827,335.405,0.739,2.830,1.964,11.613,0,0,1.127
0.899,30.328,3.445,459.809,0.943,24.610,1.321,0.555,1,0,1.152
0.913,26.180,9.375,347.563,1.093,1.600,0.511,5.902,1,0,1.138
1.030,25.844,4.548,145.098,2.068,0.598,0.189,3.264,0,1,1.159
1.119,20.626,3.808,256.169,1.123,5.147,0.223,8.370,0,1,1.149
1.037,23.069,5.097,230.484,0.763,51.262,0.458,29.320,0,0,1.158
0.885,26.118,7.988,185.253,1.633,26.560,0.594,33.796,0,1,1.152
0.852,26.606,7.981,181.677,1.198,39.099,0.270,14.789,0,0,1.128
1.055,27.750,5.120,316.466,0.928,0.555,0.271,15.881,0,0,1.138
1.090,29.013,3.198,185.473,1.430,2.841,1.093,20.744,0,0,1.140
1.042,23.263,6.655,299.633,1.095,0.729,0.310,21.128,0,1,1.151
1.154,24.509,2.271,283.356,1.006,0.400,1.025,41.988,0,0,1.149
1.031,22.967,7.426,163.434,1.856,1.434,1.106,34.461,0,1,1.171
0.818,33.702,1.728,264.910,1.206,65.290,2.253,58.354,0,0,1.103
0.851,28.494,8.732,100.114,2.776,34.629,0.608,64.958,0,1,1.144
1.104,30.401,9.204,108.921,1.036,28.061,0.462,4.080,0,0,1.105
1.047,33.222,7.137,320.621,0.858,1.109,0.231,1.744,0,0,1.119
1.149,30.569,1.983,232.076,0.896,11.686,0.463,4.514,0,0,1.115
0.980,28.697,4.051,188.668,1.453,22.695,1.260,5.499,1,0,1.114
1.085,25.559,4.251,166.741,1.568,0.710,1.460,34.051,0,0,1.154
1.175,28.562,2.753,266.701,0.917,0.400,0.516,16.591,0,0,1.127
1.027,23.708,2.644,176.546,1.475,5.283,1.005,30.056,0,0,1.149
1.132,25.349,1.537,138.946,2.042,1.105,0.575,11.192,0,1,1.163
1.036,29.862,7.794,295.689,0.932,9.549,1.880,18.375,0,0,1.134
1.229,23.708,5.676,284.163,0.823,1.477,0.254,38.183,0,0,1.148
1.132,24.108,1.839,149.499,1.788,4.994,0.343,65.902,0,0,1.169
1.103,30.427,2.596,177.072,1.618,0.400,0.252,25.487,0,0,1.148
0.861,30.514,9.211,265.641,1.300,9.482,0.248,7.887,0,0,1.142
0.848,32.445,5.077,262.723,1.789,0.853,1.037,9.216,1,0,1.153
0.933,27.907,12.225,283.477,1.334,0.444,0.241,31.047,0,1,1.161
1.282,23.107,3.491,246.204,0.743,18.646,1.031,28.196,0,0,1.146
0.895,29.930,6.082,211.709,1.760,0.461,0.985,25.906,0,0,1.160
1.218,24.468,2.428,350.661,0.817,0.400,1.749,50.633,0,0,1.144
0.915,26.375,4.827,197.721,1.552,1.776,2.394,10.063,0,0,1.144
1.136,26.508,3.755,373.354,0.699,0.404,0.823,8.540,0,0,1.131
0.993,27.777,2.825,125.215,1.898,14.517,1.377,17.771,0,0,1.137
0.980,27.545,10.841,110.800,1.702,18.852,0.810,23.151,0,0,1.132
1.145,23.085,1.961,211.592,0.982,35.961,0.878,67.124,0,0,1.160
1.376,23.287,5.379,213.172,1.275,1.169,0.364,58.991,0,1,1.180
1.078,29.415,4.128,218.759,1.404,1.207,1.345,6.957,0,1,1.146
0.950,29.328,6.209,295.152,1.077,7.159,1.505,7.418,0,0,1.140
1.155,22.100,6.900,58.224,3.198,6.558,0.660,26.760,0,1,1.175
1.011,28.385,5.435,139.874,1.736,8.503,1.506,13.872,0,0,1.138
0.954,28.070,1.682,417.567,0.974,0.415,0.927,23.379,0,0,1.160
0.905,26.440,6.830,365.212,1.061,0.601,0.399,31.643,0,0,1.164
1.071,29.107,2.873,286.062,0.980,1.080,1.849,6.601,0,0,1.131
1.075,24.334,5.630,195.052,1.382,0.783,0.621,44.028,0,0,1.161
1.227,22.307,5.009,235.737,1.183,1.796,0.261,34.610,0,1,1.161
0.987,25.801,1.951,213.036,1.144,30.342,0.890,30.712,0,0,1.143
0.973,27.987,2.162,167.668,1.879,7.401,1.403,37.894,0,0,1.155
1.028,31.412,4.740,219.840,1.350,2.070,0.257,13.409,0,0,1.138
0.801,29.373,4.695,342.044,1.413,4.291,0.146,14.091,0,1,1.170
1.445,23.092,5.781,226.442,0.951,0.771,0.640,66.579,0,0,1.176
1.053,20.476,4.619,438.862,0.867,0.752,0.200,61.355,1,0,1.152
0.813,29.566,15.172,126.905,2.616,1.731,0.233,15.161,0,0,1.156
1.231,21.383,1.003,129.967,1.000,38.220,1.563,18.584,0,0,1.152
1.064,26.391,3.240,248.037,1.136,4.351,1.376,24.271,0,0,1.145
0.951,31.085,3.631,203.621,1.964,1.178,0.487,15.793,0,1,1.172
1.124,29.461,6.907,115.828,1.726,4.488,0.532,12.677,0,0,1.138
1.321,27.246,4.287,103.311,2.326,1.564,1.249,34.630,0,1,1.191
0.922,27.466,0.544,190.988,1.935,10.329,1.158,15.926,0,1,1.164
0.928,26.682,2.675,187.191,1.392,22.245,0.502,16.169,0,0,1.138
1.031,26.194,6.423,174.263,1.428,1.262,0.121,12.423,0,0,1.139
1.016,29.498,6.344,240.566,1.164,1.569,0.860,6.629,0,0,1.133
0.842,29.891,3.507,166.528,1.776,21.815,1.675,4.772,0,0,1.133
1.153,26.206,3.510,100.152,2.591,8.858,0.472,33.126,0,1,1.179
1.055,26.196,8.217,154.200,1.374,0.663,0.752,0.496,0,0,1.126
1.002,35.433,14.555,348.683,0.876,3.077,0.497,14.660,0,0,1.126
0.894,29.139,5.054,147.409,2.207,0.441,1.544,4.423,0,0,1.154
1.285,29.702,2.500,274.118,0.678,7.231,0.924,17.013,0,0,1.114
1.127,21.601,4.391,239.980,1.124,0.424,0.374,54.269,0,0,1.167
1.099,23.533,7.220,363.853,0.694,3.973,0.776,7.822,0,0,1.142
0.992,30.000,4.603,245.891,0.775,69.958,0.669,0.474,1,0,1.111
1.128,23.526,3.307,219.768,1.162,0.835,1.232,29.716,0,0,1.151
1.271,26.706,2.365,354.165,0.754,34.437,0.947,34.076,1,1,1.110
1.036,33.547,6.303,171.529,1.133,32.074,0.130,16.749,0,0,1.111
0.922,28.028,5.664,285.088,1.247,3.053,0.446,23.012,0,0,1.155
1.133,26.379,4.595,132.477,1.510,0.402,0.732,2.323,0,0,1.131
1.172,25.846,6.244,241.142,0.860,0.401,0.154,6.938,0,0,1.127
0.958,35.728,6.930,325.862,1.080,11.128,0.480,2.038,0,1,1.130
1.362,24.620,5.237,200.459,0.781,0.596,1.296,14.148,0,0,1.131
0.987,24.437,4.684,87.603,1.840,22.262,0.111,7.688,0,0,1.125
0.906,32.661,13.241,228.776,1.254,11.271,0.496,2.363,0,0,1.124
1.011,30.849,4.152,218.720,1.542,6.350,1.166,38.155,0,0,1.154
1.071,35.806,5.354,119.100,1.999,10.471,0.528,7.042,0,0,1.138
0.942,29.933,9.470,183.887,2.214,1.947,0.918,44.466,0,1,1.190
1.333,30.308,2.861,248.298,0.777,0.487,0.388,6.234,0,1,1.113
1.026,25.995,7.755,250.429,1.182,0.402,1.949,35.330,0,0,1.156
1.025,28.717,3.051,266.827,1.041,18.679,1.219,20.732,0,0,1.139
0.798,27.155,8.968,292.709,1.165,43.901,1.880,9.804,0,1,1.151
1.121,33.988,3.224,343.194,0.765,0.400,1.014,4.065,0,0,1.114
1.000,26.561,2.665,220.218,1.279,20.231,0.692,43.890,0,0,1.150
1.278,22.117,3.872,268.359,0.728,7.418,1.675,17.387,0,0,1.141
1.108,26.807,0.486,255.649,1.223,0.798,0.742,37.753,0,0,1.151
0.996,31.425,13.899,284.545,0.951,0.449,0.974,5.119,0,0,1.126
1.149,25.777,5.298,89.528,2.066,23.545,0.615,16.778,0,1,1.156
1.086,27.360,6.315,162.653,1.227,28.932,1.332,46.554,0,0,1.147
0.945,25.255,2.704,261.650,1.430,0.404,0.706,61.316,0,0,1.171
1.067,33.140,4.440,319.106,1.148,0.402,0.844,25.096,0,1,1.142
0.759,32.767,6.477,144.724,1.332,83.176,0.814,8.097,0,1,1.103
1.173,27.379,2.230,188.151,1.369,0.403,0.556,29.578,0,0,1.149
1.343,24.712,1.447,86.106,2.332,0.756,0.657,49.593,0,0,1.179
1.320,29.067,6.670,129.766,1.510,12.573,0.160,29.549,0,1,1.166
0.919,28.697,2.718,245.341,1.633,1.514,0.855,45.893,0,0,1.168
1.153,23.008,1.547,230.778,1.404,0.455,0.434,35.569,0,1,1.164
1.108,28.853,10.993,153.642,1.459,0.401,0.638,23.971,0,0,1.148
0.870,28.200,2.598,295.876,1.456,10.739,0.737,25.935,0,1,1.165
1.200,28.050,1.864,253.462,0.919,1.064,0.267,13.065,0,0,1.128
1.336,25.859,6.249,165.782,1.483,1.784,1.993,39.570,0,1,1.178
1.157,26.536,5.259,96.901,2.703,1.000,0.413,19.014,0,1,1.187
1.122,27.442,8.044,257.977,1.174,0.491,0.145,29.388,1,0,1.136
0.811,28.099,11.509,142.750,2.139,6.075,1.548,4.436,0,0,1.140
1.260,28.520,2.274,147.235,1.475,0.433,0.275,25.396,0,0,1.147
1.105,25.710,2.756,251.660,1.434,0.966,0.537,48.597,0,1,1.168
0.982,28.240,3.209,212.861,1.451,0.425,0.182,8.716,0,0,1.146
1.141,30.407,4.960,245.548,0.666,61.408,0.280,19.977,0,1,1.128
0.964,31.096,2.184,243.619,1.621,21.708,0.438,50.351,1,0,1.133
1.097,27.102,7.679,103.019,2.741,4.688,0.172,33.486,0,1,1.191
0.885,31.085,5.388,275.257,0.983,44.157,0.583,4.154,0,0,1.132
0.903,29.296,5.853,194.399,1.693,7.878,0.820,20.811,0,0,1.151
1.120,28.947,2.523,166.699,2.074,1.771,0.259,37.624,0,1,1.181
1.021,22.738,1.457,258.821,1.216,0.642,1.579,40.791,0,0,1.162
0.869,24.742,4.463,157.228,2.362,0.951,0.905,11.636,0,1,1.172
1.080,26.382,1.419,125.481,2.216,14.182,0.721,23.792,0,1,1.166
1.241,25.714,1.963,122.690,2.052,0.400,0.316,12.628,0,1,1.170
1.015,35.275,10.313,182.381,1.756,0.410,0.287,1.261,0,1,1.156
0.777,29.271,3.277,182.490,2.413,11.781,0.648,17.142,0,1,1.177
1.181,30.217,4.670,269.301,0.980,3.323,0.966,33.395,0,0,1.138
1.241,23.410,3.692,232.662,1.101,0.557,0.792,52.570,0,0,1.165
1.109,27.968,2.345,165.572,1.682,15.751,0.556,32.700,1,0,1.132
1.346,26.751,0.465,134.287,1.792,0.404,1.375,51.166,0,0,1.171
0.940,38.465,2.282,239.060,1.449,14.278,0.340,0.487,0,0,1.134
0.905,29.208,2.189,203.494,1.201,60.913,1.642,22.541,1,0,1.111
0.833,34.787,9.641,227.650,1.130,46.827,1.181,1.005,0,0,1.109
1.037,29.932,2.801,263.370,0.962,25.095,0.703,13.413,0,0,1.132
1.060,29.364,12.368,391.474,0.643,2.830,0.559,1.881,0,0,1.128
1.148,25.817,2.081,122.865,2.314,0.949,1.737,16.387,0,1,1.176
1.429,19.994,2.668,248.624,0.844,1.097,1.134,43.976,0,0,1.161
0.894,32.687,4.238,191.646,2.169,0.557,0.908,23.415,0,0,1.176
1.069,29.974,2.285,222.248,1.298,1.440,1.778,13.002,0,0,1.141
0.841,27.472,2.461,254.872,1.324,42.222,2.011,15.437,0,1,1.152
1.311,23.855,3.666,264.500,0.972,1.016,0.866,61.171,0,0,1.164
0.822,35.973,3.603,319.577,0.925,68.964,1.078,1.985,0,0,1.121
1.121,29.584,5.440,208.013,1.035,3.057,0.169,0.458,0,0,1.122
1.040,28.919,4.754,103.476,2.225,6.532,0.289,8.639,0,0,1.147
1.138,29.114,3.358,220.790,1.402,0.400,1.292,18.158,0,1,1.154
0.900,28.978,1.913,296.284,1.615,0.566,1.115,40.651,1,0,1.160
0.875,27.800,9.511,128.587,1.691,26.827,0.302,16.436,0,0,1.127
1.000,27.236,1.765,217.701,0.933,44.549,1.339,6.618,0,0,1.137
1.124,30.080,4.826,225.742,1.068,4.464,0.259,13.061,0,0,1.131
0.899,30.633,7.078,179.897,2.148,9.505,0.701,59.593,0,0,1.174
1.005,30.202,4.586,181.909,1.672,23.095,0.472,64.433,0,0,1.152
1.129,25.489,0.984,225.071,1.421,2.449,0.799,63.868,0,0,1.167
1.125,26.953,6.093,139.685,2.336,0.950,0.378,48.235,0,1,1.196
0.987,29.201,1.730,332.904,1.122,11.946,2.518,14.304,0,1,1.149
0.996,31.557,9.826,230.038,1.228,5.521,0.518,12.367,0,0,1.136
0.859,34.322,2.599,289.393,1.444,13.358,2.408,11.451,0,0,1.156
1.077,30.387,1.000,293.778,1.358,2.034,1.650,37.768,1,0,1.140
0.968,24.307,5.343,185.797,1.855,2.006,1.419,24.890,0,1,1.171
1.070,26.924,1.136,224.844,1.326,0.459,0.161,22.035,0,0,1.150
1.139,26.706,2.992,241.752,1.294,0.429,0.665,19.924,0,1,1.154
0.882,23.586,7.965,351.906,1.110,0.571,1.174,67.363,0,0,1.183
1.026,32.499,1.290,84.267,2.902,17.952,1.075,14.724,0,0,1.153
1.086,29.655,3.613,284.306,1.110,0.618,1.430,29.116,0,0,1.147
1.016,31.464,4.727,122.305,1.508,25.951,0.941,1.109,0,0,1.117
0.931,25.173,8.557,271.093,1.269,12.380,0.577,30.538,1,0,1.145
0.870,22.368,3.441,251.485,0.989,45.047,1.350,10.345,0,0,1.165
1.019,32.739,2.978,213.871,2.025,0.579,1.437,39.298,0,1,1.186
1.124,31.640,4.124,235.004,0.931,6.666,1.896,0.350,0,0,1.118
0.850,33.186,2.147,190.439,1.108,78.873,0.942,1.794,0,1,1.118
0.961,23.846,3.527,230.712,1.414,0.570,1.440,43.959,0,0,1.167
1.173,29.221,3.631,186.924,1.287,0.402,1.539,19.095,0,0,1.141
1.155,24.329,0.713,212.590,1.303,23.765,0.178,38.006,0,1,1.160
1.073,27.476,9.879,204.614,0.783,31.608,0.303,7.145,0,0,1.130
1.215,26.238,2.156,178.334,1.699,9.079,0.862,50.886,0,1,1.176
1.112,25.983,3.985,248.314,1.060,1.112,0.320,18.444,0,0,1.145
1.218,21.970,1.400,250.948,0.960,0.615,0.574,21.643,0,0,1.148
1.184,21.594,0.902,109.139,2.356,0.409,1.192,11.338,0,1,1.172
0.940,36.464,5.023,255.403,0.964,55.965,1.671,6.863,0,1,1.109
0.991,23.775,2.586,220.112,1.214,13.283,0.685,17.339,0,0,1.151
1.221,27.196,2.150,95.272,2.559,15.671,0.829,43.167,0,1,1.181
1.138,23.126,3.966,310.042,0.810,16.936,0.570,34.786,0,0,1.157
1.182,31.833,0.876,210.372,1.107,1.934,0.983,7.363,0,0,1.125
1.349,22.988,2.323,359.652,0.755,1.929,2.393,68.369,0,0,1.151
0.934,35.250,7.982,227.451,1.312,22.876,0.409,12.921,0,0,1.128
1.282,23.420,1.517,126.674,1.619,5.802,0.709,40.533,0,0,1.165
1.083,27.999,2.770,236.991,0.951,20.655,0.330,6.994,0,0,1.134
1.043,27.660,2.880,267.179,1.200,5.127,1.264,33.712,0,0,1.155
0.911,35.049,4.155,316.657,0.828,73.973,0.924,12.685,0,1,1.114
1.079,25.497,8.877,205.033,1.358,0.418,1.037,3.234,0,1,1.150
0.939,27.905,4.368,268.382,1.244,10.306,0.298,22.923,0,0,1.155
1.028,30.740,3.154,120.212,2.453,1.028,0.732,12.087,0,0,1.168
0.999,30.104,9.863,188.283,1.440,19.593,1.093,46.660,0,0,1.153
1.050,33.471,4.321,147.778,1.890,19.762,1.433,38.422,0,0,1.147
0.986,30.481,2.561,234.507,0.906,63.463,1.461,0.475,1,0,1.113
1.042,27.685,11.542,261.260,0.919,1.136,0.948,2.508,0,0,1.131
1.260,25.437,1.067,178.348,1.195,2.571,0.454,19.208,0,0,1.144
0.757,32.913,6.216,259.769,1.538,25.108,0.652,4.560,0,0,1.151
1.234,25.935,4.592,149.554,1.587,8.366,0.311,19.216,0,1,1.165
1.221,24.595,10.523,296.775,0.711,3.432,1.255,34.067,0,0,1.153
0.893,26.452,8.274,241.118,1.490,4.212,1.005,53.718,0,0,1.174
0.880,30.593,1.468,238.254,1.780,1.205,0.297,25.583,0,0,1.172
1.031,26.694,5.151,215.648,1.509,1.687,0.333,8.165,0,1,1.158
0.975,25.898,4.922,183.729,1.616,5.580,1.449,35.709,0,0,1.161
1.194,29.934,2.743,265.743,1.044,0.502,1.361,32.667,0,0,1.142
0.975,26.608,8.877,149.570,1.990,6.653,0.550,5.194,0,1,1.161
1.366,24.955,2.392,108.463,2.188,0.451,0.664,29.711,0,1,1.190
0.932,30.987,1.866,185.487,1.952,0.439,0.620,9.122,0,0,1.164
0.929,30.629,8.607,212.892,1.550,1.030,0.687,10.064,0,0,1.150
1.098,30.394,2.629,272.057,1.265,12.027,0.599,11.400,1,1,1.130
1.117,25.203,15.211,130.017,1.778,0.854,0.399,16.372,0,1,1.170
0.997,25.072,4.291,394.688,0.918,4.807,1.067,38.692,0,0,1.166
1.114,28.690,3.455,201.941,1.261,0.864,0.834,11.404,0,0,1.140
0.938,30.833,6.531,226.743,1.283,15.250,1.889,5.401,0,0,1.137
0.909,27.173,5.354,389.163,1.012,0.411,0.190,12.136,0,0,1.168
0.940,26.124,5.394,413.860,0.949,13.982,0.999,13.743,0,1,1.159
0.925,31.612,11.566,237.406,1.322,6.192,1.585,9.528,0,0,1.142
0.702,34.595,11.128,249.823,2.031,4.095,1.004,0.735,0,0,1.178
0.731,22.023,2.947,464.796,1.061,1.140,0.488,1.902,0,0,1.214
0.884,35.810,6.786,334.800,1.401,0.401,0.846,9.449,0,1,1.166
1.205,25.572,2.695,267.982,1.099,4.459,1.126,61.530,0,0,1.163
1.227,26.196,2.334,156.752,1.992,0.406,0.349,43.785,0,1,1.187
0.964,28.885,3.512,202.362,1.289,23.386,0.886,11.825,0,0,1.138
1.109,24.012,4.794,262.147,0.967,3.877,1.719,17.412,0,0,1.149
1.100,29.392,12.167,159.615,1.386,0.403,0.550,18.992,0,0,1.146
0.915,30.867,4.820,330.791,1.283,0.468,0.379,6.395,0,1,1.161
0.905,29.515,5.136,217.651,1.211,32.475,0.978,9.585,0,0,1.136
0.985,27.710,0.779,263.845,1.341,2.270,0.473,25.750,0,0,1.159
0.967,28.637,10.906,86.550,3.258,0.578,0.353,27.189,0,0,1.185
1.072,27.395,7.524,240.922,1.153,7.408,0.889,38.379,0,0,1.157
0.915,28.397,14.056,174.630,1.744,11.953,0.354,8.735,0,1,1.153
1.121,26.614,5.324,84.796,3.138,0.402,0.816,11.047,0,1,1.195
0.833,27.456,12.613,362.965,1.164,2.365,1.987,1.952,0,1,1.160
1.240,26.258,4.842,250.301,0.815,0.400,1.784,11.780,0,0,1.133
1.151,32.272,3.943,190.957,1.352,0.431,0.161,17.400,0,0,1.142
1.137,30.602,0.668,152.724,1.459,16.316,1.108,18.350,0,0,1.136
1.028,33.123,8.465,154.041,1.426,12.995,0.472,1.449,0,0,1.123
0.872,30.434,2.736,301.309,1.357,9.674,1.148,20.672,0,0,1.164
1.198,25.812,10.691,185.508,0.985,0.665,0.984,16.494,0,0,1.142
1.067,29.380,3.241,278.790,1.331,0.499,1.460,28.853,0,1,1.160
1.010,26.688,9.129,224.018,1.143,5.199,0.542,9.919,0,0,1.142
0.930,30.063,10.940,474.089,0.663,58.453,0.744,14.625,0,0,1.161
0.994,31.500,1.668,277.971,1.171,17.184,1.393,20.574,0,0,1.144
0.874,34.255,14.254,274.900,1.174,17.389,0.311,4.518,0,0,1.132
1.015,26.736,5.518,248.220,1.190,14.759,0.687,43.899,0,0,1.159
1.150,28.170,4.248,149.604,1.169,16.105,1.099,5.412,0,0,1.129
0.928,22.398,3.203,280.243,1.123,14.987,1.274,45.540,0,0,1.170
1.098,25.482,7.117,153.280,1.380,0.402,0.882,3.860,0,0,1.137
0.938,32.777,8.832,283.877,1.125,11.738,0.715,5.605,0,0,1.139
1.059,27.456,5.673,223.334,1.459,1.404,0.455,15.551,0,1,1.161
1.291,25.717,4.988,244.334,1.025,0.946,0.925,53.341,0,0,1.164
0.931,30.051,3.407,233.780,1.573,2.421,1.718,19.269,0,0,1.161
0.985,27.138,9.306,255.230,1.162,18.990,0.832,9.437,0,1,1.150
0.947,27.147,13.281,249.858,1.083,7.521,0.212,10.289,0,0,1.143
0.762,32.969,10.394,290.059,1.643,0.529,0.484,6.793,0,0,1.175
0.987,37.752,2.624,189.277,1.461,22.824,1.988,3.794,0,0,1.123
1.300,24.489,1.664,113.131,2.307,0.453,0.209,31.441,0,1,1.190
1.261,28.811,7.799,137.449,1.166,0.517,1.167,10.280,0,0,1.135
0.882,35.437,2.302,290.379,1.434,14.036,0.763,12.071,0,0,1.157
0.987,27.054,1.305,154.568,1.801,10.194,0.378,18.963,0,0,1.151
1.159,28.490,1.404,279.099,1.013,27.865,0.132,6.000,1,1,1.123
0.928,25.326,9.382,149.983,1.105,41.883,1.283,11.317,0,0,1.136
1.096,24.640,3.354,306.042,1.104,0.410,0.973,62.265,0,0,1.170
0.861,32.871,3.577,227.951,1.309,38.038,0.220,7.758,0,0,1.132
1.043,24.458,11.255,137.972,2.193,5.893,2.125,16.484,1,1,1.157
0.765,27.343,6.351,315.478,1.254,18.660,1.094,2.956,0,0,1.169
0.793,29.024,5.063,378.472,0.915,68.980,0.556,25.764,0,0,1.163
0.825,27.818,4.432,193.993,1.522,31.322,0.702,28.587,0,0,1.145
1.052,27.669,4.632,123.739,2.606,0.812,0.242,15.615,0,1,1.189
1.074,30.242,8.546,110.307,2.153,0.586,0.866,10.950,0,0,1.158
1.305,26.102,1.814,252.087,1.014,0.434,1.073,16.074,0,1,1.143
0.834,28.981,5.431,272.791,1.511,1.615,0.951,16.477,0,0,1.170
1.019,24.746,4.655,197.012,1.400,0.477,1.568,15.501,0,0,1.153
0.985,29.273,9.323,106.327,3.270,2.147,1.772,22.022,0,1,1.208
0.878,31.739,3.912,395.069,1.205,3.827,0.480,13.619,0,1,1.167
0.916,24.408,5.481,171.071,2.306,0.417,0.434,59.375,0,1,1.195
1.099,27.967,7.418,258.563,0.740,30.940,0.325,11.940,0,0,1.137
1.080,24.070,3.023,193.049,1.686,0.527,0.595,21.630,0,1,1.171
0.983,33.962,5.354,167.753,1.927,12.437,0.372,0.103,0,1,1.160
0.883,32.144,6.768,121.406,3.026,1.952,1.422,4.118,0,0,1.187
1.240,30.209,8.111,68.966,1.660,10.766,0.525,5.661,0,0,1.135
1.012,28.276,2.193,162.960,2.124,0.703,1.584,44.422,0,0,1.177
1.017,23.936,3.970,202.578,1.335,2.436,0.588,12.280,0,0,1.151
0.938,31.006,10.864,265.887,1.258,0.412,1.103,10.150,0,0,1.150
1.112,25.879,3.299,282.636,0.898,15.385,1.497,20.900,0,0,1.149
1.186,25.454,9.640,195.879,1.089,0.457,1.167,28.641,0,0,1.157
1.084,25.303,5.911,273.821,0.940,0.729,0.988,5.362,0,0,1.143
0.955,26.456,2.112,153.983,1.671,17.489,1.076,15.114,0,0,1.146
1.040,28.323,9.299,222.350,1.218,1.341,0.352,17.713,0,0,1.148
1.256,27.030,3.911,232.320,1.275,1.879,2.164,68.969,0,0,1.175
0.779,33.898,6.925,389.913,1.301,4.057,2.738,1.070,0,0,1.185
1.034,28.291,5.450,99.191,2.471,23.625,0.421,22.806,0,1,1.164
1.013,25.379,6.839,130.629,2.286,11.875,0.316,40.135,0,1,1.181
1.172,32.772,1.689,154.271,1.513,25.993,0.285,21.162,0,1,1.146
0.920,25.635,3.065,289.179,1.356,0.400,1.237,48.953,0,0,1.176
1.307,25.298,5.054,195.393,1.088,2.166,0.429,37.703,0,0,1.161
0.925,32.866,7.955,171.775,1.941,1.694,1.072,1.031,0,0,1.156
0.901,26.377,5.582,266.023,1.085,47.939,0.579,7.995,1,0,1.139
1.121,20.460,2.507,168.582,1.446,1.442,1.049,37.652,0,0,1.168
1.198,33.297,3.051,241.246,0.885,7.740,1.192,11.432,0,0,1.120
1.081,30.887,11.781,307.347,0.840,10.205,0.952,25.117,0,0,1.141
0.824,28.960,14.328,306.038,1.358,3.888,0.872,0.823,1,0,1.144
1.210,25.860,3.663,238.691,0.928,12.963,0.555,28.544,0,0,1.149
1.046,29.718,2.635,287.454,0.959,16.482,0.685,7.875,0,0,1.141
0.995,33.029,1.985,273.071,0.770,54.698,0.297,1.396,0,0,1.124
1.086,21.426,1.145,162.479,1.508,0.673,1.776,14.049,0,0,1.154
1.039,27.966,7.980,92.214,2.218,28.578,0.317,35.449,1,0,1.128
0.981,27.091,2.884,348.865,1.149,5.206,1.184,23.301,0,1,1.162
1.278,22.156,4.473,124.193,1.397,0.435,0.484,11.720,0,0,1.151
1.029,28.981,6.468,405.093,0.896,3.800,0.370,15.797,0,1,1.146
1.134,24.997,10.163,201.921,1.321,0.412,0.882,59.739,0,0,1.187
1.025,31.179,7.590,263.639,1.144,8.269,0.751,21.841,0,0,1.147
0.993,24.356,5.342,112.033,2.737,8.951,1.133,44.314,0,1,1.186
1.377,28.049,3.656,145.282,1.267,2.929,0.556,31.499,0,0,1.157
1.278,18.801,2.237,298.377,1.100,1.119,1.457,69.281,0,1,1.178
1.121,31.065,5.949,156.216,2.015,8.820,1.241,34.825,0,1,1.182
1.066,29.707,3.412,161.233,1.888,6.025,1.416,4.112,0,1,1.166
0.911,24.451,3.666,241.750,1.124,58.815,0.378,46.487,0,1,1.163
1.006,28.039,6.684,170.523,1.778,1.933,0.590,31.374,0,0,1.167
1.153,28.943,2.934,280.531,0.877,0.590,0.241,3.888,0,0,1.132
1.127,28.510,7.211,130.769,2.334,0.423,1.245,26.703,0,1,1.195
1.141,25.133,3.419,118.976,1.711,0.569,1.189,0.874,0,0,1.144
1.008,26.472,6.415,215.598,1.215,6.801,0.327,5.180,0,0,1.145
0.891,29.892,3.641,166.599,1.625,51.318,1.385,33.130,0,1,1.141
1.035,29.166,8.992,103.215,1.842,13.494,0.350,4.614,0,0,1.136
0.962,30.035,4.741,198.489,1.597,2.305,0.794,4.705,0,0,1.153
0.837,36.060,4.674,235.849,1.920,3.118,1.373,0.618,0,0,1.178
1.172,35.327,6.933,180.235,1.632,0.683,0.881,1.928,1,1,1.142
1.208,21.384,1.497,194.356,1.697,3.699,0.287,68.912,0,1,1.193
1.044,31.720,6.184,155.427,1.528,24.861,0.818,32.060,0,0,1.142
0.997,23.926,2.267,195.879,1.740,3.237,0.962,8.646,0,1,1.170
1.048,31.755,4.005,157.851,2.155,0.755,0.158,4.512,0,1,1.182
1.233,25.281,4.551,209.388,1.399,8.423,0.615,48.260,0,1,1.179
0.973,31.434,2.907,268.588,1.205,9.727,0.699,3.155,0,0,1.148
1.161,27.089,8.639,191.799,1.051,0.763,0.134,7.953,0,0,1.138
0.898,28.828,6.211,175.301,2.080,10.576,1.326,9.880,0,1,1.172
0.986,28.707,5.070,237.916,1.318,2.303,0.390,9.784,0,0,1.153
0.903,33.917,0.966,103.319,2.742,29.267,0.222,12.068,0,0,1.144
1.131,27.697,2.657,147.774,2.057,1.087,1.071,51.434,0,0,1.181
1.461,29.644,4.882,94.722,1.690,0.404,0.836,10.159,0,1,1.176
1.213,26.534,3.626,272.567,0.776,13.001,1.419,15.391,0,0,1.141
1.114,20.312,2.863,381.588,0.772,3.497,0.927,23.038,0,0,1.167
1.174,28.107,3.346,238.061,1.513,2.737,0.423,55.822,0,1,1.179
0.899,33.955,3.863,366.216,1.194,1.617,0.885,5.710,0,0,1.169
1.201,24.442,3.106,193.490,1.388,3.700,0.832,9.109,0,1,1.161
0.989,21.864,0.567,180.339,1.531,14.926,1.055,69.832,0,0,1.173
1.258,25.097,1.979,208.873,1.652,1.596,0.967,67.012,0,1,1.190
1.008,27.026,8.718,260.403,1.063,0.529,0.886,1.678,0,0,1.144
0.863,30.469,1.184,154.690,2.241,29.881,1.318,15.376,0,1,1.161
1.264,28.956,14.320,181.932,0.981,5.898,0.425,15.112,0,1,1.153
1.146,24.439,3.834,128.960,2.001,5.107,1.204,63.137,0,0,1.185
0.946,28.684,4.377,189.101,1.781,29.547,0.620,51.470,0,1,1.164
1.171,26.739,1.778,140.182,2.323,0.401,1.159,36.000,0,1,1.195
0.958,30.223,6.053,133.862,2.204,3.942,0.365,4.680,0,0,1.160
1.061,32.645,3.431,319.800,0.944,1.303,0.565,1.841,0,0,1.138
0.965,33.269,1.297,220.139,1.680,7.365,0.971,17.182,0,0,1.162
1.272,21.678,4.187,318.815,0.710,1.488,0.966,21.366,0,0,1.152
0.996,29.390,4.388,256.192,1.339,25.951,2.520,3.100,1,1,1.137
1.246,23.373,4.708,210.457,1.024,9.358,1.102,36.222,0,0,1.165
1.146,29.245,2.659,301.542,0.876,5.886,0.268,14.125,0,0,1.139
0.966,24.219,4.675,264.190,1.108,16.074,1.595,23.812,0,0,1.164
1.058,29.891,3.717,279.193,1.242,1.412,0.593,8.384,1,0,1.137
0.869,28.959,10.337,379.982,0.907,48.657,0.973,50.083,0,0,1.161
0.887,23.813,1.760,296.865,1.080,25.003,1.173,2.957,0,0,1.172
0.999,33.352,1.544,214.536,1.414,35.133,0.556,19.962,0,1,1.143
1.177,25.657,6.696,147.717,1.375,0.827,0.383,13.460,0,0,1.150
0.926,32.961,5.944,358.115,1.046,28.623,0.310,0.375,1,0,1.136
0.850,23.754,1.771,211.470,1.956,3.166,1.894,29.098,0,1,1.183
1.069,32.827,10.952,276.841,1.005,6.677,0.380,23.226,0,0,1.143
1.116,21.613,1.946,321.500,0.889,0.802,1.446,15.661,0,0,1.160
0.956,30.233,2.038,110.485,1.171,82.970,0.347,11.306,0,1,1.132
1.082,22.741,1.519,192.941,1.499,0.460,0.488,42.616,0,0,1.172
0.976,24.871,4.131,196.201,1.546,19.018,0.698,5.854,0,1,1.163
1.147,36.483,1.566,257.640,0.930,9.014,0.751,5.346,0,0,1.117
1.199,35.753,4.798,183.197,1.540,6.557,1.481,6.003,1,1,1.137
0.827,26.849,5.310,274.344,1.566,4.119,0.172,2.683,1,0,1.158
1.003,25.854,1.588,189.000,1.599,7.252,1.258,29.755,0,0,1.163
0.818,36.433,5.433,419.928,1.341,5.992,1.106,0.291,1,0,1.178
1.118,28.213,4.126,172.556,1.645,2.560,0.447,36.062,0,0,1.168
0.820,25.747,2.601,211.945,1.769,1.040,0.370,8.369,0,0,1.170
1.017,31.195,5.510,281.922,1.089,7.735,0.456,10.266,0,0,1.147
1.191,25.768,4.186,139.231,2.242,0.465,0.563,43.235,0,1,1.200
1.321,24.823,5.509,109.595,2.111,0.413,1.310,24.261,0,1,1.194
0.868,25.243,6.423,219.989,1.441,22.362,0.205,71.961,0,0,1.174
0.806,36.193,4.539,213.709,1.753,28.874,0.661,1.997,0,0,1.146
1.013,23.967,2.059,166.299,1.440,16.881,0.809,15.685,0,0,1.153
1.322,28.661,5.486,146.273,1.108,0.535,0.719,11.633,0,0,1.140
1.065,29.990,12.344,170.509,0.994,21.898,1.486,6.855,0,0,1.127
1.011,23.916,6.115,375.801,1.084,1.095,0.335,56.224,0,1,1.173
0.997,30.451,11.157,129.129,2.270,7.606,2.099,2.217,0,1,1.173
1.107,28.643,4.266,162.569,1.956,3.182,1.610,20.345,0,1,1.181
0.978,29.927,3.999,309.103,1.394,0.434,0.984,55.375,0,0,1.179
1.117,22.940,7.859,160.543,1.793,0.465,1.038,26.206,0,1,1.183
1.057,24.950,2.021,183.147,1.522,0.884,0.220,16.281,0,0,1.159
1.312,23.207,2.786,203.058,1.064,5.915,1.218,34.913,0,0,1.165
0.937,31.360,3.250,102.826,1.579,65.023,1.117,4.091,0,1,1.126
1.116,31.260,2.199,259.725,1.096,2.264,0.716,12.039,0,0,1.143
1.402,25.027,1.360,159.903,1.236,0.423,0.431,27.937,0,0,1.160
0.972,31.174,6.203,176.504,1.185,50.922,0.414,3.160,1,0,1.108
1.046,30.720,5.478,229.292,1.500,3.687,0.783,14.551,1,0,1.143
0.981,31.493,0.950,352.631,1.091,0.410,0.127,5.989,0,0,1.163
1.073,29.424,4.903,182.000,1.301,15.846,0.136,15.740,0,0,1.145
1.338,23.458,6.211,230.347,0.838,0.628,0.315,25.669,0,0,1.157
1.014,30.648,2.165,219.565,0.976,48.816,1.171,19.659,0,0,1.135
0.909,32.860,2.399,284.666,1.001,65.692,0.641,12.190,0,1,1.136
1.014,27.243,3.505,227.851,1.213,23.605,0.632,34.116,0,0,1.157
1.308,25.297,8.543,150.509,1.676,0.412,0.259,38.700,0,1,1.198
1.048,30.300,2.557,250.885,1.188,3.143,1.381,4.134,0,0,1.148
1.107,27.989,4.283,124.294,2.453,0.795,0.321,11.708,0,1,1.191
1.176,35.392,6.993,272.716,0.894,9.653,1.234,25.774,0,0,1.130
0.959,29.835,6.174,164.339,2.214,2.177,0.266,3.019,0,1,1.183
0.899,35.974,9.098,348.991,1.193,0.742,0.176,1.615,0,0,1.162
1.299,24.039,2.865,310.227,0.715,5.111,0.444,23.603,0,0,1.148
1.155,33.254,7.219,328.131,0.675,8.473,0.508,7.709,0,0,1.122
1.347,32.331,6.160,168.375,1.233,1.934,0.162,38.441,0,0,1.161
0.984,26.360,6.402,113.758,2.787,9.043,0.970,28.835,0,1,1.190
0.832,32.006,4.040,241.260,1.779,4.933,0.902,8.731,0,0,1.177
1.249,28.457,3.135,162.027,1.672,1.747,1.022,19.099,0,1,1.175
1.123,29.699,7.479,205.540,0.881,21.340,1.331,5.398,0,0,1.131
0.947,27.928,0.512,234.415,1.664,5.113,1.616,45.552,0,0,1.176
1.113,35.102,4.327,364.145,0.775,0.405,0.194,4.349,0,0,1.128
0.853,33.691,7.537,354.987,1.135,17.380,1.287,0.335,0,0,1.163
1.286,24.580,2.675,129.053,1.935,0.686,0.315,58.706,0,0,1.192
1.205,22.486,6.521,199.280,1.169,0.400,1.320,36.748,0,0,1.173
1.010,23.525,5.248,176.445,1.758,12.185,0.197,28.721,0,1,1.177
0.843,26.712,0.728,266.530,1.289,29.598,1.000,19.781,0,0,1.167
1.372,24.028,6.124,91.840,2.323,0.434,0.477,28.059,0,1,1.205
0.991,29.725,6.830,165.913,1.631,6.439,0.314,3.428,0,0,1.148
0.968,34.229,2.521,181.168,1.983,1.643,0.967,2.357,0,0,1.171
1.136,28.400,1.728,117.269,1.978,1.098,1.478,3.434,0,0,1.157
1.120,26.244,10.182,170.519,1.516,0.416,0.191,45.170,0,0,1.182
0.998,30.788,6.844,215.840,1.180,18.189,0.436,4.408,0,0,1.139
1.242,30.655,10.663,125.186,1.379,0.419,2.189,16.899,0,0,1.153
1.246,26.771,3.286,304.434,0.761,1.778,0.955,16.873,0,0,1.141
1.060,26.097,5.744,309.008,0.943,5.655,1.878,16.848,0,0,1.158
1.092,34.366,7.306,132.039,1.546,25.364,0.888,1.615,1,0,1.109
1.008,31.183,4.919,241.761,1.627,0.424,1.788,44.839,0,0,1.180
1.252,29.874,2.788,140.852,2.050,0.542,0.213,25.187,0,1,1.191
1.173,27.698,2.444,144.133,1.878,2.285,0.181,38.374,0,0,1.175
1.101,26.986,2.424,147.558,2.064,2.483,0.455,49.768,0,0,1.182
0.721,31.940,4.931,344.122,1.280,72.744,1.307,12.135,1,1,1.140
1.236,22.842,7.441,286.801,0.626,36.113,1.148,35.683,0,0,1.174
1.040,27.481,2.355,180.343,1.577,0.402,1.960,4.746,0,0,1.156
0.716,34.675,2.943,113.067,2.086,75.264,0.257,3.499,1,0,1.072
1.295,25.351,5.532,69.395,3.456,0.400,2.095,41.887,0,1,1.227
1.078,25.442,4.673,234.091,1.336,9.196,0.527,17.305,0,1,1.167
1.175,36.317,7.115,181.490,0.863,18.427,0.305,6.795,0,0,1.109
1.376,20.378,4.495,272.224,0.641,16.680,0.406,18.561,0,0,1.164
1.365,22.018,2.358,307.377,0.698,22.897,0.219,50.816,0,0,1.167
0.985,34.558,3.487,234.368,1.104,36.715,0.591,11.997,0,0,1.128
0.838,30.980,4.749,373.526,1.250,14.386,1.321,8.346,0,1,1.175
1.260,25.062,3.837,121.916,1.825,0.741,0.307,38.152,0,0,1.180
0.992,30.377,5.377,462.632,0.812,0.632,0.788,3.042,0,0,1.166
1.210,24.962,5.496,151.187,2.137,1.069,2.431,61.104,0,1,1.212
0.973,25.842,10.270,220.868,1.351,0.461,1.400,24.358,0,0,1.166
1.108,25.867,4.799,69.878,3.516,4.020,1.877,3.593,0,1,1.200
1.263,27.345,10.151,249.510,0.661,0.405,1.959,7.573,0,0,1.133
1.037,28.154,3.897,182.161,1.555,0.413,0.961,5.552,0,0,1.155
0.890,28.583,3.732,140.984,1.225,58.112,0.387,8.246,0,0,1.131
1.029,27.307,6.025,153.083,2.073,2.508,0.489,51.453,0,0,1.187
0.940,37.482,5.133,327.070,1.437,0.418,0.887,23.783,0,0,1.177
1.024,30.750,2.904,94.088,3.278,12.170,0.462,4.595,0,1,1.200
0.995,26.345,2.792,206.653,1.481,13.233,2.751,39.101,0,0,1.167
1.279,26.369,5.148,151.889,0.959,29.082,0.308,29.137,0,0,1.158
1.007,29.085,3.008,272.093,1.545,0.432,0.168,34.522,0,1,1.181
0.928,29.865,2.546,157.921,1.944,33.123,1.484,28.357,1,0,1.131
1.080,27.161,4.592,154.396,1.557,2.048,1.257,1.735,0,0,1.149
1.036,34.389,1.675,256.113,1.071,25.536,0.812,9.508,0,0,1.134
0.820,37.338,4.193,323.179,1.602,0.692,1.878,0.928,0,0,1.193
1.240,27.428,1.723,129.227,2.328,5.799,0.249,42.008,0,1,1.199
1.098,24.640,3.179,265.996,0.996,6.044,0.523,7.661,0,0,1.155
1.063,32.277,3.621,103.511,2.491,24.277,1.287,12.463,0,1,1.172
1.002,23.463,3.808,164.724,1.126,45.684,0.300,42.290,0,0,1.166
1.226,26.990,4.596,291.754,0.954,0.423,0.239,42.360,0,0,1.162
1.085,24.944,1.707,139.043,2.310,7.539,0.861,35.676,0,1,1.190
1.110,23.405,1.048,221.604,1.218,1.916,2.062,12.161,0,0,1.159
1.159,24.714,2.222,151.912,1.870,4.863,1.527,12.665,0,1,1.177
0.939,28.659,4.082,184.350,1.567,13.079,1.065,0.969,0,0,1.152
1.052,30.209,5.662,200.296,1.709,1.238,0.370,40.724,0,0,1.180
0.953,29.522,7.015,201.426,1.577,10.920,0.730,25.154,0,0,1.163
1.390,26.140,4.999,154.046,1.512,0.567,1.415,58.387,0,0,1.195
1.383,23.380,5.601,274.054,0.807,0.572,0.398,46.314,0,0,1.169
1.175,30.160,8.605,162.734,1.176,0.615,1.424,2.687,0,0,1.136
1.229,28.982,6.126,179.773,1.284,0.499,0.322,26.765,0,0,1.161
1.120,29.220,1.484,288.015,0.745,36.045,0.441,6.174,0,0,1.143
0.894,36.099,2.658,306.452,1.346,28.672,0.149,1.737,1,0,1.139
0.918,23.460,9.302,304.324,0.894,37.275,1.199,25.041,0,0,1.179
0.880,37.110,5.722,188.439,1.761,36.763,1.171,4.083,0,1,1.145
0.920,27.962,1.911,357.621,1.140,14.390,0.924,35.196,0,0,1.176
1.009,27.880,10.660,314.974,0.921,2.239,0.536,3.430,0,0,1.152
1.170,24.399,1.814,275.927,0.933,12.471,0.579,25.376,0,0,1.161
1.232,25.210,2.064,287.525,0.950,10.706,0.665,14.138,0,1,1.153
1.431,28.717,2.487,150.824,1.968,9.554,0.142,72.921,0,1,1.209
0.995,26.811,3.395,181.036,1.662,9.554,0.917,31.142,0,0,1.168
1.155,31.398,12.257,75.217,2.117,8.130,1.846,10.447,0,0,1.159
0.875,30.107,1.709,162.467,1.932,36.613,0.642,5.058,0,1,1.158
0.941,32.842,1.475,254.251,1.635,1.704,0.772,17.514,0,0,1.177
1.151,33.774,6.482,210.459,1.241,2.075,1.850,18.782,0,0,1.149
1.084,36.910,2.371,442.500,0.743,0.525,0.239,2.601,0,0,1.136
1.240,23.621,5.425,228.338,1.365,0.457,1.220,47.883,0,1,1.189
1.148,28.634,5.445,121.023,1.859,0.447,0.131,9.881,0,0,1.161
1.056,28.220,5.966,215.445,1.291,17.875,0.788,2.697,0,1,1.157
1.029,27.668,1.150,178.034,1.459,19.020,0.997,15.438,0,0,1.154
0.946,27.563,6.111,304.788,0.830,78.412,1.260,23.851,0,1,1.163
1.177,26.130,4.309,272.024,1.008,1.695,1.772,31.437,0,0,1.162
1.337,25.706,4.839,227.351,0.801,2.709,0.204,15.467,0,0,1.146
1.087,26.453,6.550,242.999,1.560,4.086,0.178,64.163,0,1,1.195
0.927,34.081,2.083,272.296,1.038,48.340,0.434,9.225,0,0,1.136
0.806,26.309,3.223,411.074,1.238,2.583,0.140,55.258,0,0,1.200
1.073,21.076,7.128,327.884,0.884,0.400,1.367,26.581,0,0,1.175
0.878,31.338,4.243,233.566,1.817,2.170,1.674,20.741,0,0,1.183
1.331,19.138,7.749,126.674,1.391,1.341,1.347,37.168,0,0,1.192
1.013,31.415,3.084,285.395,0.983,30.972,1.284,14.397,0,0,1.146
1.010,26.063,2.597,149.771,1.869,0.402,0.217,3.075,0,0,1.161
1.199,23.988,4.846,439.143,0.624,0.441,0.212,21.380,0,0,1.155
1.103,26.666,4.741,398.998,0.783,4.390,0.845,21.634,0,0,1.160
1.231,28.767,6.530,141.239,1.729,0.690,1.474,8.151,0,1,1.176
0.895,30.252,12.566,215.925,1.781,1.683,0.255,5.734,1,0,1.152
0.902,28.102,8.099,121.002,1.996,21.486,0.234,12.611,0,0,1.146
0.901,35.133,10.048,200.682,1.949,2.636,1.186,8.802,0,0,1.175
0.990,26.268,2.084,165.507,1.943,18.413,2.074,21.644,0,1,1.175
1.114,26.999,2.156,91.025,2.823,27.899,0.488,26.913,1,1,1.156
0.939,28.297,13.790,277.692,1.165,4.799,0.215,22.706,0,0,1.167
1.373,26.303,3.561,272.970,0.698,1.553,0.956,20.766,0,0,1.142
1.094,24.738,2.694,191.420,1.821,0.400,1.529,32.068,0,1,1.189
1.317,27.867,4.148,188.254,1.578,0.402,0.445,71.851,0,0,1.197
0.908,28.706,2.311,251.020,1.535,0.404,0.822,9.087,0,0,1.175
1.013,32.942,1.267,457.127,1.038,2.240,0.199,45.199,0,0,1.168
1.156,29.322,6.071,212.356,1.296,8.143,1.516,14.248,0,1,1.162
1.184,30.329,4.757,181.577,1.193,0.622,1.184,3.724,0,0,1.141
0.963,31.432,2.853,168.986,2.448,8.338,1.673,27.161,0,1,1.200
0.955,33.272,6.742,243.439,1.494,2.145,1.401,9.651,0,0,1.165
1.242,25.395,4.543,105.950,3.082,0.400,0.638,72.155,0,1,1.234
1.354,30.325,5.954,231.603,0.818,2.469,1.290,10.101,0,1,1.138
1.011,27.341,9.475,178.599,1.193,18.662,1.491,1.772,0,0,1.142
0.994,26.210,7.240,193.652,1.611,1.471,0.372,34.755,0,0,1.177
0.944,33.500,5.240,243.253,1.531,1.196,0.888,3.801,0,0,1.167
0.924,31.416,6.070,150.861,1.631,41.676,1.119,1.195,1,0,1.115
1.079,26.059,5.383,105.830,2.459,4.732,0.314,45.079,0,0,1.186
1.082,24.469,2.378,434.635,0.833,6.928,1.622,46.222,0,0,1.172
1.025,27.915,4.604,210.404,1.520,8.421,1.553,40.353,0,0,1.174
1.209,35.332,8.432,129.725,1.197,11.801,2.473,8.726,0,0,1.129
1.203,19.746,5.606,135.590,1.806,13.632,1.328,41.926,0,1,1.198
1.106,29.151,5.791,243.496,1.171,24.283,0.772,28.689,0,1,1.161
0.989,27.432,3.874,244.958,1.161,16.759,0.407,5.536,0,0,1.157
1.033,32.173,3.802,289.296,0.654,66.058,0.182,8.753,0,0,1.137
1.209,28.187,8.864,218.894,1.270,1.126,0.442,55.188,0,0,1.186
1.108,29.015,7.308,224.201,1.035,31.981,2.094,12.311,0,1,1.154
1.166,27.171,2.079,183.726,1.493,3.222,0.909,31.799,0,0,1.169
1.125,28.409,2.730,277.308,1.078,0.562,0.685,20.048,0,0,1.158
0.965,29.967,6.038,198.739,1.376,18.532,0.389,6.306,0,0,1.149
1.036,26.772,12.305,293.424,1.024,2.398,1.990,34.082,0,0,1.173
0.817,21.884,8.508,127.285,2.005,10.755,1.375,41.672,0,0,1.166
1.059,24.076,5.622,417.447,0.749,5.813,0.531,7.155,0,0,1.171
0.997,32.999,5.970,159.073,2.063,1.808,1.795,8.386,0,0,1.174
1.286,25.786,0.888,213.401,1.211,1.407,0.911,3.545,0,1,1.158
1.157,26.062,2.116,293.364,1.115,1.072,0.435,49.470,0,0,1.172
1.070,25.431,1.014,259.292,1.169,2.575,0.924,12.702,0,0,1.163
1.006,25.848,4.387,343.487,1.156,0.608,0.475,60.561,0,0,1.186
1.193,26.915,3.894,198.960,1.544,0.671,1.106,58.791,0,0,1.188
0.936,24.591,2.455,205.969,1.614,0.670,0.373,16.810,0,0,1.173
1.023,26.722,2.877,115.003,1.970,31.353,0.386,19.055,1,0,1.132
1.029,32.490,5.932,90.931,1.362,60.695,0.647,7.362,1,0,1.095
0.908,30.895,4.163,272.703,1.611,8.706,1.537,21.912,0,1,1.182
0.856,37.201,7.725,253.207,1.821,1.275,0.896,2.545,0,0,1.186
0.722,33.731,7.969,402.594,1.456,2.690,0.751,9.449,0,0,1.213
1.108,30.209,3.837,191.069,1.551,0.401,1.033,21.579,0,0,1.167
1.163,26.668,9.000,95.655,2.028,3.195,0.849,21.156,0,0,1.173
1.092,22.190,1.254,424.264,0.753,2.779,0.222,2.388,0,0,1.173
1.110,23.550,0.993,293.923,1.105,1.625,1.478,41.746,0,0,1.175
1.382,28.216,2.586,233.995,0.918,0.412,0.757,32.038,0,0,1.152
0.936,34.308,2.644,199.120,1.633,17.797,0.715,1.043,0,0,1.154
1.010,27.631,7.190,203.927,1.498,0.453,0.316,19.193,0,0,1.168
0.941,35.752,14.338,288.054,0.915,32.535,0.323,5.848,0,0,1.128
1.084,30.204,4.442,280.939,1.161,0.936,0.169,25.170,0,0,1.163
1.383,29.209,4.062,205.261,1.109,2.160,1.098,45.245,0,0,1.168
1.013,27.666,3.707,193.298,1.611,0.446,1.179,13.067,0,0,1.168
1.002,29.688,7.284,97.463,1.772,29.244,0.796,4.724,0,0,1.135
1.023,28.284,0.817,264.187,1.199,26.440,0.949,4.056,0,1,1.163
0.933,24.089,8.692,183.620,1.429,10.040,1.004,7.357,0,0,1.157
1.023,33.616,6.220,196.987,1.742,1.105,0.717,17.757,0,0,1.173
1.318,23.945,3.609,132.551,1.973,0.409,0.283,28.059,0,1,1.198
0.925,29.044,9.765,245.539,1.457,13.794,1.031,51.509,0,0,1.180
0.885,27.458,3.783,186.271,1.446,32.738,1.356,13.773,0,0,1.154
1.324,20.905,2.088,194.120,1.119,1.393,0.998,23.011,0,0,1.169
0.937,29.856,2.076,357.121,1.160,15.618,0.483,35.196,0,0,1.175
1.198,33.930,1.825,414.997,0.619,4.252,0.666,9.367,0,0,1.124
1.227,23.322,6.514,238.096,1.108,5.466,0.451,27.245,1,0,1.156
0.902,26.613,4.140,398.918,0.860,48.241,0.739,11.953,0,0,1.188
0.813,30.478,5.378,168.490,2.392,4.011,0.300,3.335,0,0,1.184
0.990,28.224,4.110,269.233,1.289,8.614,0.170,30.584,0,0,1.172
1.024,30.161,7.002,224.425,1.236,26.984,0.429,7.205,0,1,1.155
1.266,34.060,1.883,256.989,1.036,5.513,0.397,21.403,0,1,1.143
1.089,31.374,2.730,156.506,1.039,41.179,0.190,5.923,0,0,1.130
1.130,26.043,2.781,229.142,1.452,11.692,1.910,41.238,0,1,1.180
1.286,19.561,6.541,97.028,2.392,2.653,0.257,42.983,0,1,1.212
1.258,23.775,6.491,109.168,2.377,1.034,2.776,36.286,0,1,1.211
1.295,23.473,1.369,171.208,1.565,0.486,1.103,56.906,0,0,1.190
1.088,34.220,9.824,399.098,0.774,15.635,1.061,30.208,0,0,1.145
1.147,24.996,0.659,304.283,1.131,2.195,0.221,20.477,0,1,1.166
1.036,26.101,8.105,216.311,1.499,0.599,1.569,5.416,0,1,1.172
1.096,26.529,13.985,252.170,0.881,12.981,0.756,25.810,0,0,1.165
1.415,25.524,0.935,99.568,1.947,0.447,1.301,32.104,0,0,1.185
0.967,27.690,6.348,157.758,1.494,26.972,0.417,20.262,0,0,1.153
0.957,26.017,6.657,191.832,1.910,0.401,1.454,9.664,0,1,1.185
0.945,28.357,3.858,199.535,1.807,16.877,0.141,19.413,0,1,1.178
1.500,22.457,5.794,101.216,1.734,3.849,1.418,12.334,0,1,1.195
0.872,24.989,2.823,383.703,0.896,78.552,1.155,12.618,0,1,1.194
1.027,29.079,6.667,155.219,1.851,0.405,1.086,10.437,0,0,1.168
0.946,31.487,5.472,395.589,0.978,7.955,0.224,3.709,0,0,1.172
1.202,29.493,7.123,161.409,1.662,0.422,1.028,41.186,0,0,1.186
1.215,24.607,1.000,268.352,1.143,1.392,2.150,13.664,0,1,1.164
1.037,24.835,8.441,131.923,2.382,0.403,0.280,20.569,0,1,1.197
1.046,30.774,9.670,259.911,0.941,36.303,0.968,38.541,0,0,1.154
0.957,29.100,2.328,194.817,1.772,12.227,1.314,33.042,0,0,1.173
0.765,29.173,2.819,361.741,1.133,48.088,0.154,11.501,0,0,1.187
0.791,29.559,1.150,224.581,2.089,3.009,0.422,24.281,0,0,1.197
0.853,30.997,12.722,96.477,2.337,44.221,1.260,5.181,0,1,1.139
1.029,30.758,4.865,197.955,1.177,23.750,0.357,1.665,0,0,1.142
0.873,26.793,3.272,347.611,1.142,37.655,1.002,23.336,0,1,1.177
1.096,27.981,2.907,160.818,1.997,2.524,0.161,8.412,0,1,1.186
1.158,33.369,5.147,204.032,1.461,3.089,1.327,13.242,0,1,1.168
0.853,25.779,7.932,303.448,1.294,6.843,0.974,35.398,0,0,1.188
1.111,24.443,8.408,137.008,1.595,0.400,0.838,12.389,0,0,1.163
1.191,23.349,5.825,177.207,1.446,0.556,0.910,47.005,0,0,1.189
0.896,26.020,3.074,271.300,1.248,14.892,0.451,1.019,0,0,1.173
1.100,28.086,3.825,124.551,1.333,32.967,0.387,11.860,0,0,1.145
1.248,30.888,7.089,107.895,1.935,2.562,0.630,4.178,1,0,1.149
0.734,35.231,1.881,367.328,1.141,68.721,0.750,4.103,0,0,1.167
0.826,28.361,4.456,380.942,1.097,27.585,0.942,12.246,0,0,1.190
1.272,28.222,4.938,235.117,1.197,0.820,0.246,52.605,0,0,1.179
1.082,28.030,3.621,191.025,1.532,7.513,0.955,31.071,0,0,1.172
0.987,28.541,11.244,161.737,0.996,60.172,0.341,3.114,1,0,1.123
1.094,31.536,4.487,250.830,1.335,0.911,1.608,29.785,0,0,1.170
1.176,27.872,7.799,313.740,0.699,14.823,0.171,14.153,0,0,1.151
1.304,26.042,1.338,218.078,1.049,0.400,2.289,19.451,0,0,1.157
1.075,26.673,2.371,206.651,1.632,0.806,0.105,45.704,0,0,1.185
1.004,23.230,2.981,394.830,0.979,0.403,1.308,44.398,0,0,1.188
1.331,26.409,12.864,65.422,2.563,0.599,1.318,14.402,0,1,1.215
0.950,25.695,7.039,180.632,2.157,0.400,1.147,34.302,0,1,1.202
0.989,28.995,11.575,222.019,1.078,29.583,1.217,24.894,0,0,1.157
0.838,33.077,8.364,279.144,1.412,16.662,1.513,4.231,0,0,1.168
1.055,24.299,5.616,46.975,3.476,26.802,0.941,19.632,0,1,1.167
0.883,25.399,8.599,279.700,1.535,0.713,0.575,32.011,0,1,1.193
1.558,21.051,2.336,346.451,0.641,6.293,1.401,61.767,0,0,1.166
1.177,25.768,7.095,348.395,0.694,17.274,0.335,24.320,0,0,1.163
0.912,37.007,4.169,306.573,1.408,2.925,1.269,0.044,0,0,1.176
1.095,29.268,5.342,202.382,1.437,9.020,2.307,2.805,0,1,1.166
1.199,25.304,8.975,68.179,2.704,1.379,0.395,33.231,0,0,1.196
1.056,29.177,8.521,152.218,1.068,50.292,0.808,1.039,1,0,1.121
1.134,27.191,4.343,370.231,0.969,0.400,0.525,54.364,0,0,1.175
1.041,27.429,1.016,352.774,1.009,4.742,0.589,18.109,0,0,1.172
1.026,24.089,8.196,223.407,0.908,39.537,1.764,16.374,0,0,1.171
1.132,30.325,2.319,164.429,1.452,23.757,1.588,0.325,0,1,1.159
1.016,30.174,7.328,130.437,1.554,27.582,0.727,11.285,0,0,1.145
1.147,29.307,0.894,150.596,1.467,16.940,1.971,11.580,0,0,1.153
0.839,27.185,13.608,456.595,0.972,14.795,1.284,35.909,0,0,1.200
0.860,28.982,11.236,387.573,1.110,1.980,0.796,14.325,0,0,1.188
1.189,27.049,4.037,339.046,0.768,0.414,0.177,10.664,0,0,1.152
1.201,29.673,3.815,233.717,1.011,3.490,1.307,11.566,0,0,1.149
1.077,30.263,6.298,220.012,1.476,5.199,0.738,13.130,1,0,1.151
1.061,26.998,0.598,238.710,1.354,13.830,0.389,6.556,1,0,1.150
1.304,25.434,3.613,104.772,1.979,3.677,0.284,37.403,0,0,1.189
1.327,32.806,4.221,172.627,1.072,14.204,0.376,31.026,0,0,1.150
1.066,31.742,0.567,288.016,1.235,0.466,0.531,16.355,0,0,1.166
0.869,31.304,6.058,228.915,1.932,1.761,0.110,28.897,0,0,1.195
0.831,31.520,5.119,202.137,2.511,2.438,0.430,21.655,0,1,1.219
0.805,28.612,3.246,373.562,1.463,0.401,1.186,27.786,0,1,1.202
1.386,27.404,0.750,219.865,0.861,1.090,0.712,12.047,0,0,1.143
1.217,22.128,3.592,181.789,1.210,10.618,0.710,28.462,0,0,1.177
1.140,26.075,6.796,281.307,0.974,2.043,1.135,24.788,0,0,1.168
1.171,29.154,4.942,234.923,1.366,0.402,0.217,23.295,0,1,1.177
1.022,25.618,8.239,274.062,1.373,4.532,1.990,43.763,0,1,1.191
1.130,24.808,3.797,153.211,1.665,0.702,0.675,21.324,0,0,1.174
1.050,29.263,7.408,155.868,1.613,9.888,0.733,13.443,0,0,1.161
1.161,25.770,2.755,178.590,1.390,1.336,0.999,11.636,0,0,1.164
1.267,25.036,5.354,163.661,1.214,1.194,0.326,12.854,0,0,1.162
1.052,24.436,1.397,145.724,2.315,0.974,0.327,10.681,0,1,1.195
0.984,25.571,5.660,178.190,1.775,0.501,0.991,28.902,0,0,1.182
1.079,24.967,4.359,228.513,1.486,0.405,0.846,13.175,0,1,1.181
1.198,26.232,4.777,267.146,1.180,0.401,1.459,58.124,0,0,1.186
0.952,26.467,1.272,313.415,1.288,2.917,0.425,34.635,0,0,1.187
1.138,24.822,2.357,174.281,2.120,0.401,0.598,55.925,0,1,1.211
1.139,28.757,1.659,225.931,1.385,0.431,1.185,28.471,0,0,1.173
1.100,24.018,9.300,164.327,1.636,0.432,2.007,51.269,0,0,1.199
1.258,25.742,5.910,425.603,0.675,1.009,1.123,48.060,0,0,1.161
0.880,22.358,5.296,237.411,1.430,2.791,1.254,24.942,0,0,1.184
1.012,30.277,7.738,471.214,0.792,3.583,0.351,11.552,0,0,1.173
0.968,31.002,9.713,294.631,1.026,20.000,0.507,9.815,0,0,1.158
1.128,30.256,3.836,228.957,1.303,1.163,0.410,21.788,0,0,1.167
0.934,30.176,5.675,160.361,2.104,1.629,1.291,1.390,0,0,1.177
1.043,26.812,2.838,340.259,0.895,17.421,1.230,6.611,0,0,1.170
1.050,25.404,1.995,138.302,2.074,2.499,1.275,25.436,0,0,1.180
1.003,25.668,7.395,250.184,1.083,13.406,2.468,3.571,0,0,1.164
1.112,23.057,6.581,265.864,1.041,3.608,0.603,30.585,0,0,1.180
0.994,26.093,5.674,313.374,1.219,0.583,1.012,48.069,0,0,1.190
1.276,25.391,4.738,212.533,1.304,0.688,0.362,21.796,0,1,1.180
1.070,33.965,4.611,342.770,0.969,0.571,1.757,8.775,0,0,1.155
1.253,27.267,4.887,141.254,2.569,0.577,0.667,49.433,1,1,1.211
1.019,26.767,5.056,169.714,1.916,15.628,0.700,28.177,0,1,1.187
1.064,28.049,2.145,436.943,0.886,2.380,0.258,31.197,0,0,1.174
0.976,24.892,4.372,148.648,2.047,0.400,2.186,23.655,0,0,1.181
1.125,28.694,6.535,222.375,1.158,0.968,0.724,9.716,0,0,1.158
0.791,25.140,9.220,255.805,1.786,2.253,0.921,32.544,0,1,1.200
1.197,22.623,3.942,120.089,1.765,0.400,0.469,15.728,0,0,1.173
1.133,30.959,4.423,334.010,0.832,4.680,0.582,8.628,0,0,1.150
0.710,26.785,3.082,383.387,1.227,52.943,0.226,28.485,0,1,1.192
0.955,28.888,11.553,216.981,1.424,2.108,1.170,8.130,0,0,1.165
1.020,26.960,7.279,166.689,1.602,1.898,1.474,2.258,0,0,1.162
1.279,26.700,0.929,261.626,1.102,6.976,1.335,52.067,0,0,1.172
0.804,29.667,3.610,179.708,1.811,34.754,2.240,25.803,0,0,1.158
0.935,28.537,8.079,168.191,2.255,12.874,0.179,39.320,0,1,1.199
1.275,23.172,6.756,299.470,1.093,0.502,0.357,62.245,0,1,1.193
1.106,34.067,1.436,144.890,1.974,5.851,1.353,7.350,0,0,1.172
0.956,23.922,6.404,207.474,1.531,2.402,0.890,32.245,0,0,1.184
0.969,28.132,2.237,243.864,1.476,1.057,1.255,11.408,0,0,1.178
1.083,24.756,8.265,186.628,1.343,10.644,1.446,36.745,0,0,1.181
0.890,32.840,4.346,253.145,1.551,32.314,1.130,24.600,0,1,1.169
1.233,21.704,4.564,253.101,1.089,26.826,1.333,2.499,1,1,1.161
1.103,27.442,0.885,330.884,0.820,32.503,0.214,17.249,0,0,1.165
1.060,24.322,1.407,171.210,1.812,2.961,0.318,44.559,0,0,1.188
1.073,26.242,2.003,140.999,2.157,4.885,0.624,45.169,0,0,1.190
1.085,23.978,1.150,187.559,1.834,0.415,0.741,13.139,0,1,1.189
1.063,27.956,4.182,149.939,1.853,9.082,0.196,27.503,0,0,1.176
0.920,34.330,10.125,348.332,1.213,0.631,1.493,11.752,0,0,1.179
1.055,26.248,4.440,218.223,1.400,13.209,1.158,49.167,0,0,1.183
1.319,24.886,2.671,136.096,1.671,5.655,0.313,3.536,0,1,1.180
1.074,35.536,2.509,312.271,1.056,0.455,0.352,3.665,0,0,1.153
0.906,34.319,5.021,229.409,1.109,49.786,1.029,0.943,0,0,1.136
1.013,28.828,4.686,356.807,0.826,31.399,0.257,5.390,0,0,1.168
1.009,36.661,11.975,314.453,0.804,49.447,1.357,6.303,1,0,1.110
1.062,28.378,8.559,211.014,1.355,0.608,0.478,17.160,0,0,1.170
1.087,27.900,3.482,134.543,1.796,11.688,0.103,14.670,0,0,1.166
1.061,32.519,8.390,229.801,0.992,30.892,1.878,18.832,0,0,1.145
1.086,28.772,5.484,260.629,1.232,3.218,1.649,31.562,0,0,1.176
1.063,24.881,4.943,254.643,1.137,4.562,2.216,15.120,0,0,1.172
1.033,28.792,9.807,187.940,1.458,9.733,0.707,25.219,0,0,1.171
0.883,27.943,4.472,227.488,1.751,0.491,0.527,20.957,0,0,1.189
0.863,25.751,1.008,393.605,1.335,0.918,0.979,48.827,0,1,1.197
0.965,26.955,2.829,380.168,1.099,1.696,2.031,32.037,0,0,1.190
1.091,27.209,3.417,334.363,0.794,40.641,0.350,31.028,0,0,1.168
1.101,25.223,9.811,129.684,2.270,0.676,0.343,41.473,1,0,1.185
1.015,30.049,4.562,152.317,1.256,39.285,0.412,5.946,0,0,1.143
1.055,29.569,9.046,93.422,2.198,32.591,1.825,15.437,0,1,1.170
1.053,30.996,3.484,185.516,1.689,0.403,0.142,8.233,0,0,1.173
1.142,26.973,3.972,288.135,1.359,0.435,0.234,56.097,1,0,1.174
0.835,33.166,10.052,209.269,1.469,36.488,0.580,9.144,0,0,1.147
1.329,30.880,2.637,141.987,1.398,0.410,1.067,14.814,0,0,1.161
1.040,30.330,3.290,171.771,1.702,33.082,0.534,35.622,1,0,1.143
0.985,33.559,9.400,283.771,1.034,18.367,0.220,3.411,0,0,1.150
0.995,27.347,8.674,194.147,1.490,5.506,0.915,15.545,0,0,1.171
1.050,23.852,3.583,196.840,1.762,3.559,1.455,22.369,0,1,1.192
1.232,35.932,4.806,142.570,1.750,1.914,0.504,19.638,0,0,1.174
0.772,32.988,2.942,295.802,1.873,0.445,0.508,18.410,0,0,1.216
1.054,26.256,7.764,265.927,1.041,11.329,1.113,18.439,0,0,1.171
1.199,23.586,1.501,314.339,0.928,1.970,0.436,29.266,0,0,1.172
1.089,25.719,7.198,105.195,2.630,2.076,0.738,1.080,0,1,1.197
1.141,27.914,5.536,390.252,0.627,27.241,2.301,7.993,0,0,1.161
1.123,26.654,6.658,433.867,0.877,4.930,0.178,40.594,1,0,1.161
1.021,29.228,4.757,291.602,1.011,22.181,1.281,13.179,0,0,1.164
1.311,26.347,3.157,201.471,1.495,0.401,1.289,68.265,0,0,1.201
1.038,25.504,2.299,200.643,1.732,5.186,0.442,8.833,0,1,1.186
0.906,24.472,4.917,195.682,1.714,4.577,0.938,30.199,0,0,1.185
0.929,33.945,1.424,351.708,1.176,39.895,0.605,31.672,0,1,1.156
1.174,25.283,4.769,174.302,1.431,10.663,0.373,42.478,0,0,1.184
0.889,28.239,2.393,247.217,1.069,57.748,0.703,15.306,0,0,1.165
1.012,31.147,5.619,313.265,1.246,1.314,1.246,10.785,0,1,1.174
0.907,27.218,5.706,237.755,1.449,24.074,1.898,58.392,0,0,1.182
0.975,25.787,3.847,172.798,2.083,4.112,2.157,6.898,0,1,1.192
0.874,27.738,8.778,225.143,1.699,13.231,0.292,7.440,0,1,1.183
1.103,35.094,8.689,136.415,1.524,13.143,0.425,2.579,0,0,1.145
0.980,24.806,1.655,220.984,1.420,15.065,0.945,31.808,0,0,1.180
1.149,26.757,3.411,193.565,1.443,0.418,1.613,23.511,0,0,1.176
1.064,28.644,5.696,196.692,0.986,38.318,0.706,8.895,0,0,1.153
0.932,22.906,2.396,253.067,1.171,27.623,0.339,21.412,0,0,1.184
1.403,29.130,1.900,260.165,0.709,0.401,0.540,16.078,0,0,1.139
1.297,27.138,5.182,135.771,1.385,0.794,0.262,11.760,0,0,1.166
1.265,29.266,6.804,199.842,0.671,24.859,1.458,4.752,0,0,1.142
1.016,31.368,3.758,180.544,1.197,38.243,0.208,7.123,0,0,1.144
0.955,24.641,6.247,128.117,2.544,6.883,0.442,7.947,0,1,1.193
1.283,23.105,6.243,162.773,1.890,0.814,0.659,58.826,0,1,1.224
0.962,22.628,6.220,74.502,2.001,32.925,0.512,37.540,0,0,1.160
1.125,31.233,10.118,201.158,1.171,1.386,0.456,6.757,0,0,1.153
0.964,21.713,2.047,362.228,0.997,5.779,0.762,6.958,0,0,1.194
1.242,28.615,1.198,178.288,2.110,0.400,1.468,55.896,0,1,1.215
1.012,27.479,5.978,146.339,1.925,0.400,2.454,1.923,0,0,1.172
1.111,28.866,1.574,151.840,2.294,0.000,0.338,46.612,0,0,1.204
0.887,33.244,2.272,211.733,1.537,30.147,1.286,0.781,0,0,1.159
1.299,26.393,0.999,323.166,0.976,2.516,0.204,60.168,0,0,1.172
1.020,33.654,3.244,255.011,0.910,44.549,0.409,4.245,0,0,1.140
0.708,32.242,3.921,192.759,1.362,76.169,0.442,0.041,0,0,1.138
1.138,25.575,15.165,95.767,2.545,0.419,0.449,18.956,0,1,1.213
1.095,20.959,5.605,254.984,1.181,0.433,0.167,52.591,0,0,1.199
0.962,26.749,3.520,227.558,1.831,7.468,0.282,42.864,0,1,1.200
0.868,19.172,0.873,155.425,1.927,0.400,0.168,32.876,0,0,1.183
1.257,25.920,0.553,97.025,1.531,28.861,0.252,18.179,0,0,1.163
0.766,35.222,3.956,187.947,1.308,79.015,0.199,14.882,0,0,1.118
1.004,30.183,5.750,215.948,1.486,0.991,1.533,3.365,0,0,1.170
0.907,29.557,8.726,271.402,1.486,1.298,1.289,25.988,0,0,1.191
1.042,32.691,5.953,144.844,1.407,43.783,0.244,1.353,0,1,1.150
1.093,21.133,10.225,159.391,1.930,0.531,0.302,48.468,0,1,1.217
1.027,26.275,4.077,254.530,1.194,13.026,0.355,20.569,0,0,1.176
0.850,32.526,1.973,368.206,1.336,2.530,0.447,3.048,0,0,1.204
0.973,29.087,8.421,195.324,1.500,24.862,0.433,0.405,0,1,1.168
1.219,26.328,3.488,205.667,1.381,0.490,0.376,40.883,0,0,1.186
1.017,32.480,4.790,254.307,1.193,12.535,0.903,2.577,0,0,1.159
1.210,30.045,2.342,164.876,1.598,3.259,0.528,23.900,0,0,1.176
0.896,27.318,5.146,158.789,2.076,18.507,1.466,54.869,0,0,1.183
1.444,25.538,2.279,163.271,1.513,1.659,0.698,57.994,0,0,1.202
0.807,28.577,2.794,225.343,1.251,58.305,0.396,13.482,0,0,1.164
1.022,26.221,6.282,229.494,1.640,3.676,0.846,32.038,0,1,1.197
1.134,31.875,4.696,115.584,2.529,0.403,0.907,19.693,0,0,1.202
1.059,29.100,5.087,286.241,1.056,4.723,0.897,5.618,0,0,1.165
1.274,27.929,3.584,228.579,0.969,0.590,0.305,12.236,0,0,1.156
1.138,28.731,2.223,131.507,1.207,34.284,0.140,1.374,0,0,1.147
0.974,20.534,6.660,188.394,1.840,2.307,0.627,35.879,0,1,1.202
0.804,32.510,1.755,303.167,1.574,17.765,0.271,16.980,0,0,1.194
1.198,29.570,3.807,305.282,0.834,0.413,0.222,8.142,0,0,1.151
0.923,26.078,4.581,168.653,2.170,0.471,0.343,42.066,0,0,1.199
0.972,26.829,3.755,239.952,1.595,6.159,0.425,8.572,0,1,1.189
1.058,27.393,3.685,132.976,2.533,0.682,0.717,4.387,0,1,1.207
1.160,31.651,6.376,130.328,1.548,43.594,0.171,10.728,1,1,1.144
1.137,30.501,2.820,132.922,0.939,55.603,1.917,15.616,0,0,1.144
0.994,24.448,0.624,147.193,1.635,47.970,1.446,9.806,0,1,1.176
1.243,25.338,3.735,186.553,1.350,8.344,0.159,43.762,0,0,1.188
0.796,28.666,8.124,422.361,0.991,48.610,0.437,13.756,0,0,1.202
0.931,28.521,1.840,407.581,1.116,6.123,1.034,30.049,0,0,1.196
1.157,21.893,3.328,160.473,2.011,1.662,0.654,39.716,0,1,1.208
1.258,28.745,9.538,153.904,1.746,0.403,1.034,56.655,0,0,1.215
1.081,30.244,2.367,144.364,2.364,0.451,1.143,30.313,0,0,1.202
1.083,28.516,2.498,175.307,1.286,26.093,0.978,10.063,0,0,1.159
1.032,25.495,2.688,234.762,1.363,2.022,1.416,15.103,0,0,1.179
0.927,27.442,2.269,243.780,1.445,10.544,0.871,8.489,0,0,1.181
0.915,30.163,6.023,200.557,2.133,1.331,0.389,7.202,0,1,1.206
0.974,24.415,7.721,236.513,0.982,38.830,0.389,5.924,0,0,1.176
0.983,27.352,4.080,133.541,1.875,20.226,0.450,13.856,0,0,1.166
0.971,34.202,9.139,312.334,1.078,18.024,0.873,11.260,0,0,1.162
1.113,25.300,2.001,297.373,1.106,0.743,0.344,29.585,0,0,1.181
0.918,29.961,9.311,232.915,1.525,1.456,1.293,3.609,0,0,1.176
0.889,29.180,1.532,149.881,1.537,57.234,0.915,48.074,0,0,1.146
1.050,25.832,12.484,317.237,0.904,0.681,1.559,12.740,0,0,1.173
1.358,20.546,5.024,236.889,1.153,10.265,0.574,60.260,1,0,1.190
0.987,27.851,2.610,148.634,2.153,0.991,0.855,5.723,0,0,1.185
1.154,28.567,4.603,126.706,1.779,3.492,1.990,4.036,0,0,1.169
0.869,28.183,4.765,325.949,1.344,0.856,0.135,14.336,0,0,1.198
1.212,30.344,4.280,119.949,1.746,1.689,1.821,2.669,0,0,1.167
0.913,27.603,2.308,152.768,2.351,17.672,0.208,72.376,0,0,1.188
1.171,21.425,4.828,125.893,2.365,1.396,0.295,41.551,0,1,1.216
1.185,24.191,5.815,205.324,1.372,10.206,1.187,19.445,0,1,1.188
1.155,24.283,6.656,385.065,0.708,4.436,0.483,9.974,0,0,1.171
1.043,24.307,8.549,262.152,1.482,0.430,1.774,56.058,0,1,1.210
1.072,24.070,5.644,149.591,1.610,5.569,2.127,8.393,0,0,1.171
1.121,28.386,7.308,215.765,1.553,4.940,0.884,3.016,1,1,1.165
0.821,31.899,3.523,235.714,1.461,37.677,1.273,1.739,0,0,1.166
1.010,36.457,4.397,297.228,1.271,11.476,0.692,7.258,0,1,1.168
1.031,22.200,3.047,258.640,1.214,4.684,0.215,24.850,0,0,1.188
1.141,28.220,1.985,165.525,1.558,7.207,0.296,12.862,0,0,1.171
1.012,31.101,3.104,427.573,0.898,3.154,0.708,3.318,0,0,1.180
1.102,28.750,9.517,200.704,1.522,4.955,0.184,14.844,0,1,1.186
1.449,21.406,1.413,302.764,0.745,0.424,0.498,29.405,0,0,1.168
1.302,22.740,4.870,81.055,2.255,0.563,0.723,28.458,0,0,1.197
1.081,30.081,5.863,308.687,0.951,1.773,0.578,0.645,0,0,1.161
0.727,32.793,9.726,146.902,2.732,21.859,1.299,0.813,0,0,1.177
1.036,21.365,4.979,295.274,0.907,25.549,0.911,1.287,0,0,1.190
1.267,26.566,8.786,222.386,1.028,0.729,0.201,0.372,0,1,1.164
0.916,28.091,7.448,232.491,1.675,4.997,1.126,41.916,0,0,1.198
0.793,30.105,8.537,235.400,1.596,26.565,2.021,19.974,0,0,1.176
0.921,27.207,6.695,272.475,1.672,2.438,2.100,44.833,0,1,1.208
0.883,29.781,4.950,146.580,1.592,47.007,1.150,20.278,0,0,1.149
1.043,25.995,15.166,204.609,1.372,0.400,1.164,39.235,0,0,1.197
1.053,30.454,5.445,140.898,2.118,0.547,0.281,7.723,0,0,1.186
1.255,24.169,5.215,227.807,1.085,1.191,0.761,29.817,0,0,1.182
1.064,30.866,9.440,107.607,2.681,6.709,1.541,31.949,0,0,1.205
1.037,27.936,5.039,348.281,0.956,11.857,1.059,16.880,0,0,1.178
1.027,31.044,3.097,196.955,1.263,28.331,1.532,4.695,0,0,1.155
1.075,33.082,2.181,299.589,1.362,0.407,1.003,37.309,0,0,1.185
1.065,26.712,1.913,105.600,1.331,52.787,2.214,18.946,0,0,1.157
1.055,26.194,2.979,135.837,2.493,0.538,2.193,4.080,0,1,1.207
1.011,29.489,1.333,452.813,0.934,0.404,1.740,16.112,0,0,1.189
1.161,20.420,14.386,390.697,0.656,0.559,0.919,34.137,0,0,1.195
1.072,35.672,7.555,279.448,1.195,3.666,1.101,5.962,0,1,1.165
1.312,22.176,4.046,183.989,1.798,1.867,1.064,70.597,0,1,1.227
1.027,23.430,8.994,264.290,1.049,6.876,1.010,7.150,0,0,1.177
0.957,30.260,4.771,182.351,1.968,16.987,0.604,10.062,0,1,1.190
0.985,27.669,9.394,396.386,0.935,0.402,1.036,13.872,0,0,1.187
1.260,29.530,4.393,193.782,0.967,7.295,1.193,3.126,0,0,1.149
1.495,23.767,6.513,249.190,0.747,1.798,0.636,37.343,0,0,1.182
0.973,30.648,8.093,178.653,1.972,5.009,1.408,27.491,0,0,1.193
1.164,25.410,3.077,189.288,1.906,0.516,0.457,45.037,0,1,1.212
1.118,25.570,5.342,202.919,1.320,6.527,0.857,23.635,0,0,1.180
1.106,30.103,2.680,277.019,1.166,0.405,0.577,15.027,0,0,1.172
0.779,29.824,8.182,102.204,2.704,49.500,0.924,24.855,0,1,1.151
0.741,33.759,2.496,319.681,1.710,19.125,0.956,22.974,0,0,1.207
1.017,26.098,3.349,357.968,0.815,38.438,0.742,0.237,0,0,1.188
0.921,29.964,3.543,350.601,1.061,26.278,1.593,7.307,0,0,1.184
1.114,24.566,4.006,156.846,1.665,20.092,1.178,3.515,0,1,1.183
1.042,28.256,7.258,205.370,1.839,0.400,0.651,26.137,0,1,1.205
1.254,31.192,4.791,253.259,1.137,0.840,0.342,39.316,0,0,1.176
0.858,30.654,5.971,388.519,1.289,1.574,1.644,25.852,0,0,1.209
1.029,28.197,4.238,131.213,2.742,4.015,1.455,15.973,0,1,1.217
1.246,23.590,5.148,471.008,0.632,1.018,1.939,40.844,0,0,1.171
0.785,26.010,1.491,292.976,1.241,43.678,1.116,7.193,0,0,1.197
0.942,30.481,3.962,368.236,1.176,0.612,1.886,14.244,0,0,1.194
1.061,26.757,0.663,224.687,1.465,5.050,1.047,23.687,0,0,1.184
0.832,30.000,5.751,194.921,1.567,50.239,0.246,2.395,1,0,1.141
0.999,27.774,13.936,253.853,1.231,5.258,0.523,32.092,0,0,1.188
0.988,28.704,3.641,197.922,1.622,11.416,1.127,17.433,0,0,1.179
1.131,29.042,4.010,171.172,1.591,0.437,0.390,9.856,0,0,1.176
0.818,30.821,2.464,234.589,1.563,62.940,1.166,6.304,1,1,1.152
1.102,26.998,2.689,284.139,0.837,44.691,1.031,22.504,0,0,1.174
0.874,27.086,5.997,142.983,2.026,41.149,0.630,27.888,0,1,1.174
1.028,26.496,1.157,99.057,2.607,28.583,0.994,15.159,0,1,1.183
1.156,29.010,5.486,87.512,2.588,3.903,0.582,12.550,0,0,1.194
1.092,23.005,4.551,366.009,0.988,0.551,0.264,57.285,0,0,1.198
1.008,26.212,5.849,361.562,1.025,1.213,1.555,23.008,0,0,1.191
1.193,24.601,3.911,198.709,1.621,16.410,1.170,61.820,0,1,1.208
1.087,27.171,3.029,257.650,1.333,0.450,0.493,33.060,0,0,1.189
1.203,27.946,2.374,338.780,0.845,11.525,1.250,29.131,0,0,1.167
1.140,30.460,3.383,238.342,0.861,36.290,2.015,11.896,0,0,1.154
0.917,26.723,2.830,274.789,1.190,28.921,1.474,9.821,0,0,1.184
1.133,25.267,3.041,187.334,1.611,0.448,0.344,36.051,0,0,1.194
0.998,25.445,4.442,224.229,1.607,0.408,0.884,44.125,0,0,1.201
1.363,25.388,1.573,259.757,0.760,2.344,0.567,4.293,0,0,1.153
0.956,26.572,4.281,210.218,1.578,8.037,0.370,17.238,0,0,1.185
1.078,26.750,3.962,235.760,1.457,3.194,0.714,6.442,0,1,1.186
1.246,20.873,3.050,402.128,0.699,3.011,1.047,25.095,0,0,1.180
0.988,21.997,3.411,323.576,1.093,2.839,1.244,22.567,0,0,1.197
0.983,28.249,3.913,272.460,0.855,64.255,1.981,17.614,0,0,1.174
1.010,37.969,4.125,204.484,1.920,1.172,0.184,6.105,0,0,1.195
1.207,23.928,5.154,340.584,0.931,4.239,1.629,26.354,1,0,1.166
0.906,31.017,5.589,145.781,2.622,1.780,0.931,5.178,0,0,1.205
1.107,29.290,4.021,227.561,1.313,14.407,0.456,34.601,0,0,1.179
1.173,28.582,7.222,129.024,1.770,1.841,0.712,12.846,0,0,1.180
1.119,27.287,4.068,243.417,1.305,10.260,1.363,12.032,0,1,1.182
1.330,24.986,2.686,214.971,1.162,12.135,0.442,52.386,0,0,1.192
0.906,27.913,5.949,229.439,1.616,0.805,0.733,4.475,0,0,1.187
1.147,32.115,5.822,224.065,1.189,0.519,2.369,7.453,0,0,1.163
0.896,28.103,6.472,91.338,1.381,66.241,0.650,16.344,0,0,1.141
1.111,25.224,5.161,362.284,1.063,2.797,0.877,42.567,0,1,1.186
0.941,29.797,10.073,171.049,1.654,14.363,0.747,3.214,0,0,1.166
1.053,29.141,0.959,400.761,0.972,1.702,0.562,18.449,0,0,1.184
1.125,27.142,7.418,246.187,1.070,3.017,0.563,10.934,0,0,1.171
0.803,29.446,2.177,354.500,1.430,18.642,0.402,0.643,1,0,1.197
1.141,29.902,6.046,176.613,1.844,2.089,1.739,17.667,0,1,1.202
0.918,34.267,2.239,239.965,1.012,64.489,0.559,3.434,0,0,1.145
1.147,27.354,4.023,355.855,0.955,5.835,0.931,43.918,0,0,1.182
1.158,31.334,7.472,101.505,1.272,31.188,1.011,3.818,0,0,1.145
1.133,24.047,5.474,116.529,2.737,6.491,1.384,19.156,1,1,1.196
1.007,29.130,4.594,324.625,0.950,37.762,2.460,26.956,0,0,1.176
0.967,32.439,4.914,198.303,1.715,20.745,0.803,27.772,0,0,1.177
0.816,36.339,4.176,271.354,2.202,2.865,0.505,19.378,0,1,1.236
1.164,25.670,8.775,135.507,2.261,4.762,0.659,43.922,0,1,1.226
1.243,20.769,3.992,87.863,2.711,0.414,0.262,6.737,0,1,1.207
1.225,27.404,3.995,160.168,1.437,0.451,0.379,9.468,0,0,1.173
1.229,34.658,2.668,215.552,0.818,22.639,0.873,6.291,0,0,1.134
1.544,21.691,2.611,222.086,0.908,13.954,0.800,48.463,0,0,1.199
0.930,27.220,10.979,139.199,2.006,16.155,0.717,35.343,0,0,1.185
1.192,30.827,4.129,127.853,1.934,5.250,1.815,18.356,0,0,1.186
0.858,38.045,5.695,252.705,1.872,8.079,1.124,1.379,0,0,1.201
1.203,26.956,7.746,193.830,1.151,0.498,0.682,9.385,0,0,1.169
0.988,30.996,7.749,331.454,1.427,0.434,0.567,46.589,0,1,1.203
1.041,26.464,1.338,188.349,1.771,1.453,0.846,23.862,0,0,1.192
0.783,34.553,14.650,287.991,1.086,77.911,0.471,2.335,1,0,1.128
1.064,30.608,6.637,158.320,1.996,0.451,1.564,18.995,0,0,1.195
0.905,30.018,5.664,286.483,1.552,0.489,1.092,28.787,0,0,1.204
1.175,27.927,0.665,220.538,1.480,3.483,0.768,10.900,0,1,1.186
0.998,23.295,3.440,185.388,1.867,10.108,0.353,16.811,0,1,1.198
1.046,25.685,6.809,368.091,0.990,0.765,0.358,35.451,0,0,1.194
1.200,24.760,2.473,224.506,1.403,7.586,0.692,34.139,1,0,1.174
1.296,25.293,3.624,100.522,1.974,0.837,0.347,16.253,0,0,1.190
1.114,23.790,3.463,210.062,0.760,65.311,1.140,4.163,0,0,1.193
1.016,28.524,8.736,233.580,1.297,11.963,0.611,22.995,0,0,1.181
0.907,32.116,11.102,170.869,2.586,0.824,0.964,13.329,1,0,1.199
1.029,30.130,3.641,195.857,1.814,0.730,0.992,20.503,0,0,1.195
1.227,25.627,4.444,219.123,1.193,10.470,1.459,3.565,0,1,1.178
1.035,32.398,1.571,302.859,1.128,7.323,0.907,0.737,0,0,1.173
1.337,19.706,2.884,225.758,1.195,0.451,0.978,58.071,0,0,1.210
1.074,29.335,1.582,340.387,0.813,51.311,0.777,29.688,0,0,1.169
1.182,25.666,4.234,319.671,0.820,16.965,1.122,21.937,0,0,1.177
1.048,27.668,4.921,278.636,0.995,18.157,0.603,0.169,0,0,1.172
0.832,36.610,10.810,248.300,1.199,70.555,1.942,5.670,1,0,1.116
1.139,29.569,8.194,101.595,2.330,0.400,0.475,8.905,0,0,1.193
1.080,25.964,5.210,274.918,1.145,10.702,0.916,36.435,0,0,1.190
1.280,34.293,1.001,271.224,0.691,14.657,1.604,6.179,0,0,1.131
1.366,22.904,4.790,200.445,1.172,1.791,0.267,42.185,0,0,1.200
1.001,27.900,6.685,306.077,1.104,28.206,0.576,11.844,1,0,1.166
1.003,35.565,4.636,266.378,0.933,49.751,1.483,11.034,0,0,1.142
1.476,24.139,3.959,271.131,0.702,2.604,0.557,26.245,0,0,1.170
1.022,29.481,6.428,111.507,2.448,5.993,1.355,3.599,0,0,1.187
1.154,33.326,5.113,162.111,2.093,9.788,1.102,30.982,0,1,1.210
1.085,22.016,1.286,162.179,2.194,0.721,1.434,34.540,0,1,1.213
0.971,27.301,3.516,263.307,1.277,34.837,0.196,13.631,0,1,1.185
1.020,28.675,6.234,237.870,1.308,20.275,0.140,0.905,1,0,1.156
1.150,27.967,4.376,275.287,1.131,0.404,0.643,27.229,0,0,1.182
1.363,23.206,0.996,318.495,0.686,0.489,0.371,4.270,0,0,1.159
1.164,30.822,10.214,187.709,1.097,18.432,0.715,22.060,0,0,1.167
1.145,24.349,10.241,75.242,3.129,0.403,0.360,1.015,0,1,1.215
1.206,35.397,11.101,184.266,1.043,3.594,0.498,7.765,0,0,1.149
0.846,28.284,1.593,422.687,0.996,46.235,1.541,3.324,0,0,1.216
0.960,33.279,3.575,331.922,1.277,0.525,0.533,7.514,0,0,1.192
1.227,19.389,1.836,403.283,0.768,3.780,0.394,41.264,0,0,1.191
1.014,36.316,1.460,307.497,1.103,19.001,0.234,1.776,0,0,1.163
1.262,27.317,1.792,207.696,1.137,6.165,1.904,15.434,0,0,1.171
0.706,32.193,4.973,286.496,1.455,63.800,1.349,10.332,0,1,1.175
0.884,32.508,2.090,236.368,2.095,0.434,0.624,3.009,0,1,1.223
0.850,28.770,5.822,207.535,1.762,33.552,0.561,16.197,0,1,1.185
0.874,23.070,2.545,347.609,1.066,31.990,1.605,26.485,0,0,1.210
1.312,29.611,1.499,178.837,1.285,3.941,0.727,20.186,0,0,1.172
1.239,27.206,4.005,241.374,1.136,0.404,0.719,4.415,1,0,1.153
0.960,31.549,6.456,290.429,1.483,0.435,1.050,8.976,0,1,1.196
1.114,25.425,1.070,135.553,2.436,0.407,0.985,5.506,0,1,1.211
0.946,32.011,7.522,176.927,1.944,5.505,1.120,2.264,0,0,1.186
0.955,30.516,2.299,243.997,1.309,33.151,0.438,20.807,0,0,1.173
1.070,30.623,7.310,310.160,1.001,3.651,0.705,8.218,0,0,1.172
1.009,27.436,5.332,202.789,1.474,5.088,0.557,0.242,0,0,1.176
1.162,25.721,2.935,250.016,1.146,0.403,0.284,15.405,0,0,1.179
1.118,26.682,4.046,167.202,1.617,1.510,0.387,10.467,0,0,1.182
1.164,25.572,5.644,210.458,1.105,29.635,0.235,47.532,0,0,1.191
1.136,23.319,1.258,460.088,0.772,2.251,0.978,27.136,0,0,1.188
1.153,28.539,15.499,230.398,1.104,0.635,0.384,6.119,0,1,1.175
1.144,24.458,3.426,311.036,1.058,5.517,0.870,47.005,0,0,1.194
1.049,23.287,9.736,184.036,1.277,9.963,0.855,5.354,0,0,1.175
1.155,25.143,3.367,150.705,1.956,3.055,0.719,0.792,0,1,1.197
1.096,24.423,8.060,156.964,2.130,2.705,1.457,39.935,0,1,1.222
1.133,26.279,4.624,168.908,1.469,27.240,0.309,6.696,0,1,1.184
1.006,26.504,1.233,312.221,0.746,79.627,0.464,8.029,0,0,1.198
0.946,34.150,8.984,177.770,1.035,66.501,1.053,23.553,0,0,1.136
0.997,25.417,2.815,291.610,1.166,17.671,1.553,29.246,0,0,1.193
0.886,26.018,5.206,169.530,1.650,35.967,2.112,61.173,0,0,1.182
1.068,37.993,3.059,356.329,1.068,0.800,0.440,5.698,0,1,1.165
0.928,25.125,11.753,106.504,2.580,1.105,0.251,12.488,0,0,1.188
0.844,29.988,2.599,192.561,1.429,52.412,1.235,10.571,0,0,1.162
1.259,23.530,2.503,311.741,1.060,5.764,1.072,38.026,0,1,1.186
1.155,27.968,3.000,215.418,1.524,1.005,0.915,40.408,0,0,1.197
1.146,27.948,9.387,187.855,1.806,6.078,0.759,47.472,0,1,1.221
1.154,24.734,4.756,90.590,2.631,0.454,0.793,27.026,0,0,1.204
1.096,23.040,2.356,292.316,0.794,56.881,0.872,24.469,0,0,1.202
0.786,35.394,8.429,178.081,1.207,77.844,0.135,1.340,0,0,1.123
1.371,24.255,1.292,205.146,1.273,4.096,1.919,47.564,0,0,1.197
1.035,26.342,2.505,189.685,1.803,0.776,2.585,29.312,0,0,1.199
0.883,30.799,7.911,230.076,1.804,0.551,1.686,10.288,0,0,1.200
1.065,25.632,3.246,237.137,1.189,11.310,0.399,3.069,0,0,1.179
0.992,23.197,3.691,134.337,1.666,51.064,1.487,19.700,0,1,1.187
1.149,27.372,5.278,196.892,1.547,0.786,0.816,36.011,0,0,1.198
0.884,27.420,2.919,239.228,1.806,0.619,0.797,31.747,0,0,1.209
0.984,33.044,9.259,486.337,0.929,22.430,1.040,22.937,1,0,1.173
1.259,24.388,2.878,138.859,2.026,0.429,1.510,56.980,0,0,1.218
1.174,26.588,11.302,288.738,0.801,6.984,0.461,14.476,0,0,1.174
0.868,31.825,4.644,251.441,1.684,9.691,0.348,8.532,0,0,1.197
1.192,25.467,6.613,141.472,2.174,0.443,0.436,27.737,0,1,1.221
1.059,27.573,7.093,120.956,2.378,3.898,1.057,28.900,0,0,1.204
1.054,25.240,2.346,390.139,1.050,1.296,1.958,13.119,1,0,1.182
1.071,28.994,3.075,157.186,2.611,9.295,0.229,58.873,0,1,1.228
0.840,32.376,13.854,161.918,1.702,36.060,0.585,9.368,0,0,1.153
0.940,35.857,4.896,197.081,1.215,50.170,0.341,2.190,0,0,1.140
1.499,26.565,3.024,66.020,1.823,0.413,0.934,2.199,0,0,1.185
0.981,29.215,2.787,381.568,1.290,3.401,0.357,67.241,0,0,1.205
0.946,23.297,12.291,177.313,1.750,0.421,1.227,50.002,0,0,1.213
1.053,28.857,7.126,240.660,1.300,5.218,0.748,17.466,0,0,1.184
1.297,24.252,6.660,160.144,1.615,5.626,2.099,37.382,1,0,1.190
0.954,25.801,9.454,174.357,2.148,0.967,0.374,13.404,0,1,1.210
1.148,26.286,2.326,308.343,1.010,0.456,1.265,15.876,0,0,1.181
0.767,28.931,4.247,458.283,1.078,56.921,0.511,63.537,0,0,1.194
1.133,29.173,2.120,295.503,1.133,3.861,0.496,26.804,0,0,1.183
1.053,25.555,2.539,325.167,1.383,1.021,0.836,60.244,1,0,1.192
0.718,31.640,7.404,296.029,1.876,15.440,0.585,6.363,1,0,1.201
0.917,33.722,2.527,254.342,1.552,20.153,0.275,13.783,0,0,1.185
1.055,30.094,1.896,356.804,1.056,7.266,0.268,21.698,0,0,1.186
1.107,23.712,8.520,260.353,1.172,5.376,0.500,52.500,0,0,1.209
0.990,29.511,13.405,159.550,1.751,4.282,0.512,6.479,0,0,1.178
1.190,28.603,5.842,355.201,0.871,2.905,0.665,9.473,1,0,1.155
0.908,31.955,10.221,232.184,1.076,66.156,0.937,6.507,0,1,1.161
0.921,26.115,1.371,171.735,1.630,28.082,0.274,4.968,0,0,1.177
0.880,27.793,3.889,251.952,1.586,31.902,2.014,37.546,0,1,1.194
1.255,24.087,8.366,196.029,1.450,1.965,1.161,71.284,0,0,1.230
0.934,27.262,5.991,232.877,1.400,12.631,0.286,1.582,0,0,1.183
1.099,30.220,15.236,246.677,1.022,7.190,0.453,20.310,0,0,1.177
1.114,22.737,6.970,137.226,1.466,43.210,0.801,8.689,0,1,1.194
1.218,22.482,5.435,103.676,2.343,14.999,0.547,35.115,0,1,1.216
1.230,28.510,8.262,200.589,1.029,0.400,1.368,3.841,0,0,1.164
1.114,34.802,3.827,146.439,1.659,16.637,0.589,5.380,0,0,1.166
0.859,27.847,0.953,314.812,1.528,0.419,1.184,26.069,0,0,1.216
0.901,33.699,0.891,275.268,1.189,45.800,1.038,0.524,0,0,1.170
0.903,30.968,4.416,381.779,1.216,0.464,0.652,8.103,0,0,1.208
1.181,27.123,5.503,138.927,2.136,1.756,0.690,11.864,0,1,1.212
1.075,24.222,4.828,327.037,1.018,1.656,0.340,21.492,0,0,1.194
0.953,26.470,7.196,261.560,1.396,0.433,0.692,17.771,0,0,1.197
1.036,22.810,6.546,340.949,0.830,33.641,0.338,10.459,0,0,1.204
1.206,32.802,4.484,125.364,2.103,0.718,1.096,14.593,0,0,1.199
1.316,25.310,7.334,257.881,0.888,0.519,0.686,28.139,0,0,1.184
1.074,26.516,12.412,306.764,0.871,2.893,0.174,0.873,0,0,1.173
0.849,34.715,10.977,134.287,1.756,60.179,0.182,2.163,1,0,1.111
1.185,23.798,11.100,177.309,1.405,1.445,0.973,44.757,0,0,1.214
0.995,25.004,2.698,415.698,1.091,2.327,1.385,67.210,0,0,1.208
1.079,24.892,8.580,161.305,1.804,21.049,0.850,41.483,0,1,1.210
0.976,24.330,7.318,186.202,1.693,4.488,1.408,33.051,0,0,1.200
1.161,32.132,9.263,291.096,0.714,14.759,1.637,0.813,0,0,1.150
1.091,37.125,4.568,188.376,2.057,0.861,2.169,23.708,0,0,1.211
1.148,30.635,7.697,116.133,1.920,7.557,1.563,8.676,0,0,1.182
1.107,23.163,1.735,113.862,1.951,25.411,0.170,59.943,0,0,1.194
0.902,28.748,12.640,418.726,0.922,17.838,0.441,1.615,0,0,1.199
1.149,27.419,3.669,172.914,2.436,1.171,0.304,71.549,0,1,1.242
1.119,26.656,11.151,195.542,1.537,0.772,0.934,18.868,1,0,1.177
1.132,27.050,2.384,257.796,1.587,0.555,0.198,48.196,0,1,1.210
0.955,26.092,5.425,255.727,1.573,7.561,1.452,16.931,0,1,1.203
1.152,22.224,5.207,334.187,0.810,18.827,0.906,18.584,0,0,1.196
1.130,31.946,1.833,194.233,1.520,1.604,0.492,4.577,0,0,1.179
1.350,22.784,2.167,141.516,1.452,1.588,1.030,12.127,0,0,1.186
1.124,27.368,6.760,330.856,0.695,42.829,0.283,14.295,0,0,1.182
1.120,25.314,6.842,175.156,1.917,0.457,0.782,72.255,0,0,1.230
0.931,30.619,11.255,166.928,2.155,15.229,0.777,17.569,1,0,1.175
1.121,27.026,3.254,162.961,2.321,1.287,0.789,38.645,0,1,1.228
1.047,25.511,7.028,191.405,1.704,3.696,1.219,49.726,0,0,1.211
0.945,28.471,11.340,227.802,1.339,15.062,0.349,10.905,0,0,1.180
1.517,20.879,0.954,259.103,0.968,0.400,0.211,48.704,0,0,1.196
1.412,24.899,3.367,255.137,0.762,3.159,0.299,13.837,0,0,1.168
1.043,29.950,2.387,151.808,2.363,6.460,0.667,37.299,0,0,1.210
1.246,21.678,2.287,85.444,3.362,0.561,1.743,51.076,0,1,1.238
0.964,26.418,7.588,274.777,1.443,0.405,0.565,46.702,0,0,1.213
1.036,27.154,10.543,209.295,1.525,6.894,0.824,2.377,0,1,1.190
0.952,36.712,3.631,340.611,0.966,44.384,0.769,3.384,0,0,1.161
1.046,29.938,10.775,246.629,1.114,7.428,0.186,1.956,0,0,1.170
0.855,35.744,7.533,271.133,1.613,14.799,1.742,3.731,0,0,1.193
1.098,32.423,6.438,215.319,1.686,7.113,1.030,2.508,1,1,1.178
1.205,26.925,0.568,239.381,1.106,18.055,0.349,26.052,0,0,1.181
1.023,20.904,5.271,341.650,0.865,35.982,0.207,26.360,0,0,1.215
0.983,29.500,8.083,332.874,0.850,43.742,0.766,5.656,0,0,1.182
1.125,23.822,4.051,155.494,1.264,36.196,0.760,30.525,0,0,1.190
0.893,23.942,3.955,178.118,1.628,46.790,0.311,12.820,0,1,1.192
1.110,28.862,9.128,112.425,2.394,6.581,0.471,35.032,0,0,1.212
1.227,30.509,4.949,276.210,0.873,4.112,0.293,9.928,0,0,1.163
0.953,26.367,1.971,298.107,1.294,31.557,0.983,25.650,0,1,1.197
1.253,26.417,2.951,325.926,0.822,1.129,0.242,16.429,0,0,1.173
1.124,24.224,8.062,225.830,1.158,0.777,1.646,8.677,0,0,1.183
0.932,30.817,8.101,360.605,1.060,24.176,1.056,18.133,0,0,1.192
1.244,25.992,4.545,155.107,1.548,9.696,0.467,35.961,0,0,1.199
1.083,24.094,3.779,184.514,1.817,1.471,1.178,59.823,0,0,1.217
0.900,29.245,3.827,281.059,1.552,1.964,1.390,17.269,0,0,1.208
0.966,29.816,2.547,290.520,1.316,7.124,0.115,5.703,0,0,1.194
1.082,29.027,8.256,181.386,1.233,27.343,0.269,19.090,0,0,1.175
1.309,20.944,3.649,156.516,1.982,0.745,0.235,48.492,0,1,1.231
1.178,25.459,0.991,277.671,1.096,5.721,1.050,24.598,0,0,1.188
1.067,24.896,1.911,311.521,1.018,10.630,1.308,3.464,0,0,1.191
1.090,32.776,3.292,372.387,0.962,1.798,0.941,12.474,0,0,1.178
1.011,22.596,5.645,454.853,0.846,5.131,0.624,19.840,0,0,1.212
1.093,29.476,3.304,127.159,2.371,5.424,2.300,21.820,0,0,1.205
1.145,29.665,4.015,137.132,2.379,5.771,0.731,48.907,0,0,1.219
1.010,25.063,4.969,172.458,1.898,1.806,1.925,32.516,0,0,1.205
1.236,25.191,7.413,258.641,0.853,5.572,1.492,7.219,0,0,1.176
1.094,29.710,5.683,281.982,1.369,1.596,0.663,24.407,1,0,1.181
1.005,25.750,2.333,406.174,0.964,2.851,0.630,6.074,0,0,1.204
1.154,30.050,2.615,216.976,1.746,1.380,0.566,54.979,0,0,1.212
0.892,26.460,1.557,205.518,1.810,10.961,0.594,18.244,0,0,1.200
0.885,28.977,6.764,257.575,0.852,83.440,1.253,1.543,0,0,1.184
0.960,25.438,7.755,422.728,0.972,0.450,0.750,19.380,0,0,1.211
1.362,25.030,1.500,227.423,1.174,0.400,0.956,38.482,0,0,1.194
0.990,27.028,2.308,220.893,1.350,28.738,0.944,22.687,0,0,1.187
1.060,33.871,9.567,405.925,0.832,1.232,0.842,4.916,0,0,1.174
1.143,22.976,1.156,244.664,1.239,0.994,0.470,16.719,0,0,1.193
1.041,33.516,8.534,179.661,1.475,16.074,0.677,4.037,0,0,1.169
1.150,26.631,1.450,173.613,1.004,48.934,0.401,10.589,0,0,1.177
1.084,26.674,8.303,125.401,2.880,2.793,0.626,46.790,0,1,1.246
0.796,28.121,3.734,381.899,1.377,0.750,0.497,14.358,0,0,1.232
1.017,30.568,5.230,223.997,1.734,0.771,1.277,2.439,1,0,1.182
1.176,26.738,8.070,118.136,1.961,20.410,1.883,15.933,0,1,1.204
1.013,24.615,2.810,373.374,1.030,17.869,0.179,49.276,0,0,1.206
1.279,23.536,4.096,105.863,2.974,0.514,1.200,59.292,0,1,1.252
1.159,26.451,3.619,343.952,0.759,21.166,1.018,3.699,0,0,1.182
1.063,38.447,12.121,353.358,0.905,7.151,0.841,10.307,0,0,1.162
1.059,25.735,1.633,343.680,1.145,0.560,1.309,37.231,0,0,1.203
0.985,31.081,6.514,223.362,1.594,0.693,0.751,2.862,0,0,1.192
1.090,26.433,8.637,179.396,1.489,0.420,0.568,7.604,0,0,1.186
1.256,24.774,0.671,85.996,3.046,0.412,1.278,48.820,0,0,1.226
0.976,28.957,4.660,280.753,1.418,7.377,0.220,32.748,0,0,1.204
1.450,20.517,1.560,92.223,1.884,0.401,2.046,10.978,0,0,1.198
1.038,25.429,9.277,367.714,0.923,0.468,0.890,12.427,0,0,1.196
0.861,32.240,3.853,192.093,1.002,84.581,0.777,0.702,0,0,1.154
1.150,27.365,2.868,484.088,0.800,6.409,1.114,48.097,0,0,1.184
1.082,22.310,1.639,359.439,1.090,10.678,1.495,29.476,0,1,1.200
1.102,33.018,1.219,241.944,1.226,9.308,0.329,0.225,0,0,1.172
1.245,24.210,4.006,153.859,1.546,3.542,0.605,22.371,0,0,1.197
1.305,31.642,12.489,98.811,1.664,0.400,1.199,13.945,0,0,1.194
0.999,31.249,2.747,204.701,1.999,4.444,0.843,33.313,0,0,1.213
1.348,27.427,7.146,141.379,1.306,16.117,0.611,3.958,0,1,1.191
1.266,26.536,4.688,120.820,2.538,0.439,1.589,32.842,0,1,1.240
1.082,34.252,9.953,419.015,0.885,0.666,0.116,4.256,1,0,1.161
0.893,30.319,10.200,263.867,0.912,73.041,0.297,24.841,0,0,1.173
1.190,26.434,6.165,295.554,0.878,1.507,0.256,6.320,0,0,1.177
0.896,31.400,6.740,240.523,0.965,69.859,2.050,2.816,0,0,1.166
1.322,30.178,2.589,202.788,0.971,2.894,0.396,3.186,0,0,1.160
0.964,24.836,6.711,360.974,1.077,9.032,0.567,34.062,0,0,1.211
0.873,27.188,3.925,281.634,1.162,52.334,0.295,44.383,0,0,1.191
1.206,26.539,3.661,254.128,1.015,0.766,0.718,3.907,0,0,1.176
1.361,25.867,2.485,81.299,2.051,0.639,0.608,0.577,0,0,1.191
1.067,23.926,0.831,293.021,1.105,13.349,0.496,15.389,0,0,1.198
1.159,26.393,4.449,228.387,1.152,21.540,0.728,1.693,1,0,1.164
0.898,31.908,1.980,260.326,1.702,15.019,0.652,0.806,0,1,1.208
0.855,30.340,11.463,312.373,1.249,22.903,0.867,13.709,0,0,1.195
0.949,26.194,10.323,236.484,1.498,0.423,0.539,23.641,0,0,1.204
1.268,28.319,7.812,228.933,0.766,14.015,1.373,3.884,0,0,1.165
1.132,24.406,7.127,240.789,1.180,0.512,0.740,19.224,0,0,1.195
1.128,26.437,4.985,376.447,0.838,0.400,0.171,8.108,0,0,1.186
1.308,22.368,1.904,224.328,1.368,2.188,0.676,67.415,0,0,1.219
1.340,29.743,4.667,267.055,0.629,34.986,2.204,28.130,0,0,1.167
1.168,27.912,7.935,301.649,0.850,2.133,0.753,4.180,0,0,1.173
1.171,27.429,3.231,336.076,1.031,0.518,0.195,38.168,0,0,1.193
1.047,24.712,5.320,181.804,1.703,0.944,0.635,22.705,0,0,1.202
1.272,24.047,2.178,245.474,1.104,41.856,2.062,66.181,1,0,1.184
1.061,25.804,4.700,144.059,1.295,56.630,0.696,6.616,1,0,1.161
1.043,30.460,4.717,274.764,1.426,6.188,1.015,39.678,0,0,1.204
0.912,27.444,2.821,187.149,1.823,13.365,0.189,4.072,0,0,1.194
1.140,29.326,8.206,198.034,1.217,9.472,0.104,8.981,0,0,1.178
0.920,30.228,3.289,292.358,1.584,9.299,1.640,16.191,0,1,1.211
1.067,31.951,6.468,138.703,1.363,37.014,0.594,7.709,0,0,1.159
1.397,26.122,7.155,121.992,2.063,0.808,0.183,31.246,0,1,1.238
1.086,31.222,2.589,361.187,0.950,0.660,1.300,0.868,0,0,1.182
1.193,26.177,7.618,191.480,1.201,15.801,0.572,28.530,0,0,1.195
1.020,25.310,3.327,284.145,1.494,0.677,1.388,28.985,0,1,1.212
1.056,35.802,6.020,129.543,2.034,19.931,0.650,5.392,0,0,1.179
1.230,23.032,6.297,283.991,1.056,1.441,1.088,51.956,0,0,1.212
0.923,33.949,3.820,247.585,1.763,15.145,0.714,1.107,1,0,1.184
1.069,27.336,3.660,145.025,2.455,1.723,0.198,7.410,0,1,1.224
1.036,31.899,5.347,253.110,1.068,32.107,1.866,8.445,0,0,1.171
1.249,32.038,2.163,351.347,0.739,2.328,0.891,9.820,0,0,1.158
1.323,32.945,8.328,173.837,1.591,0.423,0.599,29.671,0,1,1.217
0.935,25.847,2.361,234.820,1.816,6.555,1.602,14.681,0,1,1.215
1.066,27.299,2.796,157.555,1.848,6.285,0.838,8.092,0,0,1.193
1.429,21.687,4.173,172.509,1.392,0.463,0.508,47.748,0,0,1.222
1.030,23.799,3.201,458.472,0.926,1.423,0.650,42.968,0,0,1.212
1.280,25.248,2.227,153.731,1.457,16.476,0.450,32.605,0,0,1.198
1.077,31.925,11.143,136.339,1.295,33.205,0.868,10.672,0,0,1.161
0.866,22.928,2.973,235.590,1.975,0.789,0.387,50.957,0,1,1.228
1.075,30.030,4.426,369.190,0.954,2.461,0.610,9.289,0,0,1.188
1.000,24.213,4.140,287.072,1.435,0.400,0.757,23.962,1,0,1.196
1.161,24.519,3.674,409.355,0.760,0.400,0.162,6.394,0,0,1.188
1.157,31.679,3.356,302.474,1.155,14.122,0.554,29.995,0,1,1.183
0.958,28.106,5.064,128.493,2.925,0.400,1.000,30.068,0,0,1.228
1.144,27.718,12.295,375.884,0.750,0.475,1.072,16.788,0,0,1.184
0.719,31.580,6.225,293.452,1.771,14.672,1.307,5.224,0,0,1.222
1.142,26.815,12.828,247.013,1.081,4.286,1.482,30.502,0,0,1.200
1.101,27.277,3.193,322.359,0.996,8.672,1.697,12.161,0,0,1.190
1.087,32.880,5.149,178.128,1.872,0.444,1.079,12.523,0,0,1.203
1.245,29.143,2.567,293.832,1.029,1.608,0.432,30.715,0,0,1.184
1.033,27.322,2.055,345.993,1.189,0.662,1.800,32.699,0,0,1.207
1.133,30.329,11.401,195.439,1.355,15.816,1.473,11.552,0,1,1.191
1.217,28.460,7.807,155.578,1.699,2.292,0.203,2.205,0,1,1.202
0.942,29.524,7.423,389.365,1.236,4.267,1.260,52.167,0,0,1.218
1.095,37.279,0.708,229.632,1.204,22.095,0.519,2.325,0,0,1.159
0.900,32.776,7.489,231.228,1.582,38.978,1.644,17.213,1,0,1.162
1.283,24.091,3.884,153.629,1.622,0.414,0.433,30.293,0,0,1.208
1.343,26.724,6.009,156.041,1.221,0.661,0.611,9.067,0,0,1.183
1.200,27.123,1.763,415.955,0.786,10.129,1.395,31.468,0,0,1.183
1.113,27.003,6.588,292.154,1.078,0.720,0.475,18.218,0,0,1.193
0.814,29.621,3.352,337.600,1.617,9.473,1.940,26.155,0,1,1.224
1.206,25.950,8.262,150.737,1.707,0.874,2.198,34.041,0,0,1.213
0.904,29.503,1.822,257.293,1.097,84.256,0.365,28.855,0,1,1.178
0.803,31.061,5.400,161.346,2.268,40.118,1.037,6.314,0,1,1.189
1.075,22.529,4.158,238.052,1.147,22.731,0.989,25.298,0,0,1.204
1.078,29.994,5.865,199.346,1.725,1.686,0.709,27.499,0,0,1.208
1.077,20.518,9.912,348.786,0.858,0.593,0.149,3.905,0,0,1.200
1.212,27.039,2.192,206.380,1.478,3.612,0.215,37.028,0,0,1.203
1.474,20.929,2.001,203.767,1.145,0.528,0.407,33.176,0,0,1.206
1.241,31.361,5.957,196.699,1.392,1.828,0.219,6.872,0,1,1.192
1.087,25.146,5.054,344.210,0.937,7.155,1.174,11.231,0,0,1.197
1.004,35.392,4.069,151.751,1.487,40.849,0.405,2.118,0,0,1.153
1.295,23.350,2.409,198.682,1.307,21.727,0.850,67.872,0,0,1.216
0.801,23.618,2.341,387.033,1.431,0.401,1.818,51.773,0,1,1.229
1.033,25.054,7.155,279.845,1.165,13.777,1.660,35.543,0,0,1.207
1.070,24.093,2.633,223.384,1.207,58.112,0.135,47.566,0,1,1.204
1.159,32.518,6.798,88.403,3.045,3.927,1.356,14.081,0,0,1.231
0.861,28.217,5.620,249.641,1.787,0.418,1.115,21.866,0,0,1.219
1.072,32.010,3.963,242.103,1.338,5.887,0.946,6.511,0,0,1.186
0.983,26.945,10.846,227.269,1.560,4.985,0.497,43.862,0,0,1.217
1.068,26.728,3.980,135.889,2.570,10.734,0.524,32.381,0,1,1.227
1.066,29.991,14.219,128.137,2.567,15.981,0.140,51.375,0,1,1.240
1.070,30.820,7.769,238.070,1.272,0.719,0.691,0.973,0,0,1.182
1.112,24.716,3.674,131.454,2.074,1.006,0.280,14.842,0,0,1.202
1.122,27.513,2.484,224.488,1.298,5.088,0.314,5.170,0,0,1.187
0.957,27.785,10.438,193.381,1.477,47.897,0.139,44.652,0,1,1.197
1.001,23.531,0.434,208.666,2.081,0.405,0.360,45.775,0,1,1.228
1.105,28.331,5.358,277.800,1.087,24.993,1.545,40.121,0,0,1.194
1.183,27.420,2.320,275.063,1.040,30.233,0.124,18.178,1,0,1.170
1.122,31.130,9.170,146.109,1.629,8.686,0.269,6.793,0,0,1.183
1.188,28.841,8.637,370.432,0.858,7.139,0.638,26.081,0,1,1.180
1.115,28.297,3.027,130.653,2.514,0.935,0.295,33.581,0,0,1.224
1.098,22.326,4.045,115.415,2.446,0.400,0.554,50.477,0,0,1.222
0.916,30.764,10.847,252.424,1.311,19.325,0.731,0.901,0,0,1.184
1.228,26.314,2.226,79.448,2.656,1.035,0.749,2.560,0,0,1.206
1.410,24.492,2.678,220.148,1.005,0.719,1.562,19.895,0,0,1.188
1.101,23.010,5.096,172.757,1.540,16.462,0.338,47.762,0,0,1.212
0.951,24.928,7.421,280.466,1.121,47.398,1.855,12.532,1,0,1.188
1.302,27.751,5.498,122.118,2.082,0.782,0.509,6.938,0,1,1.221
0.949,28.074,10.739,229.449,1.554,3.205,1.442,18.330,0,0,1.204
0.983,30.730,5.404,288.140,1.627,3.338,0.118,57.704,0,0,1.223
1.339,25.559,4.001,269.742,0.822,2.921,0.180,12.265,0,0,1.178
1.415,21.579,3.231,163.671,0.705,78.802,0.676,0.321,1,0,1.212
0.860,30.801,11.183,168.695,2.225,22.383,1.348,3.413,0,1,1.202
1.143,23.070,1.703,288.212,1.296,0.787,0.295,29.325,1,0,1.192
1.245,24.288,2.207,123.739,1.836,1.337,1.045,6.401,0,0,1.195
1.043,25.614,10.494,335.343,1.021,1.883,1.056,26.435,0,0,1.207
0.822,30.605,7.344,230.742,1.752,17.704,0.829,5.691,0,0,1.200
1.036,30.853,15.326,136.610,0.953,50.426,0.645,9.192,0,0,1.158
1.054,26.399,2.084,118.461,1.728,50.446,0.293,20.281,1,0,1.158
1.202,27.064,7.140,287.318,0.707,27.666,0.451,3.583,0,0,1.180
1.048,25.331,7.052,371.505,1.024,1.090,0.954,37.309,0,0,1.212
1.050,30.007,4.470,158.504,1.422,33.789,1.258,8.801,0,0,1.173
1.104,29.605,2.539,220.446,0.680,78.452,0.479,8.190,0,0,1.179
0.906,25.394,2.555,310.653,1.446,7.901,0.212,2.842,0,1,1.216
0.992,32.621,3.444,282.664,1.478,0.428,0.425,12.684,0,0,1.207
0.983,27.693,2.410,193.526,1.798,13.911,0.390,29.362,0,0,1.203
0.763,27.177,3.068,159.477,2.398,20.873,0.147,25.207,0,0,1.199
1.143,29.985,2.438,253.697,1.289,8.992,0.308,28.982,0,0,1.194
0.914,24.647,12.558,150.572,2.357,0.517,1.847,15.956,1,0,1.192
1.159,25.618,2.276,195.655,1.707,3.479,0.779,52.005,0,0,1.218
1.136,24.018,3.401,290.475,1.005,9.001,0.636,8.950,0,0,1.196
0.954,24.680,5.913,369.611,1.186,0.467,1.718,51.905,0,0,1.225
1.385,37.973,6.297,210.577,0.730,2.796,0.748,6.322,0,1,1.147
1.116,28.969,2.056,223.991,1.373,3.061,0.662,5.658,0,0,1.190
1.187,26.997,2.214,417.456,0.910,0.908,1.446,49.995,0,0,1.193
1.149,25.258,0.976,259.782,1.291,0.596,0.483,28.199,0,0,1.203
1.156,30.458,4.416,253.829,1.097,22.586,1.713,30.392,0,0,1.185
1.456,24.103,2.848,205.475,1.160,10.491,0.185,51.812,0,0,1.213
1.086,28.417,4.752,194.134,1.846,5.215,0.174,48.820,0,0,1.219
1.137,29.456,5.141,247.735,1.149,2.843,0.951,4.725,0,0,1.183
1.265,25.344,7.441,191.573,1.137,8.040,0.123,19.468,0,0,1.196
1.209,26.233,5.390,127.164,1.987,9.351,0.117,41.847,0,0,1.216
1.006,29.790,3.157,478.244,0.950,1.361,0.188,20.483,0,0,1.212
1.434,23.154,2.247,159.302,1.627,0.477,1.144,52.601,0,0,1.227
1.232,23.102,0.744,357.327,1.091,0.617,1.609,48.807,0,1,1.197
0.817,32.127,2.462,305.835,1.755,21.461,0.391,23.027,1,0,1.204
0.858,30.001,5.503,214.078,1.071,79.961,0.632,26.566,0,0,1.172
0.995,25.065,3.965,205.614,1.978,1.033,1.102,19.129,0,1,1.223
1.251,28.048,0.694,147.798,1.907,0.410,0.809,23.773,0,0,1.208
1.064,26.049,3.302,193.918,1.981,7.769,0.661,35.265,0,1,1.224
0.914,23.822,1.667,182.218,1.489,36.355,1.389,9.028,0,0,1.194
0.925,27.730,7.347,400.902,1.103,22.003,0.773,8.351,1,0,1.202
1.200,24.354,4.959,177.648,1.855,4.171,1.181,34.102,0,1,1.227
1.022,22.262,3.847,337.231,0.968,29.412,0.708,32.673,0,0,1.218
1.355,27.772,6.552,85.837,3.149,0.471,1.559,35.764,0,1,1.270
1.100,24.748,3.207,240.409,1.193,7.888,1.466,0.217,0,0,1.192
1.047,22.439,5.951,218.936,1.400,9.174,0.537,41.481,0,0,1.215
1.069,22.547,5.026,191.012,1.662,5.848,0.591,60.624,0,0,1.225
1.170,25.691,6.275,129.583,2.614,4.992,0.518,49.080,0,1,1.247
0.886,30.143,2.979,147.579,1.642,55.685,1.630,24.365,0,0,1.165
0.973,29.002,3.638,228.185,1.574,5.900,0.640,2.196,0,0,1.201
0.979,30.845,0.735,141.246,2.712,19.449,1.407,14.527,0,1,1.223
0.945,24.223,2.057,348.298,1.380,0.458,0.376,33.649,0,1,1.220
1.042,30.387,1.715,237.764,1.546,4.676,0.626,14.750,0,0,1.203
1.277,27.622,4.521,175.639,1.268,1.280,0.662,6.402,0,0,1.185
1.171,27.337,9.881,264.665,1.107,10.841,1.163,16.904,0,1,1.197
0.892,26.953,12.834,218.044,2.112,1.624,1.267,7.241,1,1,1.207
1.404,24.576,1.060,104.921,2.450,0.400,1.117,15.342,0,1,1.234
1.329,26.472,0.630,219.666,1.251,0.794,0.592,29.144,0,0,1.197
0.951,21.326,7.459,263.251,1.088,30.315,1.497,4.738,0,0,1.211
1.110,28.079,3.283,140.953,2.551,0.464,1.531,10.948,0,1,1.236
1.253,22.969,1.846,352.150,0.837,9.843,0.127,30.235,0,0,1.198
1.151,27.827,2.303,176.948,2.042,0.415,0.984,17.060,0,1,1.225
1.409,24.718,11.721,105.409,2.382,2.864,0.668,55.901,0,1,1.277
0.880,36.292,1.318,92.146,1.885,70.952,0.976,4.500,0,0,1.124
1.300,20.685,5.384,111.728,2.078,17.586,0.326,30.463,0,1,1.229
1.041,27.391,7.203,160.613,2.048,1.854,0.468,29.234,0,0,1.217
1.167,28.609,2.328,259.246,1.279,3.147,0.606,29.455,0,0,1.200
1.099,23.916,2.043,252.382,1.368,2.480,1.246,36.762,0,0,1.212
1.168,23.400,3.899,92.044,2.516,0.405,0.615,13.838,0,0,1.209
1.337,20.523,1.456,218.500,1.122,0.400,0.373,10.299,0,0,1.196
0.951,34.005,1.873,322.340,1.395,2.714,0.366,3.925,0,0,1.212
0.993,32.754,3.988,208.781,2.056,1.010,0.710,24.398,0,0,1.225
0.811,28.483,4.764,218.414,2.056,7.666,1.131,22.783,0,0,1.221
0.794,34.740,5.438,464.418,1.087,48.622,0.297,2.412,0,0,1.222
1.146,22.994,1.319,252.274,1.399,0.414,0.848,54.170,0,0,1.219
1.024,26.870,2.116,177.597,1.772,7.245,0.207,3.950,0,0,1.199
1.155,27.675,7.409,154.945,1.881,0.580,0.541,30.808,0,0,1.217
1.265,28.580,5.037,193.096,1.540,0.901,0.501,42.834,0,0,1.216
0.960,30.895,8.866,315.986,1.228,4.222,0.279,6.502,0,0,1.202
1.456,22.652,6.928,115.472,1.310,0.406,0.330,2.129,0,0,1.194
0.882,23.947,11.261,187.267,2.343,9.620,0.952,51.099,1,1,1.218
0.961,26.442,8.612,300.231,0.847,65.241,0.429,17.992,0,0,1.206
1.076,31.972,5.150,277.326,1.137,5.899,1.504,0.814,0,0,1.184
1.236,29.868,6.217,156.680,1.761,0.437,1.159,28.752,0,0,1.213
0.858,28.858,3.364,216.691,1.629,38.083,0.938,41.019,0,0,1.192
0.966,23.392,5.059,129.751,2.776,7.071,1.798,29.375,0,1,1.228
0.963,27.319,7.415,116.751,2.299,14.838,0.299,4.968,0,0,1.191
1.211,22.616,0.760,366.771,1.063,0.979,0.305,41.712,0,1,1.198
0.707,30.356,3.835,413.901,1.578,11.239,0.716,8.343,1,0,1.245
0.933,31.912,4.443,291.140,0.991,58.948,0.848,5.160,0,0,1.182
1.373,26.360,7.659,124.359,2.159,0.441,2.034,33.857,0,1,1.249
1.195,28.005,2.767,270.281,0.845,41.392,0.192,25.036,0,0,1.187
0.900,25.734,3.703,210.966,1.938,0.843,1.799,31.812,0,0,1.222
1.171,23.894,2.491,262.566,1.107,0.829,0.191,5.382,0,0,1.194
1.280,24.462,1.416,338.693,0.777,9.009,0.983,11.955,0,0,1.187
1.115,27.021,4.395,226.212,1.686,3.513,1.444,67.560,0,0,1.228
1.061,28.838,3.410,200.118,1.480,11.134,0.673,2.669,0,0,1.191
1.094,30.334,3.693,228.334,1.545,1.695,0.903,22.360,0,0,1.206
0.791,27.421,5.107,177.715,2.215,15.874,0.242,19.325,0,0,1.207
1.077,25.719,2.377,413.691,0.885,34.982,2.418,7.544,1,0,1.197
1.106,28.203,1.707,350.554,0.773,72.842,0.436,18.020,0,1,1.190
0.888,27.440,10.970,254.766,1.118,45.497,0.521,10.885,0,0,1.194
1.485,20.911,3.263,299.524,1.101,0.403,2.189,64.781,0,1,1.217
1.139,25.515,0.581,344.699,0.879,30.321,0.146,22.138,0,0,1.200
1.184,24.867,3.425,146.361,1.896,0.404,1.722,24.740,0,0,1.212
1.117,26.657,11.771,371.421,0.852,13.721,0.635,42.687,0,0,1.209
0.986,23.142,1.524,98.796,2.878,6.897,0.486,31.337,0,0,1.208
1.150,30.708,4.971,174.275,1.917,1.812,1.792,33.403,0,0,1.219
1.089,25.580,4.171,163.910,2.032,6.608,1.823,21.657,1,0,1.195
1.004,24.315,3.591,179.427,1.193,78.289,1.533,22.991,0,1,1.209
0.846,20.823,1.294,113.033,2.795,3.169,1.856,46.700,0,0,1.208
1.232,27.103,2.008,140.721,2.087,0.432,0.521,33.454,0,0,1.221
1.145,37.275,1.506,282.828,0.892,23.043,0.183,1.625,0,0,1.155
1.091,30.233,4.529,182.966,1.340,43.594,0.332,13.415,1,0,1.161
1.206,26.214,6.346,132.096,2.225,0.651,1.820,50.379,0,0,1.237
1.413,23.979,1.382,375.056,0.936,1.759,2.860,64.174,0,1,1.185
1.079,31.157,6.755,309.118,1.109,12.526,0.219,26.247,0,0,1.196
1.049,25.763,5.135,378.758,1.040,1.119,0.216,32.480,0,0,1.214
1.089,30.723,6.407,187.420,2.131,0.400,1.069,24.914,0,1,1.237
1.211,25.649,10.408,208.454,1.250,0.534,1.024,30.894,0,0,1.212
1.303,25.031,1.611,462.271,0.773,4.115,0.856,67.560,0,0,1.184
1.072,28.477,10.255,233.651,1.519,0.407,0.581,42.427,0,0,1.223
0.927,25.782,3.031,137.518,2.614,0.965,0.300,14.558,0,0,1.219
1.336,23.979,10.061,267.329,0.997,10.584,0.677,36.536,0,1,1.216
1.272,28.649,0.776,215.685,1.167,0.618,1.742,3.922,0,0,1.182
0.971,31.220,0.953,279.404,1.386,11.786,0.829,1.227,0,0,1.204
1.023,23.616,3.743,240.144,1.516,5.438,0.336,54.028,0,0,1.224
1.165,25.882,2.670,189.569,1.693,0.535,0.654,35.064,0,0,1.216
1.019,28.209,7.234,275.535,1.360,3.004,0.806,27.866,0,0,1.213
1.144,27.119,10.236,395.987,0.885,23.842,0.541,46.492,1,0,1.190
1.072,23.903,2.546,205.867,1.667,3.960,1.201,45.839,0,0,1.220
0.921,33.163,11.501,365.862,1.122,29.485,1.013,15.566,0,1,1.193
1.086,21.068,7.873,241.258,1.197,1.337,1.110,13.372,0,0,1.207
0.806,33.331,1.616,288.666,1.861,6.628,0.924,6.666,0,0,1.238
1.065,24.451,1.866,289.783,1.171,6.140,0.548,9.753,0,0,1.206
1.085,28.182,0.994,262.083,1.698,0.400,0.608,68.081,0,0,1.227
1.344,18.913,5.373,99.669,2.173,0.462,1.125,55.829,0,0,1.243
0.919,25.617,5.464,199.763,2.197,0.777,0.924,18.808,0,1,1.233
1.159,33.719,6.840,263.379,0.660,50.975,0.766,12.235,0,0,1.160
1.049,24.963,2.588,263.022,1.236,20.485,0.929,31.604,0,0,1.209
1.016,24.029,8.905,336.069,0.940,21.080,1.006,11.655,0,0,1.213
1.067,32.546,1.772,218.026,1.542,13.652,0.245,14.222,0,0,1.196
0.966,23.468,1.837,190.504,1.845,0.408,0.645,12.623,0,0,1.212
0.905,32.264,5.225,386.597,1.401,3.630,0.212,42.608,0,0,1.231
0.934,32.893,4.424,306.038,1.350,11.318,1.876,1.987,0,0,1.207
1.051,31.284,7.859,179.653,1.295,48.787,1.983,8.981,0,1,1.183
0.887,24.730,0.509,431.681,1.116,13.379,0.445,28.358,0,0,1.237
0.844,33.893,2.404,272.850,2.030,3.096,0.617,3.537,0,1,1.246
0.913,25.670,13.537,318.497,0.903,77.519,1.830,34.676,1,0,1.200
1.089,29.983,9.657,132.576,1.886,15.885,0.444,21.049,0,0,1.200
0.960,26.131,3.521,241.222,1.641,0.865,0.633,24.214,0,0,1.219
1.109,29.379,4.919,282.478,1.084,23.142,1.180,30.221,0,0,1.195
1.141,32.801,6.243,252.117,0.730,44.830,0.973,3.574,0,0,1.164
1.009,32.066,12.883,218.069,1.289,44.075,0.691,27.499,1,0,1.165
1.382,28.335,1.862,164.966,1.608,0.452,2.521,36.832,0,0,1.215
1.264,28.045,5.613,230.176,1.100,1.039,0.925,17.095,0,0,1.192
1.004,33.222,1.713,302.260,1.487,0.477,0.747,3.721,0,1,1.215
0.954,26.067,8.787,234.924,1.578,10.269,0.821,52.314,0,0,1.225
1.115,26.110,2.452,224.615,1.660,2.153,0.115,55.080,0,0,1.225
1.214,24.175,2.865,219.555,1.346,2.453,0.327,30.649,0,0,1.211
1.285,23.603,6.465,233.789,1.308,3.017,0.358,69.174,0,0,1.237
1.115,26.651,5.833,296.291,1.019,8.609,0.634,11.275,0,0,1.198
1.392,22.042,15.302,105.599,0.646,49.752,1.514,18.394,0,0,1.239
1.212,23.478,11.963,79.302,2.918,2.465,0.494,13.952,0,1,1.240
1.119,24.266,1.515,233.750,1.507,10.481,0.111,65.801,0,0,1.221
1.114,27.862,10.742,370.538,0.890,9.202,0.590,5.698,1,0,1.180
0.899,25.975,7.920,233.465,1.097,57.329,0.628,16.035,0,0,1.201
1.168,29.133,13.478,290.636,1.147,1.627,0.482,57.303,0,0,1.227
1.198,24.055,4.135,191.182,1.663,6.326,1.050,17.754,0,1,1.219
0.909,28.528,12.865,297.503,1.298,12.477,1.106,25.400,0,0,1.213
1.084,26.966,1.038,175.610,1.948,5.032,0.931,30.732,0,0,1.216
1.089,23.614,4.391,409.376,0.770,50.231,0.475,46.355,0,0,1.218
1.209,28.234,1.873,321.858,1.164,1.032,0.177,51.748,0,0,1.207
1.208,33.504,2.403,194.264,1.162,17.066,1.655,4.899,0,0,1.171
1.041,30.935,6.290,396.816,0.642,77.551,0.545,10.450,0,0,1.194
0.944,27.587,1.681,206.779,1.697,36.741,1.291,15.028,0,1,1.206
0.801,27.241,1.573,237.806,2.033,0.400,0.707,15.988,0,0,1.235
1.162,33.561,1.042,325.705,1.143,1.525,0.240,26.401,0,0,1.193
1.286,28.196,7.153,257.336,0.777,50.783,0.980,60.492,0,0,1.201
1.016,26.006,4.210,270.830,1.329,1.163,0.130,8.976,0,0,1.209
0.912,30.414,7.672,382.561,1.203,7.345,0.209,18.836,0,0,1.222
1.168,24.730,5.735,153.130,1.903,0.402,0.457,37.930,0,0,1.225
1.033,32.532,5.504,154.013,2.880,0.430,0.135,17.965,0,1,1.265
1.135,27.278,2.399,194.860,2.095,0.400,0.550,39.861,0,1,1.239
1.159,27.526,4.691,265.906,1.208,0.872,0.279,24.225,0,0,1.204
1.061,28.412,11.210,123.432,2.201,6.223,1.670,18.281,0,0,1.212
0.974,26.306,4.627,189.576,1.917,2.032,1.242,20.937,0,0,1.218
1.037,34.134,6.026,363.948,0.978,20.966,0.405,2.037,0,1,1.182
1.191,24.774,2.671,309.361,1.092,1.106,0.561,37.214,0,0,1.210
1.149,27.279,2.342,201.357,1.537,7.958,0.729,27.447,0,0,1.208
1.186,25.231,3.478,173.018,1.417,25.117,0.349,40.081,0,0,1.209
0.986,30.299,3.792,332.379,1.192,6.684,0.809,4.066,0,0,1.209
1.171,25.435,0.946,463.623,0.848,0.400,0.219,42.666,0,0,1.200
1.095,24.544,4.043,243.828,1.462,1.120,0.554,45.543,0,0,1.224
1.219,22.649,1.303,120.992,2.716,0.403,0.196,31.753,0,1,1.243
1.178,29.837,2.334,155.583,1.622,12.153,1.272,8.615,0,0,1.194
1.112,26.841,1.878,386.305,0.930,13.804,1.638,25.768,0,0,1.205
0.929,25.908,2.549,296.047,1.522,0.662,0.177,41.183,0,0,1.230
0.901,29.260,2.877,234.863,1.309,51.172,1.260,21.886,0,0,1.192
0.995,24.450,4.042,241.557,1.508,5.923,0.573,33.924,0,0,1.220
1.108,23.979,10.587,157.016,1.259,30.600,0.943,27.648,0,0,1.208
1.238,24.572,3.062,77.663,2.597,1.477,1.450,1.686,0,0,1.210
1.249,23.974,3.159,242.855,1.272,0.737,0.425,41.975,0,0,1.217
0.993,22.953,7.269,163.488,1.720,8.432,0.541,8.730,0,0,1.202
0.748,32.015,2.419,287.821,2.205,0.502,0.452,12.953,0,1,1.265
1.251,25.191,1.179,77.596,3.597,0.419,0.795,9.488,0,1,1.256
0.904,34.744,9.552,275.733,1.367,39.355,0.180,2.654,1,0,1.168
1.175,34.567,5.877,257.953,1.406,0.411,0.893,35.699,0,0,1.209
0.782,37.852,7.332,306.812,1.997,0.490,1.589,3.670,0,0,1.257
1.003,25.085,5.972,222.807,1.532,5.404,1.609,23.010,0,0,1.214
1.440,20.788,1.617,163.985,1.702,0.451,0.172,15.997,0,1,1.225
1.054,25.844,2.933,210.713,1.547,21.006,0.453,52.638,0,0,1.214
0.989,29.664,5.025,234.107,1.420,20.303,0.192,13.331,0,0,1.200
0.949,26.461,6.125,235.768,1.101,73.455,1.812,0.718,0,1,1.208
1.526,28.764,2.083,134.448,2.206,0.430,2.082,72.647,0,0,1.256
1.282,22.076,1.856,237.262,1.120,0.401,0.216,10.881,0,0,1.201
1.091,27.112,7.282,193.890,1.928,0.409,0.929,61.403,0,0,1.242
1.042,22.249,7.333,171.430,2.147,0.400,0.137,33.923,0,1,1.238
1.547,24.136,1.579,142.993,1.488,29.253,2.351,39.289,0,1,1.230
1.086,25.949,4.892,339.553,1.005,31.333,0.237,60.531,0,0,1.211
1.081,21.299,4.490,275.828,1.429,0.822,1.083,33.202,0,1,1.226
1.109,33.039,3.227,277.189,1.192,20.352,0.661,26.826,0,0,1.190
1.066,33.037,1.657,247.894,1.624,1.114,1.007,1.053,0,1,1.216
1.070,26.229,5.737,369.843,1.020,11.550,0.561,42.103,0,0,1.216
1.008,28.453,6.016,196.531,1.517,21.077,1.601,14.432,0,0,1.199
1.088,20.176,3.020,215.534,1.500,0.422,2.035,42.418,0,0,1.226
0.924,34.727,10.068,212.352,2.008,0.891,0.840,3.117,0,0,1.223
0.979,32.156,4.563,197.549,1.811,12.403,0.871,6.677,0,0,1.206
1.268,20.762,3.336,146.547,2.014,0.400,1.096,9.210,0,1,1.226
0.997,26.809,0.664,431.995,0.907,43.697,1.594,28.489,0,0,1.218
0.914,27.767,4.910,143.977,3.527,0.480,0.666,55.734,0,1,1.274
1.280,26.705,7.104,122.237,2.338,0.484,0.699,20.739,0,1,1.246
1.090,23.970,9.928,458.378,0.783,2.565,0.821,28.189,0,0,1.218
1.126,26.483,3.276,320.911,0.908,31.109,0.545,21.519,0,0,1.204
1.028,24.386,3.731,299.673,1.111,17.534,0.931,11.496,0,0,1.214
1.272,34.089,11.396,260.042,0.856,2.987,0.635,8.275,0,1,1.175
1.080,26.787,6.382,171.887,1.959,2.416,0.766,39.534,0,0,1.228
1.419,23.394,3.672,100.522,1.912,0.409,1.634,17.095,0,0,1.218
1.050,27.760,6.170,276.849,1.255,5.526,1.844,17.361,0,0,1.209
1.187,24.579,7.878,177.021,1.479,0.697,0.221,20.221,0,0,1.212
0.837,28.621,6.756,279.030,1.034,74.528,0.370,3.510,0,0,1.204
1.171,27.615,8.028,146.587,2.284,0.560,1.746,23.728,0,1,1.245
1.005,25.797,3.443,323.447,1.162,7.564,1.141,10.358,0,0,1.216
1.230,25.669,5.437,171.936,1.018,66.629,1.114,40.949,1,0,1.192
0.744,36.541,7.883,305.370,2.064,0.402,0.380,3.860,0,0,1.263
0.822,22.803,9.106,267.537,1.282,57.477,0.464,12.148,0,1,1.223
1.384,23.836,4.015,435.312,0.717,0.472,0.754,63.537,0,0,1.194
0.902,37.527,4.558,376.012,1.094,39.315,0.982,0.709,0,0,1.194
1.103,24.693,7.040,182.831,1.648,1.044,0.221,25.766,0,0,1.218
0.850,27.787,3.159,429.444,1.222,9.785,1.736,26.747,0,0,1.243
0.747,31.826,3.536,339.809,1.587,36.696,1.179,5.743,1,0,1.214
1.270,23.369,3.935,240.664,1.240,0.401,0.221,41.352,0,0,1.220
1.483,24.573,3.505,189.811,1.373,0.629,1.459,21.998,0,1,1.220
1.295,25.418,5.348,243.621,1.217,0.478,2.084,13.920,0,1,1.207
1.325,24.953,10.859,114.821,1.905,0.400,0.362,41.526,0,0,1.244
1.038,25.815,4.652,291.265,1.257,0.403,1.336,15.601,0,0,1.215
1.221,24.823,4.403,247.183,1.324,0.448,0.826,49.133,0,0,1.224
0.951,23.930,6.190,201.191,1.805,3.062,0.842,40.459,0,0,1.227
1.220,36.949,3.993,339.396,0.678,13.630,0.202,3.681,0,0,1.153
0.923,28.983,2.041,262.370,1.258,41.998,1.507,8.000,0,0,1.202
1.242,18.912,4.519,234.594,1.165,11.456,1.586,51.798,0,0,1.235
0.818,32.567,0.922,451.238,1.165,35.862,0.680,4.989,0,0,1.241
0.962,29.719,5.596,434.143,1.023,3.578,1.008,6.218,0,0,1.224
1.200,23.178,4.781,193.180,1.923,0.587,1.402,53.517,0,1,1.247
0.950,27.954,7.252,271.062,1.641,1.211,1.404,12.069,0,1,1.227
1.057,27.702,5.889,155.131,2.457,0.410,0.195,53.650,0,0,1.246
0.944,33.106,12.681,111.261,1.148,66.083,0.791,0.890,0,0,1.145
1.218,27.291,2.653,187.196,1.466,4.335,0.571,15.548,0,0,1.204
0.992,28.001,7.778,268.340,1.495,1.516,1.951,34.313,0,0,1.226
1.072,29.749,5.258,164.024,2.229,0.923,0.970,30.832,0,0,1.233
0.998,29.473,3.685,316.957,1.407,1.332,1.278,34.288,0,0,1.225
0.924,35.096,9.542,359.842,0.965,44.677,1.172,1.905,0,0,1.188
1.030,24.809,2.314,144.842,1.551,37.419,0.402,11.250,0,0,1.195
1.050,21.056,4.158,306.483,1.200,9.322,0.261,2.825,1,0,1.204
1.335,35.032,6.253,173.257,0.857,30.996,0.204,9.012,0,1,1.172
0.920,28.075,10.130,286.801,1.351,21.725,1.242,46.004,0,0,1.220
1.030,27.921,6.922,237.932,1.647,1.906,0.749,43.813,0,0,1.230
0.874,28.189,1.154,326.302,1.513,5.350,1.883,26.492,0,0,1.236
1.069,28.853,9.505,315.715,1.080,0.641,0.578,13.619,0,0,1.206
1.078,22.495,3.775,119.556,3.036,2.534,1.285,54.212,0,1,1.251
1.113,29.233,6.350,277.646,1.485,3.066,0.482,65.312,0,0,1.232
1.087,23.826,1.793,198.366,1.722,0.515,0.796,31.573,0,0,1.222
1.165,25.102,2.970,261.727,1.119,3.281,1.158,3.843,0,0,1.200
1.283,23.834,4.626,267.854,1.024,1.125,1.405,25.180,0,0,1.208
0.893,26.627,8.779,484.384,1.006,6.720,0.370,20.201,0,0,1.243
1.216,27.885,12.125,99.903,2.703,2.002,1.725,17.006,0,1,1.254
0.899,33.740,9.765,150.100,0.945,85.776,0.450,5.934,0,0,1.149
0.860,30.550,8.151,279.780,1.726,9.500,0.863,8.587,0,1,1.228
0.876,31.073,5.011,187.111,1.257,70.215,0.523,14.529,0,0,1.174
1.232,24.006,3.933,152.552,1.861,0.528,0.165,37.850,0,0,1.229
0.703,33.767,2.196,267.643,1.408,78.412,0.595,6.195,0,0,1.186
1.294,30.185,5.588,275.393,0.736,5.727,0.812,0.323,0,0,1.170
0.945,20.413,1.909,278.952,1.373,3.571,0.593,37.291,0,0,1.231
1.186,26.882,2.050,123.497,2.134,0.603,1.582,3.258,0,0,1.212
0.912,24.604,0.405,247.934,1.710,0.617,1.357,21.633,0,0,1.229
1.148,26.467,14.899,323.962,0.998,3.784,0.655,56.611,0,0,1.234
1.201,24.549,4.513,260.912,1.061,12.859,0.622,23.304,0,0,1.209
1.089,21.966,1.696,152.848,1.864,13.367,0.309,45.011,0,0,1.221
0.927,29.413,4.081,200.808,1.801,29.365,0.192,45.303,0,0,1.206
0.962,24.401,11.627,200.608,1.844,1.657,0.638,18.036,1,0,1.204
1.000,27.581,2.843,255.174,1.515,0.763,1.708,9.687,0,0,1.218
1.475,25.761,4.673,61.075,2.495,0.408,1.109,16.580,0,0,1.234
1.101,26.731,5.646,171.500,1.713,1.008,1.118,5.734,0,0,1.208
0.957,33.379,0.734,378.229,1.274,3.206,1.379,8.249,0,0,1.226
1.235,23.022,4.412,200.435,1.331,14.608,0.385,44.590,0,0,1.225
1.092,25.336,7.275,251.266,1.251,34.505,1.750,36.933,0,1,1.219
0.999,28.315,2.410,249.298,1.719,2.688,1.716,39.058,0,0,1.230
0.938,28.385,14.025,201.972,1.974,0.461,0.358,1.249,0,1,1.224
1.172,25.508,5.893,317.123,0.919,0.491,1.413,3.876,0,0,1.199
1.241,22.072,11.547,183.914,1.399,0.494,0.157,49.132,0,0,1.245
1.008,29.449,11.585,265.572,1.129,20.148,0.518,8.312,0,0,1.198
0.865,26.680,7.861,236.077,1.415,30.485,0.569,5.287,0,0,1.206
1.151,25.248,2.152,339.157,0.923,14.642,0.179,11.948,0,0,1.208
1.208,23.209,5.649,360.184,0.944,7.765,0.668,60.327,0,0,1.224
1.062,25.214,1.230,171.545,1.967,0.736,0.409,16.211,0,0,1.220
1.094,31.442,4.667,444.308,0.907,0.762,0.894,21.396,0,0,1.205
1.070,24.784,9.857,185.684,1.781,9.593,0.455,18.195,0,1,1.227
0.997,28.045,8.534,144.829,1.979,12.300,0.962,5.154,0,0,1.203
0.919,32.370,2.242,194.120,1.394,71.877,1.562,11.150,1,0,1.154
1.325,23.155,9.305,113.369,2.772,0.400,0.644,71.876,0,1,1.290
1.261,26.943,3.472,262.885,1.037,1.244,1.692,13.698,0,0,1.197
1.252,29.838,4.180,164.107,1.470,4.326,0.362,8.488,0,0,1.199
1.364,25.351,5.805,190.198,0.958,18.244,0.218,14.524,0,0,1.202
1.030,28.637,9.358,477.163,0.813,1.500,0.301,2.948,0,0,1.216
1.130,27.224,2.260,327.065,1.164,9.022,0.542,46.887,0,0,1.215
0.864,33.731,9.219,382.054,1.321,9.070,1.064,11.839,0,0,1.230
0.901,33.394,7.960,398.190,1.272,0.490,0.705,11.411,0,0,1.233
1.128,23.114,2.860,189.563,1.584,4.316,0.973,21.811,0,0,1.217
0.749,30.136,8.855,362.647,1.639,1.840,0.146,35.218,0,0,1.257
1.066,29.028,1.388,262.664,1.502,0.477,0.208,22.716,0,0,1.220
1.146,27.908,11.797,162.712,1.620,7.512,0.529,2.219,1,0,1.184
1.482,24.660,2.894,110.916,2.396,2.602,0.182,35.954,0,1,1.259
1.121,29.813,8.353,173.329,1.113,34.598,1.169,6.007,0,0,1.183
1.279,26.790,3.122,352.865,0.881,0.402,2.070,32.441,0,0,1.199
1.157,28.690,11.270,232.384,1.157,0.401,0.558,11.545,0,0,1.200
1.385,24.803,3.016,194.120,1.346,0.614,0.508,10.581,1,0,1.189
0.976,28.683,9.774,111.692,2.162,24.630,2.217,8.367,0,0,1.192
1.081,19.476,2.128,187.056,2.052,0.466,0.741,49.123,0,1,1.243
1.190,28.066,7.604,189.838,1.809,14.845,1.019,53.314,0,1,1.241
0.894,24.303,2.187,373.830,1.305,0.574,0.516,43.950,0,0,1.242
1.160,26.757,0.643,154.433,2.084,0.458,0.843,23.262,0,0,1.225
0.990,25.530,7.453,170.677,1.748,36.645,1.892,24.505,0,1,1.215
0.937,24.932,5.222,222.533,2.021,0.403,1.080,25.528,0,1,1.241
1.027,26.906,4.048,453.743,0.720,67.215,1.010,2.635,0,0,1.235
1.210,22.889,3.084,177.798,1.948,0.495,1.446,26.414,0,1,1.237
1.229,27.564,7.156,355.308,0.768,3.393,0.201,13.696,0,0,1.194
1.365,29.790,2.290,322.730,0.680,0.613,0.668,7.748,0,0,1.169
1.182,25.917,6.586,205.383,1.431,0.443,0.345,24.966,0,0,1.218
1.198,26.318,6.829,244.155,1.302,5.746,1.718,14.306,0,1,1.214
1.210,29.297,2.916,77.740,2.492,22.327,0.404,19.720,0,0,1.206
0.980,24.410,3.999,286.529,1.195,28.239,0.778,32.201,0,0,1.222
1.153,27.489,7.426,144.300,2.458,0.411,1.942,26.776,0,1,1.254
1.130,28.045,3.834,231.985,1.148,20.542,0.150,6.097,0,0,1.197
1.281,23.093,5.601,305.586,0.874,3.643,0.753,20.171,0,0,1.208
1.220,29.375,3.206,164.471,1.276,29.990,0.869,19.309,0,0,1.193
1.399,23.605,0.582,107.369,1.985,0.713,0.670,12.716,0,0,1.218
1.213,25.406,2.699,140.185,1.906,8.098,0.340,28.594,0,0,1.220
0.925,27.049,10.021,310.720,1.282,0.450,1.545,2.252,0,0,1.219
1.054,26.179,1.697,194.249,1.714,8.801,0.739,17.921,0,0,1.216
1.047,36.261,12.478,247.148,1.338,17.456,0.571,9.210,0,1,1.197
1.518,23.917,4.973,142.215,2.018,0.948,0.270,50.318,0,1,1.267
1.313,21.572,3.761,196.417,0.959,29.936,0.328,1.772,0,0,1.212
1.189,25.235,2.484,180.742,2.031,0.658,0.579,28.005,0,1,1.241
1.070,23.892,11.249,157.243,1.607,7.061,0.200,10.764,0,0,1.208
0.878,28.819,1.944,183.936,2.398,18.238,0.563,12.001,0,1,1.235
1.006,31.798,6.919,181.255,2.155,0.401,0.553,14.151,0,0,1.233
0.812,31.652,5.554,221.677,1.200,78.698,1.195,5.292,0,0,1.181
1.339,23.528,3.772,124.039,2.186,11.313,0.353,32.398,0,1,1.244
0.990,33.258,12.428,135.600,3.171,0.563,0.958,5.952,0,1,1.278
1.340,25.722,4.600,226.262,1.386,0.400,0.611,4.400,1,1,1.196
1.030,27.968,2.341,216.201,1.741,2.858,0.836,17.937,0,0,1.223
1.053,23.067,0.685,193.789,2.237,0.779,0.671,53.511,0,1,1.248
1.218,25.123,0.398,309.454,1.200,1.236,0.504,51.261,0,0,1.219
1.130,20.843,4.456,440.310,0.761,34.354,0.528,42.624,0,0,1.234
1.212,25.028,4.123,125.947,2.069,0.400,1.822,16.290,0,0,1.222
1.145,26.156,6.888,143.720,1.422,28.103,1.710,14.634,0,0,1.202
1.062,32.902,4.119,148.143,0.999,83.528,0.298,7.465,1,0,1.147
0.995,31.129,5.313,330.199,1.114,16.234,0.760,0.577,0,0,1.209
1.003,24.036,0.771,316.178,1.411,3.590,1.380,69.072,0,0,1.236
1.196,27.168,5.037,184.396,2.012,1.038,0.830,36.167,0,1,1.247
1.086,21.993,10.987,226.926,1.407,16.341,0.804,53.801,1,0,1.225
1.007,33.689,1.222,459.938,1.035,2.467,0.775,10.954,0,0,1.223
1.029,28.148,6.660,149.867,2.328,0.401,0.803,19.361,0,0,1.233
1.020,23.241,1.862,245.789,1.890,0.544,0.470,65.115,0,1,1.247
0.778,33.286,2.594,437.029,1.130,63.497,0.783,5.317,0,0,1.234
1.124,26.712,2.762,247.102,1.449,0.415,0.162,28.837,0,0,1.222
1.094,24.365,10.005,120.651,1.962,32.873,2.519,23.005,0,1,1.222
1.417,25.413,3.966,207.674,1.121,0.581,1.424,23.750,0,0,1.210
1.124,37.014,1.789,405.791,0.897,17.540,1.404,0.167,1,0,1.168
1.279,25.836,1.600,204.965,1.346,0.400,0.857,14.911,0,0,1.209
1.058,35.258,11.427,166.345,1.974,0.745,2.086,1.865,0,0,1.218
1.022,29.434,4.488,193.854,1.386,40.737,0.195,24.517,0,0,1.197
1.432,24.558,3.895,210.932,1.322,0.409,0.308,20.903,0,1,1.222
1.071,24.782,1.936,207.826,1.465,24.996,0.789,39.418,0,0,1.218
1.229,25.871,9.007,85.199,2.472,1.187,2.072,14.284,0,0,1.229
1.083,23.589,4.104,320.697,1.349,0.406,0.789,48.321,1,0,1.220
0.807,34.520,4.770,218.723,1.608,54.055,0.432,5.663,0,0,1.184
0.868,31.530,2.764,232.492,1.663,31.443,1.009,7.332,0,0,1.209
0.926,35.698,6.094,240.452,1.375,53.311,2.074,0.464,1,0,1.162
1.081,24.941,7.844,351.252,0.974,12.334,0.195,27.656,0,0,1.223
1.020,22.757,2.419,148.560,2.360,0.736,1.591,55.120,0,0,1.239
1.035,24.548,2.802,162.083,1.913,9.370,0.543,15.958,0,0,1.218
1.430,25.525,1.628,109.776,2.079,0.407,0.685,27.405,0,0,1.234
0.876,34.207,10.487,171.581,1.794,52.228,0.444,6.508,1,0,1.156
1.037,31.301,8.582,230.604,1.533,10.202,0.623,23.152,0,0,1.217
1.221,26.492,9.425,191.679,1.289,2.003,0.580,14.561,0,0,1.211
1.001,24.235,2.514,260.036,1.354,18.595,0.736,29.455,0,0,1.225
1.100,20.522,3.718,347.688,1.096,0.784,0.828,59.178,0,0,1.239
1.212,29.977,5.390,286.024,0.961,1.054,1.037,5.086,0,0,1.192
1.197,28.209,2.411,130.934,2.044,1.302,0.569,2.580,0,0,1.216
1.144,25.590,3.063,237.348,1.509,0.411,0.412,40.403,0,0,1.230
0.777,31.586,2.047,299.969,1.371,57.458,1.121,8.500,0,0,1.213
0.992,24.363,6.625,249.520,1.594,2.534,0.184,59.375,0,0,1.244
1.028,26.374,5.401,206.205,1.673,2.932,0.872,13.843,0,0,1.221
1.110,27.817,10.517,268.247,1.408,2.379,0.651,1.587,1,1,1.200
0.912,30.042,10.051,376.704,1.200,0.452,0.451,3.975,0,0,1.230
1.081,35.148,5.734,130.602,1.669,31.354,0.404,0.170,0,0,1.178
0.952,28.446,12.548,162.594,2.150,24.214,0.700,31.917,0,1,1.229
1.074,27.937,8.700,234.090,1.448,16.621,0.893,14.727,0,1,1.219
0.921,29.608,3.510,320.440,1.582,5.134,0.256,13.153,1,0,1.224
1.227,28.622,6.587,340.654,1.043,2.104,1.267,52.582,0,0,1.219
1.097,28.024,6.280,164.911,1.902,3.290,0.126,17.398,0,0,1.223
0.909,30.985,2.607,406.611,1.488,0.401,1.944,19.105,1,1,1.228
1.042,28.274,4.605,410.792,1.009,0.930,0.256,15.701,0,0,1.224
1.209,26.053,1.778,272.244,1.305,10.882,0.269,30.115,1,0,1.201
1.435,27.007,8.822,151.456,1.270,1.333,0.577,4.493,1,0,1.189
1.239,25.818,3.289,201.155,1.575,1.072,0.219,39.707,0,0,1.231
1.222,28.016,6.807,316.802,0.833,5.949,0.442,7.982,0,0,1.196
1.266,32.294,7.541,204.674,1.388,0.641,1.161,28.458,0,0,1.217
1.157,28.917,3.977,240.059,1.594,0.400,0.362,20.343,0,1,1.229
1.015,30.884,8.210,217.374,1.613,9.544,1.028,14.875,0,0,1.216
1.288,22.363,1.230,81.874,3.191,0.400,2.782,0.628,0,1,1.249
0.796,30.723,4.129,199.049,2.630,1.901,0.252,14.348,0,0,1.259
1.002,24.175,8.866,302.742,1.086,22.935,0.991,24.250,0,0,1.228
1.203,24.344,3.283,166.853,2.133,0.400,0.925,27.652,0,1,1.247
0.960,26.924,3.084,333.206,1.282,42.604,0.230,62.115,1,0,1.200
1.254,22.118,2.183,176.327,1.739,0.400,0.604,48.339,0,0,1.239
1.015,26.236,4.525,195.017,1.927,2.182,1.198,33.000,0,0,1.235
1.159,23.053,2.138,155.494,2.133,0.403,0.184,16.844,1,0,1.211
0.773,25.077,6.747,227.763,1.833,14.454,0.552,22.100,0,0,1.229
0.845,33.039,6.043,313.162,1.697,2.999,0.589,11.863,0,0,1.247
1.022,26.421,6.937,356.951,1.036,4.038,0.396,1.655,0,0,1.220
0.810,27.843,2.933,387.915,1.348,24.992,1.972,49.291,0,0,1.240
1.158,32.843,3.254,180.100,1.214,32.738,1.594,7.777,0,0,1.183
1.228,21.861,0.525,296.893,1.089,0.422,1.309,21.240,0,0,1.218
1.076,23.445,1.708,166.515,2.214,1.790,1.025,0.227,0,1,1.236
0.864,28.540,2.933,155.171,1.465,65.976,0.200,0.823,0,0,1.187
1.226,24.284,3.500,179.848,1.756,0.524,1.403,45.228,0,0,1.239
1.130,24.743,6.053,237.992,1.135,13.008,0.855,0.311,0,0,1.208
1.136,26.380,5.847,187.898,1.845,0.452,0.909,44.905,0,0,1.242
0.859,34.155,5.779,418.946,1.155,50.694,0.363,1.156,1,0,1.209
0.815,21.365,2.003,136.264,2.649,23.111,0.842,29.436,0,1,1.222
1.221,28.676,6.274,289.032,1.085,3.207,1.677,31.732,0,0,1.214
0.867,27.829,3.273,88.712,2.183,56.837,1.966,19.282,0,0,1.170
1.078,27.627,3.757,273.767,1.321,5.119,1.019,19.340,0,0,1.221
1.216,26.786,0.635,230.014,1.162,19.225,0.928,12.716,0,0,1.206
1.255,25.457,4.808,316.732,1.050,1.221,1.771,18.652,1,0,1.196
1.134,24.296,2.274,223.603,1.750,0.691,2.308,71.574,0,0,1.247
1.173,27.532,6.419,233.897,1.311,11.348,0.281,36.583,0,0,1.223
0.890,26.682,3.655,109.209,2.407,51.040,0.768,7.777,0,1,1.197
1.109,24.674,4.047,213.185,1.681,4.662,0.203,3.966,0,1,1.228
1.035,32.272,13.492,337.740,0.705,55.473,0.921,5.326,0,0,1.192
0.847,36.606,6.199,226.311,1.510,54.934,1.778,8.235,0,0,1.179
1.524,20.576,3.134,219.133,0.873,16.306,0.456,13.340,0,0,1.219
1.122,22.639,4.174,179.217,1.815,7.717,0.893,66.135,0,0,1.245
0.845,22.359,5.127,281.952,1.388,16.516,0.307,1.474,0,0,1.234
0.985,27.568,1.908,277.379,0.931,73.798,1.592,7.336,0,0,1.218
1.315,28.511,13.686,62.552,2.947,9.837,0.990,13.974,0,1,1.264
0.810,33.677,2.478,348.781,1.872,0.430,0.986,24.089,0,1,1.268
0.950,28.387,4.628,101.333,2.844,21.555,1.266,11.448,0,0,1.211
1.006,29.656,11.819,361.290,1.053,8.338,0.372,17.138,0,0,1.221
1.024,22.638,6.682,198.227,1.614,18.449,1.469,10.221,1,0,1.203
1.059,24.176,6.470,331.154,1.118,5.947,1.074,32.857,0,0,1.232
1.051,28.077,7.122,177.823,1.875,1.567,2.645,12.061,0,0,1.224
1.250,29.291,3.710,128.367,2.019,0.400,0.579,9.047,0,0,1.223
1.125,34.409,11.653,438.384,0.723,20.137,0.225,0.674,1,0,1.172
0.930,24.532,13.354,250.221,1.605,8.018,0.312,19.218,0,1,1.234
1.209,23.999,2.901,148.208,2.283,4.532,1.338,27.953,0,1,1.248
1.195,23.995,10.574,112.182,2.040,18.761,2.109,7.125,0,1,1.229
0.963,26.803,4.784,198.450,1.945,0.404,3.020,12.393,0,0,1.231
1.231,23.641,5.149,207.636,1.658,1.351,0.370,27.679,0,1,1.240
1.198,22.054,1.286,252.363,1.078,28.904,0.789,26.783,0,0,1.225
1.132,29.262,7.168,198.259,1.449,3.149,1.159,3.966,0,0,1.208
0.734,38.204,4.396,338.529,1.642,38.149,0.392,1.136,0,0,1.231
0.955,26.657,3.719,389.726,1.014,51.788,0.802,63.780,0,0,1.218
0.706,34.794,3.436,265.395,2.519,0.537,0.755,4.880,0,0,1.291
0.784,24.248,6.186,320.778,1.582,0.434,0.680,53.690,0,0,1.257
1.374,20.639,1.728,198.798,1.576,2.896,0.442,21.112,0,1,1.235
1.284,22.647,7.415,285.331,0.965,1.046,1.436,28.837,0,0,1.224
0.964,27.457,6.190,163.240,2.300,0.631,1.266,13.909,0,0,1.235
1.174,18.562,2.662,172.907,2.019,0.901,0.216,29.453,0,1,1.244
0.797,32.755,12.766,385.493,1.457,1.610,0.402,10.498,0,0,1.253
0.919,25.167,6.167,144.026,1.808,37.241,1.813,33.384,0,0,1.207
0.919,26.050,5.507,313.686,1.342,4.745,0.775,6.278,0,0,1.234
1.092,29.205,7.409,134.516,1.987,16.454,0.360,17.885,0,0,1.215
1.074,26.761,10.282,233.288,1.474,0.462,0.751,31.308,0,0,1.233
0.889,29.389,10.043,122.555,1.931,41.414,0.275,1.686,0,0,1.182
0.861,31.637,0.988,163.165,2.047,42.616,1.750,11.906,0,0,1.197
1.094,27.795,4.735,148.937,1.919,11.370,1.024,11.343,0,0,1.217
0.869,34.057,5.719,243.201,1.111,75.697,0.296,3.769,0,0,1.180
1.110,27.693,5.891,227.380,1.507,8.247,2.610,36.451,0,0,1.229
0.794,32.281,8.310,488.113,1.338,0.716,1.247,30.826,0,0,1.273
1.087,26.836,5.757,214.015,1.859,2.762,0.385,25.268,0,1,1.243
1.004,30.506,7.163,242.986,1.487,20.395,0.696,30.040,0,0,1.219
0.794,28.843,4.776,262.330,1.235,72.945,1.257,21.781,0,0,1.208
1.196,31.164,0.000,162.471,2.094,3.404,0.115,23.917,0,0,1.233
0.966,34.527,4.008,214.861,1.751,18.886,0.806,3.545,0,0,1.213
0.899,33.274,6.206,246.617,1.900,2.728,0.483,4.139,0,0,1.240
0.952,22.258,5.809,284.779,1.403,1.107,1.989,38.865,0,0,1.243
1.196,22.913,6.868,127.331,2.253,1.015,0.188,18.754,1,0,1.217
1.023,23.229,4.172,269.207,1.171,30.670,1.913,28.054,0,0,1.230
0.933,26.370,1.935,141.859,1.819,40.681,0.422,7.461,0,0,1.200
1.147,24.145,1.330,207.754,1.501,0.473,1.653,4.177,0,0,1.218
1.120,24.581,7.053,207.203,1.856,0.883,2.118,35.116,0,1,1.250
1.325,22.942,5.429,224.520,1.147,2.339,0.189,23.853,0,0,1.223
1.105,26.323,1.240,234.583,1.259,28.427,0.935,19.974,0,0,1.215
1.195,22.965,4.524,199.731,1.698,1.255,0.804,10.813,0,1,1.234
1.080,22.069,5.300,142.632,1.047,71.848,0.452,24.592,0,0,1.232
1.013,24.900,7.269,209.869,1.861,4.146,0.314,10.395,0,1,1.237
0.968,31.769,3.012,307.763,1.284,19.757,1.255,3.646,0,0,1.219
1.048,22.964,2.002,169.886,2.407,5.622,1.256,52.432,0,1,1.253
0.999,27.773,12.740,193.903,1.662,4.598,1.192,10.622,0,0,1.219
0.860,30.774,2.756,282.663,1.700,13.114,0.352,14.840,0,0,1.239
0.877,25.382,3.144,444.458,1.149,7.093,0.657,20.081,0,0,1.258
0.768,23.617,6.743,304.553,1.491,14.933,0.609,39.313,0,0,1.248
1.222,32.163,10.326,113.131,2.340,1.305,1.163,19.347,0,0,1.245
1.128,30.033,12.266,208.667,1.193,18.827,0.821,17.804,0,0,1.207
0.891,25.912,12.176,211.102,2.063,1.253,1.348,7.903,0,1,1.241
1.054,28.233,11.810,107.577,2.388,28.637,0.863,15.271,0,1,1.224
1.345,19.344,2.561,297.093,1.044,0.515,1.127,48.468,0,0,1.235
0.759,35.999,7.747,219.361,1.876,45.947,2.044,0.643,0,0,1.197
1.153,26.921,6.011,203.713,1.451,4.285,0.282,14.047,0,0,1.219
1.175,25.480,1.305,273.739,1.088,13.318,0.350,6.024,0,0,1.213
0.990,28.814,9.715,199.879,1.747,2.941,0.905,5.058,0,0,1.221
0.824,26.025,6.029,324.974,1.076,69.097,0.663,15.628,0,0,1.237
0.997,31.322,4.700,305.619,1.473,0.700,1.814,22.050,0,0,1.236
1.046,25.894,2.093,280.949,1.159,29.249,1.086,15.016,0,0,1.222
0.860,29.372,2.541,226.966,1.693,47.986,1.079,15.753,1,0,1.194
1.376,24.437,4.180,325.888,0.619,29.238,0.510,11.331,0,0,1.208
0.730,29.457,3.924,238.611,1.323,82.447,0.879,14.368,0,0,1.202
1.237,30.960,4.055,189.361,1.157,44.388,0.346,43.951,0,0,1.200
1.205,24.906,6.784,204.672,1.358,0.641,0.179,14.885,0,0,1.221
1.247,22.642,5.382,227.298,1.529,0.407,0.838,29.254,0,1,1.241
1.195,37.171,6.685,142.046,1.490,41.130,0.497,0.636,1,1,1.171
1.047,29.791,5.100,170.995,1.997,5.014,1.088,7.697,0,0,1.227
1.138,27.688,6.564,214.573,1.579,1.379,1.799,30.873,0,0,1.234
1.140,32.855,10.282,183.936,1.434,9.169,0.691,7.420,0,0,1.204
1.105,24.051,12.620,425.913,0.727,21.083,0.508,15.672,0,0,1.231
1.274,18.010,6.304,367.227,0.680,49.489,1.237,37.405,0,0,1.259
0.997,28.911,8.958,220.554,1.636,0.400,0.782,2.885,0,0,1.222
1.233,19.754,1.380,315.297,0.979,0.400,2.249,3.405,0,0,1.220
1.012,27.399,2.259,170.122,2.574,1.893,1.445,16.416,0,1,1.260
1.157,27.811,9.499,146.391,2.113,1.607,0.112,0.637,0,1,1.239
1.024,30.876,8.423,220.765,1.722,2.071,0.748,16.784,0,0,1.231
0.885,30.120,2.728,335.679,1.538,20.701,0.303,59.570,0,0,1.235
1.328,25.847,3.454,290.282,0.911,0.442,0.428,14.046,0,0,1.205
1.112,27.838,5.086,253.013,1.661,3.345,0.892,37.142,0,1,1.243
1.192,28.579,4.945,119.059,2.344,16.790,1.640,10.708,0,1,1.239
0.948,29.762,2.952,218.629,1.935,2.264,0.528,5.190,0,0,1.238
1.086,28.864,5.620,320.658,0.682,75.521,0.903,2.522,0,0,1.217
0.976,31.169,9.734,147.061,1.717,46.358,0.322,1.670,1,0,1.169
1.216,28.912,8.888,258.596,0.959,7.359,0.216,7.322,0,0,1.202
1.435,19.601,1.473,248.787,1.419,0.532,1.630,67.973,1,0,1.233
1.265,26.180,9.670,260.160,1.238,1.752,0.369,34.530,1,0,1.217
0.904,29.255,2.855,94.195,2.331,70.181,0.834,36.755,0,1,1.178
1.002,26.833,4.562,300.958,1.374,14.067,1.318,7.686,0,1,1.230
1.232,29.528,2.180,406.235,0.789,4.681,0.896,16.240,0,0,1.199
1.179,29.118,1.642,188.723,1.517,12.187,0.658,10.933,0,0,1.213
1.167,28.557,6.861,157.890,1.434,36.357,0.493,8.994,1,0,1.187
0.976,23.769,1.249,206.023,1.750,14.308,1.718,35.959,0,0,1.233
1.184,28.553,4.667,137.147,1.031,54.877,0.174,4.851,0,0,1.197
1.068,35.640,7.992,337.155,0.842,37.926,0.785,5.839,0,0,1.186
1.125,26.824,1.889,323.164,1.109,0.424,0.340,7.517,0,0,1.220
1.041,22.603,2.590,165.223,1.950,0.512,1.004,4.236,0,0,1.226
1.017,24.218,2.318,172.217,2.486,1.699,0.964,31.805,0,1,1.258
0.873,29.125,2.345,299.076,1.844,0.401,1.481,49.215,0,0,1.260
0.870,26.873,2.862,481.697,0.967,60.142,1.134,23.752,0,0,1.256
1.094,24.883,1.995,235.659,1.551,0.406,0.258,24.189,0,0,1.234
1.034,30.214,2.957,374.697,0.937,35.854,0.241,5.794,0,0,1.219
1.243,25.115,1.584,142.242,2.192,1.146,1.364,40.197,0,0,1.246
1.025,31.206,3.026,229.511,1.273,40.506,0.527,11.157,0,0,1.202
1.223,26.463,5.066,389.606,0.913,8.088,0.639,49.686,0,0,1.222
1.056,28.925,3.539,243.142,1.106,41.961,0.903,5.026,0,0,1.208
0.924,31.193,9.034,183.907,2.057,26.837,0.317,7.955,0,1,1.226
1.126,27.363,3.594,187.479,1.389,35.282,0.677,32.949,0,0,1.216
1.178,25.023,3.104,167.665,2.402,0.490,0.336,48.920,0,1,1.268
1.193,30.192,3.403,163.936,1.483,16.309,0.853,3.622,0,0,1.205
1.401,35.070,10.503,191.314,0.837,2.229,1.004,2.161,0,1,1.187
1.242,23.689,3.505,210.270,1.478,0.407,1.088,33.792,0,0,1.237
0.982,29.505,8.405,154.447,2.040,16.488,0.428,9.143,0,0,1.219
1.057,33.249,5.896,337.321,1.003,25.452,1.358,8.864,0,0,1.206
0.848,21.670,8.828,294.971,1.427,0.555,1.171,20.244,0,0,1.246
1.111,28.636,8.366,130.703,1.829,16.885,0.657,6.017,0,0,1.211
1.335,25.073,2.728,234.419,1.548,3.010,0.267,47.549,0,1,1.245
0.883,28.705,6.452,85.808,1.707,71.262,0.381,6.492,0,0,1.171
1.308,28.910,1.053,223.921,1.409,0.850,0.777,31.336,0,0,1.224
1.188,25.128,3.046,152.478,1.585,17.246,0.268,7.352,0,0,1.216
1.019,26.139,10.679,108.303,2.188,31.162,1.253,58.168,0,0,1.227
1.320,24.828,3.342,216.145,1.320,9.730,0.347,42.850,0,0,1.235
1.186,28.834,3.601,162.495,1.961,0.401,0.240,19.484,0,0,1.236
1.017,32.845,8.998,141.261,2.510,4.219,1.064,2.195,0,0,1.242
1.014,23.573,5.684,220.837,1.549,1.045,0.382,1.382,0,0,1.226
1.227,26.364,3.147,252.984,1.396,0.400,0.845,13.210,0,1,1.228
1.173,26.071,2.849,316.161,1.020,22.733,0.150,34.045,0,0,1.223
1.371,22.889,6.011,226.331,1.255,0.650,0.325,48.382,0,0,1.247
0.973,23.063,5.884,136.193,2.403,0.448,1.063,14.580,0,0,1.233
1.070,26.896,4.359,161.852,1.915,14.113,1.507,23.396,0,0,1.227
1.261,24.707,2.944,116.272,1.997,27.431,0.301,5.731,0,1,1.231
0.987,30.772,1.556,343.691,1.476,11.989,0.244,56.428,0,0,1.237
1.308,24.309,4.469,241.950,1.177,2.287,0.797,29.548,0,0,1.229
1.151,26.655,1.754,306.791,1.045,14.187,2.428,8.741,0,0,1.219
0.919,29.399,8.212,183.797,1.905,19.576,2.130,10.183,0,0,1.220
1.123,28.845,4.051,234.822,1.756,17.321,0.487,55.872,0,1,1.242
0.986,25.600,1.991,252.702,1.384,28.372,0.472,25.850,0,0,1.229
1.035,27.900,9.168,364.029,0.955,14.665,0.960,1.426,0,0,1.224
1.071,30.658,3.375,255.137,1.751,1.080,0.660,43.984,0,0,1.248
1.116,24.956,3.521,185.493,1.699,0.400,1.267,5.300,0,0,1.226
1.146,24.969,2.885,158.988,1.884,32.934,1.359,36.754,0,1,1.235
0.952,28.129,3.240,179.643,2.027,16.167,2.031,15.615,0,0,1.229
1.132,25.768,3.692,73.296,2.872,28.057,0.958,51.765,0,0,1.219
1.102,27.451,2.983,281.942,1.411,3.455,0.715,38.062,0,0,1.237
0.976,26.265,12.523,214.473,1.761,4.102,1.037,46.123,0,0,1.252
0.997,24.752,4.166,342.113,1.215,6.124,0.733,24.795,0,0,1.243
1.230,21.744,2.097,281.882,1.244,2.870,1.101,54.616,0,0,1.243
0.825,28.102,8.469,233.839,1.746,33.857,0.521,2.262,1,0,1.206
0.832,29.107,9.634,230.016,2.077,1.398,0.886,17.488,0,0,1.252
1.294,25.032,2.806,207.663,1.252,15.544,1.647,26.748,0,0,1.225
0.849,30.462,4.694,358.506,1.479,0.441,0.132,2.546,0,0,1.259
1.046,26.061,3.246,227.957,1.738,0.844,1.412,33.806,0,0,1.244
1.101,26.544,4.358,153.563,2.566,8.955,0.286,43.905,0,1,1.263
1.041,27.199,9.060,249.298,1.308,32.614,0.702,17.758,1,0,1.207
1.172,24.254,14.069,196.635,1.732,1.823,0.834,42.807,0,1,1.268
1.258,26.934,11.324,220.449,1.361,1.224,1.358,18.952,0,1,1.237
1.197,24.393,7.718,114.372,3.022,0.400,0.765,44.833,0,1,1.284
0.977,28.419,1.888,379.997,1.208,3.399,0.481,9.655,0,0,1.244
1.123,31.636,3.994,172.099,1.897,2.307,0.452,3.598,0,0,1.229
1.226,23.969,1.421,253.279,1.283,20.137,1.014,59.696,0,0,1.236
0.985,24.916,5.491,302.921,1.289,27.643,1.092,12.991,1,0,1.221
0.886,26.901,5.513,267.508,1.652,8.699,0.209,24.160,0,0,1.245
1.075,32.117,4.337,193.136,2.126,21.530,2.282,18.300,1,1,1.223
1.184,20.772,3.715,210.333,1.773,3.008,0.403,38.477,0,1,1.254
1.106,26.995,3.090,213.568,1.659,0.414,0.149,16.540,0,0,1.234
1.005,26.864,9.376,155.779,2.651,0.401,0.862,19.441,0,1,1.267
1.071,30.477,1.502,310.232,0.760,79.413,2.037,6.118,0,0,1.211
0.957,24.777,13.142,234.990,1.058,71.259,0.908,15.909,1,0,1.214
1.177,26.805,9.693,218.346,1.281,0.428,0.816,10.391,0,0,1.221
1.251,19.335,8.517,152.749,1.650,0.541,1.533,35.168,0,0,1.251
1.244,27.220,5.993,157.725,1.677,6.594,0.339,22.374,0,0,1.232
1.358,27.640,10.835,97.445,2.075,0.000,1.339,22.563,0,0,1.252
1.102,28.075,1.797,262.288,1.382,30.018,0.172,25.338,0,1,1.225
1.325,25.149,15.177,158.728,2.073,0.408,0.978,70.551,0,1,1.312
1.127,22.643,7.024,132.431,2.623,0.421,1.380,25.806,0,1,1.264
1.302,21.221,4.316,228.189,1.344,0.420,0.137,46.730,0,0,1.249
0.857,25.587,4.030,148.078,2.323,32.535,0.443,6.458,1,0,1.198
0.946,26.040,9.621,214.405,2.025,2.998,0.305,16.095,0,1,1.252
1.387,19.684,3.330,138.498,1.999,0.401,0.693,62.250,0,0,1.269
1.089,29.869,4.623,220.916,1.729,0.444,0.720,21.762,0,0,1.240
1.302,20.730,3.170,87.218,3.312,0.488,0.783,35.869,0,1,1.273
1.261,22.272,6.276,74.195,2.805,0.426,1.032,18.625,0,0,1.245
1.308,21.798,2.788,291.265,1.050,4.044,0.403,33.796,0,0,1.233
1.186,29.165,5.566,209.285,1.298,11.990,0.224,9.775,0,0,1.215
1.580,21.445,2.282,76.833,2.917,0.426,0.267,21.811,0,1,1.278
1.256,30.652,2.692,247.969,1.266,0.400,1.061,19.703,0,0,1.219
1.196,21.789,3.263,123.937,2.553,0.403,1.160,71.156,0,0,1.266
1.144,29.471,6.553,169.748,1.691,9.101,0.375,11.618,0,0,1.224
1.067,28.242,4.814,345.031,1.125,9.443,0.522,20.942,0,0,1.232
1.144,26.171,7.298,191.127,1.407,27.439,1.561,42.443,0,0,1.234
1.294,23.139,10.571,213.928,0.889,22.038,0.243,6.797,0,0,1.225
0.854,32.591,7.450,253.649,2.002,0.410,0.814,2.857,0,0,1.258
1.144,23.140,7.475,226.899,1.382,11.300,0.453,48.856,0,0,1.250
0.900,29.948,3.896,139.438,1.867,49.035,0.589,2.811,0,0,1.196
0.813,27.638,3.392,333.697,1.639,3.811,0.672,31.384,0,0,1.265
1.058,22.707,5.579,161.268,2.087,25.702,1.159,61.671,0,1,1.252
1.072,25.736,6.714,275.010,1.608,10.542,2.107,65.920,0,1,1.256
0.931,27.689,9.554,146.553,2.377,8.264,0.710,7.752,0,0,1.233
1.315,23.966,1.696,262.382,1.465,0.405,1.129,46.166,0,1,1.244
1.024,26.243,4.784,289.384,1.317,10.818,0.906,21.590,0,0,1.237
0.782,30.141,5.849,232.949,2.031,17.604,0.493,7.459,0,0,1.243
0.936,25.908,2.829,238.611,1.916,2.015,0.880,48.349,0,0,1.256
1.088,26.144,4.227,401.569,0.851,33.156,1.355,11.081,0,0,1.235
1.071,23.202,5.711,192.411,1.660,24.528,2.008,1.745,0,1,1.235
0.765,34.629,1.580,297.633,1.586,51.199,0.468,7.975,0,0,1.225
1.142,24.695,1.389,167.209,1.946,6.360,0.518,29.760,0,0,1.240
1.060,22.576,1.245,282.780,1.680,0.403,1.360,62.092,0,1,1.256
1.131,24.176,4.515,217.450,1.328,20.168,0.437,21.819,0,0,1.231
1.118,29.084,4.907,172.823,2.000,0.421,0.504,16.935,0,0,1.243
1.110,34.969,11.209,257.594,0.783,46.556,0.168,6.512,0,0,1.182
1.202,25.182,4.522,197.243,1.465,1.805,0.195,9.164,0,0,1.227
1.317,24.536,3.516,234.042,0.924,33.667,1.280,18.413,0,0,1.226
1.004,27.836,14.464,169.027,2.193,7.585,1.055,15.829,0,1,1.252
0.928,29.928,7.522,242.711,1.830,0.423,0.679,11.216,0,0,1.248
1.000,32.011,12.929,338.022,1.034,18.159,0.919,2.888,0,0,1.217
1.155,27.363,4.984,197.212,1.286,33.882,0.835,28.237,0,0,1.222
0.976,25.476,6.518,222.188,1.299,42.281,0.995,23.866,0,0,1.228
1.245,24.975,3.538,227.667,1.041,33.141,0.636,20.030,0,0,1.226
1.006,30.697,6.760,281.821,1.556,2.473,0.447,26.787,0,0,1.246
0.956,30.630,12.740,374.136,1.124,3.327,0.730,2.800,0,0,1.235
0.826,24.357,4.767,166.175,1.796,41.778,1.603,24.469,0,0,1.218
1.417,22.663,1.567,104.884,2.276,3.373,1.646,35.615,0,0,1.253
1.084,27.465,4.484,350.655,1.095,4.115,1.514,14.296,0,0,1.233
1.282,24.260,5.255,242.134,1.113,2.978,0.313,12.593,0,0,1.224
0.801,30.210,10.602,438.186,1.109,45.797,0.517,5.330,0,0,1.256
1.163,27.537,6.280,281.573,1.252,1.001,0.661,29.796,0,0,1.236
1.304,26.825,0.660,436.933,0.754,8.503,1.131,32.085,0,0,1.206
1.222,22.179,8.837,229.998,1.209,0.434,0.123,18.592,0,0,1.236
0.935,27.351,10.547,241.873,1.812,4.460,0.740,11.719,1,0,1.228
1.111,25.732,4.286,266.680,1.066,33.115,0.110,11.807,0,0,1.228
0.874,35.265,3.885,312.727,1.248,55.491,1.506,6.181,0,0,1.211
0.930,23.379,13.193,251.505,1.429,1.634,1.607,4.272,0,0,1.232
1.005,26.647,1.463,277.628,1.507,0.702,0.599,10.063,0,0,1.244
1.175,27.421,5.146,345.429,1.030,0.819,1.664,24.386,0,0,1.228
1.126,26.677,13.262,311.254,1.279,0.413,1.417,43.146,1,0,1.238
0.897,35.339,1.748,257.990,2.451,0.400,0.354,26.304,0,1,1.295
1.010,25.036,10.718,181.208,1.696,7.916,1.378,7.832,0,0,1.228
1.334,22.552,1.963,102.887,2.423,0.868,0.973,28.457,0,0,1.251
0.992,26.610,12.555,170.554,2.487,0.529,0.587,32.282,0,1,1.275
0.883,27.458,8.113,395.550,1.126,28.103,1.887,11.497,0,0,1.253
0.848,30.580,8.916,382.083,1.147,49.732,1.631,23.910,0,0,1.237
0.968,30.827,5.292,274.170,1.613,13.408,1.295,4.990,0,1,1.241
1.091,26.593,4.144,431.462,0.964,29.020,0.593,63.780,0,0,1.231
1.057,29.052,4.694,298.729,1.234,5.353,0.338,1.559,0,0,1.229
1.157,28.180,2.674,259.668,1.598,0.567,0.203,24.491,0,1,1.246
0.933,25.762,10.373,175.649,2.129,0.697,0.362,15.968,0,0,1.244
1.267,24.486,9.935,103.080,2.696,1.929,0.229,18.897,0,1,1.274
0.860,30.002,4.119,271.487,1.786,20.195,1.013,2.245,0,1,1.249
1.430,20.904,1.089,161.672,1.876,0.979,0.832,63.637,0,0,1.267
1.315,24.681,3.922,227.514,1.350,0.421,0.851,37.225,0,0,1.243
1.126,28.438,13.157,215.884,1.308,0.489,2.465,4.214,0,0,1.220
1.366,26.135,3.716,196.870,1.449,0.489,1.288,33.940,0,0,1.242
1.406,24.068,2.463,79.896,2.523,31.154,0.801,7.655,1,1,1.226
1.478,23.721,8.533,98.622,2.712,5.190,1.709,56.779,0,1,1.306
1.279,22.369,2.844,188.525,1.503,3.425,0.578,22.387,0,0,1.239
1.009,25.573,2.136,340.367,1.104,32.174,0.810,19.241,0,0,1.243
1.286,24.759,5.395,177.522,1.777,0.976,0.827,23.752,1,0,1.230
1.488,18.194,5.977,126.442,2.172,1.078,0.246,32.749,0,1,1.278
1.292,24.858,11.209,218.224,1.063,1.526,0.853,11.999,0,0,1.226
1.168,30.697,6.487,253.529,1.528,0.425,1.677,20.880,0,1,1.243
1.003,35.792,3.643,196.768,2.060,15.476,0.772,10.706,0,0,1.238
1.071,23.891,4.996,155.507,2.395,1.444,2.368,2.357,0,1,1.255
0.972,25.648,11.184,164.238,1.770,25.636,0.552,37.321,0,0,1.235
1.250,22.503,5.230,185.754,2.140,0.517,2.423,71.699,0,1,1.285
1.152,24.580,4.480,273.712,1.232,0.651,0.603,13.757,0,0,1.235
1.048,25.843,3.635,428.795,0.948,21.629,1.295,21.718,0,0,1.246
0.988,23.906,3.714,314.497,1.331,27.131,1.191,32.541,1,0,1.233
1.221,25.809,3.893,427.260,0.750,1.523,1.082,4.333,0,0,1.219
1.227,26.378,5.751,266.867,1.007,6.665,0.496,0.524,0,0,1.217
1.145,33.397,7.394,243.417,1.224,52.215,0.169,50.277,0,1,1.209
0.919,24.811,6.390,188.417,2.030,5.783,1.655,19.205,0,0,1.245
0.948,28.934,3.160,338.101,1.394,4.383,0.811,13.449,0,0,1.253
1.283,22.291,3.454,262.109,1.228,0.417,1.210,37.495,0,0,1.245
0.765,32.044,0.853,418.534,1.621,0.402,0.876,17.010,0,0,1.298
1.289,25.622,4.976,223.702,1.570,5.509,0.915,71.264,0,0,1.264
1.145,28.288,2.048,265.184,0.738,78.171,0.338,3.926,0,0,1.225
0.830,31.050,13.592,238.421,1.199,73.439,0.341,29.406,0,0,1.204
1.055,28.656,3.395,181.175,2.186,10.626,0.361,16.455,1,0,1.229
0.999,24.671,5.566,170.428,1.393,51.619,0.558,30.475,0,0,1.227
1.027,27.251,8.195,242.708,1.558,0.563,0.340,15.454,0,0,1.243
1.294,22.840,3.115,186.500,1.566,1.778,1.107,29.439,0,0,1.246
1.040,30.519,4.891,291.939,1.525,0.543,0.510,28.952,0,0,1.250
1.004,27.772,12.368,148.840,1.851,25.395,0.776,27.511,0,0,1.229
1.007,27.881,6.201,132.098,2.336,16.985,1.327,14.222,0,0,1.233
1.280,30.097,2.296,332.608,0.882,30.321,0.551,40.275,0,0,1.209
1.105,23.441,1.114,251.736,1.616,0.954,2.231,56.308,0,0,1.256
1.145,24.653,9.353,304.130,1.110,0.906,1.059,26.776,0,0,1.243
0.969,25.134,1.984,302.542,1.440,5.434,0.248,21.476,0,0,1.253
1.069,33.951,9.489,89.857,1.838,50.535,1.327,15.824,0,0,1.187
1.015,26.329,1.149,245.342,1.918,6.066,2.315,31.568,0,1,1.259
1.145,23.596,7.240,158.307,2.466,0.410,0.348,50.455,0,1,1.283
1.453,28.446,6.734,220.821,0.878,0.594,1.907,11.856,0,0,1.211
1.020,26.671,2.999,370.705,1.027,33.061,2.379,15.635,0,0,1.244
1.083,26.279,4.665,181.475,1.738,19.162,2.409,32.736,0,0,1.239
1.014,27.979,6.312,167.124,2.264,0.506,1.004,13.968,0,0,1.253
1.039,23.810,2.649,268.794,1.491,3.076,0.170,33.091,0,0,1.252
1.037,25.264,2.765,294.659,1.503,0.991,0.457,49.333,0,0,1.257
1.087,28.749,6.656,185.147,1.969,3.765,0.352,28.282,0,0,1.252
1.381,28.131,4.947,192.848,1.130,0.654,2.021,4.266,0,0,1.214
1.195,27.574,9.485,147.272,2.043,3.732,0.752,36.888,0,0,1.260
0.998,26.712,2.867,236.278,1.571,17.957,0.261,19.377,0,0,1.240
1.189,27.638,4.631,234.083,1.464,1.858,0.244,27.930,0,0,1.242
0.996,26.812,13.333,156.390,2.336,0.754,0.484,37.518,0,0,1.265
1.061,32.894,6.144,124.892,2.715,18.761,0.734,26.325,0,0,1.247
0.989,22.112,8.802,286.190,1.416,2.768,1.082,67.766,0,0,1.272
1.010,31.575,3.577,234.088,2.033,0.681,0.590,8.163,0,1,1.266
0.883,25.736,6.575,305.599,1.475,15.428,0.563,42.114,0,0,1.257
0.852,25.474,12.635,195.494,1.683,26.167,1.379,6.918,0,0,1.225
1.025,24.859,4.477,150.142,2.703,0.400,1.181,5.122,0,1,1.268
1.303,27.798,10.598,122.551,2.397,0.400,0.498,54.193,0,0,1.290
1.055,29.336,5.122,164.296,2.459,1.610,0.431,32.175,0,0,1.267
1.359,23.792,2.896,198.349,1.415,0.589,0.850,25.555,0,0,1.242
0.994,26.703,14.395,162.619,1.988,2.286,1.070,9.120,0,0,1.238
1.309,20.078,5.786,149.493,2.246,0.493,0.562,47.583,0,1,1.282
1.239,34.426,5.658,226.523,0.940,46.924,0.391,33.091,0,0,1.196
1.073,25.890,1.525,173.014,2.523,0.506,0.164,23.677,0,1,1.274
1.286,25.105,2.809,153.976,2.376,1.202,0.897,51.463,1,0,1.254
1.373,26.399,4.335,228.353,1.307,2.809,0.449,42.923,0,0,1.246
0.961,26.836,3.472,284.722,1.417,19.495,0.725,19.961,0,0,1.246
1.010,31.731,1.959,244.622,2.505,0.425,1.368,71.796,0,1,1.292
1.043,26.111,1.308,245.729,1.211,54.050,0.860,42.338,0,0,1.230
0.833,27.572,3.752,240.688,1.492,70.154,0.313,26.695,0,1,1.227
1.017,32.137,3.394,246.889,1.026,67.032,1.769,9.941,0,0,1.206
1.116,29.767,5.711,274.230,0.951,43.528,0.649,9.757,0,0,1.218
1.060,27.469,2.821,207.421,1.296,45.701,1.973,16.880,0,0,1.224
1.060,27.176,1.087,223.894,1.886,0.406,0.546,32.280,0,0,1.257
0.848,29.552,4.653,154.389,1.603,68.665,0.150,12.919,0,0,1.198
1.033,23.618,7.150,147.383,1.892,39.158,1.341,9.189,0,1,1.238
0.971,27.035,7.920,285.726,1.390,14.799,0.266,25.502,0,0,1.248
1.238,32.475,5.431,239.792,0.798,34.565,0.451,0.690,0,0,1.196
1.472,25.660,1.226,300.621,0.809,8.329,1.017,22.370,0,0,1.214
1.048,28.850,3.526,301.103,1.310,3.093,0.116,3.111,0,0,1.240
1.195,24.265,6.056,116.643,2.495,0.500,1.139,33.077,0,0,1.263
0.899,32.387,7.208,460.242,0.902,70.185,0.560,2.614,0,0,1.246
1.197,19.496,1.916,112.623,2.403,30.965,1.494,63.754,0,1,1.256
1.238,23.215,3.553,339.089,1.073,5.854,1.980,53.420,0,0,1.248
1.119,28.592,2.415,205.314,1.730,0.464,1.743,6.659,0,0,1.242
1.340,25.268,9.855,61.986,3.595,0.446,0.485,50.922,0,0,1.299
1.074,26.576,3.456,414.810,0.804,60.159,0.811,16.580,0,0,1.247
0.903,33.952,3.561,353.014,1.199,42.810,1.806,0.901,0,0,1.234
1.193,24.564,2.465,153.823,1.883,2.591,1.355,4.914,0,0,1.238
1.144,24.748,1.667,205.772,2.141,1.053,0.344,47.654,0,1,1.273
1.094,26.626,2.598,201.232,1.724,9.479,0.177,18.985,0,0,1.243
1.435,23.087,1.538,275.278,1.008,1.711,1.598,25.268,0,0,1.231
1.248,22.360,4.346,236.092,1.506,9.427,0.460,32.823,0,1,1.256
1.136,23.293,12.344,204.083,1.339,3.541,1.166,7.881,0,0,1.235
0.786,36.149,0.858,466.155,1.437,15.046,0.760,3.772,0,0,1.295
1.220,26.246,3.488,286.648,1.393,1.851,0.887,32.939,0,1,1.247
1.024,30.202,1.379,206.014,2.149,10.924,1.739,11.853,0,1,1.262
1.032,25.427,1.979,182.535,2.159,9.940,1.024,56.924,0,0,1.258
0.857,34.761,4.352,354.457,1.089,72.595,0.592,1.100,0,0,1.223
0.983,26.447,6.696,160.680,1.702,32.705,1.286,5.776,0,0,1.223
1.249,26.703,7.276,274.368,0.966,11.738,1.841,12.000,0,0,1.227
1.282,26.561,0.678,153.324,1.737,23.411,1.112,38.614,0,0,1.239
0.901,32.688,9.309,344.624,1.445,0.424,1.715,1.439,0,0,1.258
1.127,22.824,5.717,316.846,1.147,1.160,0.449,25.047,0,0,1.250
0.895,23.954,7.743,254.877,1.709,1.369,0.701,34.703,0,0,1.263
0.917,31.451,2.916,258.355,2.094,0.973,1.968,32.876,0,0,1.277
0.870,38.069,9.712,257.995,1.080,80.327,1.445,3.705,0,0,1.177
1.155,28.305,4.379,140.908,2.264,0.487,0.803,9.611,0,0,1.252
1.102,29.054,7.649,224.858,1.395,40.851,1.070,30.460,0,1,1.235
1.242,20.720,4.550,104.028,2.927,1.881,0.105,21.259,0,1,1.273
1.267,22.571,6.728,137.686,1.904,1.063,0.377,24.156,0,0,1.255
0.748,30.212,5.655,452.558,1.425,6.858,0.949,8.514,0,0,1.300
1.166,25.239,5.504,352.801,1.048,0.407,1.463,27.948,0,0,1.244
1.080,28.574,8.544,135.288,1.679,30.375,1.972,3.712,0,0,1.217
1.134,36.362,11.365,363.783,0.695,28.336,1.188,0.123,0,0,1.192
1.002,27.407,5.695,253.171,1.782,2.181,0.326,8.760,0,1,1.259
1.164,28.330,3.411,202.423,1.589,10.375,0.715,18.734,0,0,1.239
1.085,26.806,1.390,266.917,1.574,19.441,0.573,37.339,1,0,1.230
1.059,30.035,4.529,141.690,2.817,1.114,0.502,22.012,0,0,1.276
0.998,27.681,8.438,359.575,0.862,62.943,0.889,4.820,0,0,1.247
1.316,23.723,2.517,197.768,1.691,2.502,1.265,14.482,0,1,1.254
1.192,19.626,2.550,229.102,1.590,2.351,0.358,27.306,1,0,1.239
1.096,24.145,0.929,429.505,1.082,7.248,0.276,62.400,0,0,1.250
1.284,22.401,0.484,301.712,1.248,2.640,0.502,19.529,0,1,1.240
1.412,28.356,2.522,122.491,1.516,21.948,0.548,17.522,0,0,1.231
1.182,27.080,4.762,150.830,1.781,38.055,0.933,23.149,0,1,1.243
1.146,24.684,2.481,204.988,1.730,7.301,1.226,40.732,0,0,1.255
1.353,24.236,0.954,164.043,1.977,2.037,1.028,13.280,0,1,1.260
1.436,21.626,1.294,79.936,2.726,3.340,1.512,33.097,0,0,1.264
1.024,22.207,3.042,158.639,1.457,51.600,1.373,30.156,0,0,1.240
1.119,24.132,5.895,353.549,1.189,2.876,0.874,24.077,0,1,1.247
1.162,28.505,4.923,237.348,1.292,6.613,1.563,1.946,0,0,1.229
1.102,30.726,5.759,328.738,1.122,15.845,1.330,21.208,0,0,1.234
1.030,25.054,6.299,353.756,1.211,0.434,1.214,28.314,0,0,1.259
1.067,27.742,4.419,455.085,0.938,0.403,0.892,6.633,0,0,1.249
0.977,27.843,3.016,239.495,1.743,6.152,1.773,10.161,0,0,1.253
1.139,36.116,6.724,354.833,0.963,12.592,0.206,3.947,0,1,1.207
1.077,24.950,2.135,297.050,0.960,59.670,1.401,11.205,0,0,1.249
1.127,23.483,7.293,167.003,1.441,34.002,0.634,32.189,0,0,1.246
1.021,29.609,2.346,238.939,1.624,36.351,0.605,63.123,0,0,1.232
0.927,24.380,1.605,296.590,1.538,3.113,0.898,15.227,0,0,1.264
1.025,32.490,5.523,197.811,1.280,61.669,0.268,29.601,0,0,1.205
0.757,36.218,9.511,476.527,1.289,55.935,1.153,0.998,1,0,1.249
1.063,35.228,9.960,276.868,0.978,36.852,0.210,0.546,0,0,1.202
1.340,21.960,10.317,62.916,3.533,6.078,0.984,35.615,0,1,1.296
1.287,28.513,1.028,221.486,1.515,0.404,1.236,27.135,0,0,1.244
0.941,31.669,1.110,459.092,1.283,0.693,0.264,29.755,0,0,1.273
0.997,22.493,2.309,215.509,1.807,27.765,0.750,38.307,0,1,1.256
1.208,23.865,7.574,258.109,1.329,8.776,0.231,25.923,1,0,1.236
1.018,29.406,12.625,246.489,1.445,3.374,1.356,2.957,0,0,1.238
1.090,35.436,5.623,255.967,1.250,20.328,1.687,1.967,0,0,1.216
1.036,32.881,9.522,258.140,1.144,62.766,2.115,57.079,0,0,1.211
0.943,24.879,9.499,128.156,2.768,2.836,0.493,22.550,0,0,1.259
1.254,23.060,4.520,179.973,2.002,0.983,0.336,28.020,0,1,1.272
1.165,25.196,3.246,338.206,1.067,5.183,1.146,17.771,0,0,1.243
1.126,31.035,7.845,423.021,0.885,1.319,0.231,10.047,0,0,1.232
1.053,29.287,4.360,167.489,2.648,0.635,1.146,10.779,0,1,1.287
1.305,27.052,8.013,232.801,1.028,4.921,0.768,6.204,0,0,1.226
0.991,31.542,10.211,240.156,0.858,79.808,0.629,4.198,0,0,1.212
1.117,29.733,0.766,216.651,1.603,12.878,0.310,9.802,0,0,1.239
1.337,25.644,4.212,139.636,1.932,16.156,0.902,53.998,0,0,1.264
1.468,21.439,2.761,70.531,2.606,1.204,0.681,12.650,0,0,1.259
1.184,28.075,8.595,188.893,1.053,45.703,0.110,17.927,0,0,1.229
1.114,26.692,14.714,487.371,0.756,3.576,0.426,23.641,0,0,1.248
1.258,26.450,11.651,205.048,1.372,2.640,1.369,32.797,0,0,1.258
1.397,22.517,2.980,139.073,1.572,25.104,0.680,37.699,0,0,1.257
0.760,33.869,1.072,428.653,1.599,5.925,1.692,4.244,0,0,1.310
0.799,30.094,1.684,153.530,3.468,10.649,0.113,33.312,0,0,1.283
1.247,26.365,9.674,265.196,1.190,0.400,2.228,34.302,0,0,1.254
0.948,24.327,15.395,169.348,2.231,10.757,0.752,21.362,0,1,1.264
0.847,33.934,4.672,210.340,1.568,60.938,1.695,1.700,0,0,1.209
1.141,23.835,4.288,330.359,1.047,15.544,0.685,19.014,0,0,1.250
1.244,31.683,3.595,168.065,1.699,0.406,0.179,0.652,0,0,1.237
0.988,31.310,1.979,175.608,2.248,17.567,2.521,14.573,0,0,1.251
1.084,25.482,1.355,240.083,1.824,7.318,0.280,26.118,0,1,1.264
1.117,29.295,4.148,162.653,2.181,0.898,0.188,10.286,0,0,1.259
1.307,26.044,9.257,170.851,1.732,1.367,0.756,45.944,0,0,1.276
0.981,30.950,14.398,294.777,1.302,19.764,0.551,25.068,0,0,1.245
1.183,26.209,6.525,147.358,2.657,0.538,0.301,36.584,0,1,1.295
1.097,29.415,3.885,235.520,1.599,0.401,0.242,6.877,0,0,1.249
1.131,28.074,2.800,236.361,1.076,45.319,0.788,4.443,0,0,1.230
1.236,28.159,0.805,354.666,0.988,2.064,0.397,14.760,0,0,1.231
0.838,27.007,6.353,207.568,2.271,18.903,1.150,12.758,0,1,1.264
1.536,26.720,7.209,130.155,1.612,2.797,0.485,14.011,1,0,1.237
0.914,32.494,11.316,139.183,2.332,43.872,2.172,7.753,0,1,1.228
1.340,25.418,0.984,251.824,1.155,0.910,2.368,10.446,0,0,1.233
1.301,26.180,3.753,276.379,1.333,0.499,0.209,28.123,0,1,1.250
1.155,27.437,1.799,455.189,0.834,21.531,1.000,18.508,0,0,1.241
1.072,25.658,5.754,239.040,1.371,17.004,2.517,9.290,0,0,1.244
1.114,26.392,2.460,319.898,1.380,0.524,1.167,47.335,0,0,1.261
1.110,27.233,4.872,206.224,1.657,2.809,0.957,5.731,0,0,1.246
1.365,33.194,4.307,115.144,1.767,19.705,1.313,3.507,1,0,1.210
1.226,26.879,3.823,141.202,2.662,0.425,1.799,24.408,0,1,1.290
0.841,31.917,0.730,330.531,1.521,28.357,0.140,0.897,0,0,1.265
0.987,34.951,6.209,272.475,1.725,3.408,1.071,10.438,0,0,1.261
1.007,27.239,10.201,317.423,1.265,1.589,1.672,8.906,0,0,1.253
1.066,26.064,6.460,214.636,1.528,18.131,0.678,20.910,0,0,1.248
1.027,23.379,3.140,185.218,2.084,0.571,0.786,32.510,0,0,1.265
1.125,26.629,1.108,206.998,1.446,28.225,0.630,13.313,0,0,1.238
1.074,32.757,13.098,180.955,2.316,0.999,1.988,16.351,0,1,1.287
1.232,30.524,1.045,113.649,1.991,51.064,0.875,63.593,0,0,1.218
0.976,32.140,3.016,211.215,2.077,9.522,0.944,10.102,0,0,1.262
1.019,23.505,3.674,145.270,2.492,0.792,1.405,24.856,0,0,1.264
1.210,25.398,6.053,152.639,1.705,9.777,1.274,7.418,0,0,1.242
1.263,27.586,0.598,148.923,1.587,32.293,1.123,23.306,0,0,1.234
1.385,22.801,5.936,260.541,1.462,0.443,1.457,62.892,0,1,1.279
1.092,24.633,1.580,209.317,2.169,0.401,2.010,34.406,0,1,1.279
0.759,35.384,4.354,334.024,1.861,29.435,1.181,0.328,1,0,1.261
1.072,26.673,14.116,149.712,1.933,14.215,0.582,33.335,0,0,1.258
0.941,26.018,2.243,255.120,1.374,44.978,2.469,21.405,0,0,1.248
1.367,18.416,2.339,216.537,1.640,0.443,0.113,26.444,0,1,1.267
1.076,29.558,6.079,196.929,1.806,18.814,0.820,5.467,1,0,1.226
0.862,26.230,2.417,447.090,1.261,5.097,0.131,16.649,0,0,1.291
0.736,22.928,9.859,212.073,2.013,11.485,0.820,0.060,0,0,1.251
1.004,23.214,3.196,155.960,2.180,9.831,1.812,17.665,0,0,1.253
0.983,28.031,4.259,251.383,1.637,36.171,0.213,35.176,0,1,1.250
1.247,33.253,7.870,274.592,1.368,0.805,1.167,43.724,0,0,1.256
1.359,21.825,5.745,214.484,1.680,0.401,0.926,60.653,1,0,1.268
0.908,26.013,8.030,400.761,1.168,14.408,1.001,8.241,0,0,1.274
1.316,24.847,3.621,267.310,1.174,0.689,1.786,25.706,0,0,1.247
1.030,28.204,1.193,256.499,1.695,1.501,0.172,13.380,0,0,1.263
1.137,22.965,1.560,292.390,1.389,8.009,1.627,60.718,0,0,1.266
0.862,27.295,1.780,442.748,1.199,30.662,0.669,21.858,0,0,1.282
1.134,26.617,4.575,132.959,1.371,60.948,0.459,30.376,0,0,1.232
1.097,31.254,14.176,219.716,1.830,0.487,1.042,43.787,0,0,1.282
1.285,24.410,1.959,343.885,1.002,2.622,1.424,28.280,0,0,1.243
0.789,36.039,1.895,211.886,1.858,66.202,1.095,17.851,0,0,1.205
0.920,30.296,8.307,419.864,1.224,6.388,0.575,13.508,0,0,1.273
1.066,28.808,5.057,398.066,0.921,67.937,0.708,40.720,0,1,1.226
1.070,29.945,4.440,259.006,1.489,22.641,1.236,9.130,0,1,1.248
0.949,27.000,5.010,292.510,1.545,10.400,0.189,28.526,0,0,1.266
1.031,25.424,5.388,162.932,2.196,1.115,0.479,6.052,0,0,1.258
0.817,26.650,4.806,298.280,1.570,44.570,1.377,25.096,0,1,1.258
1.410,23.915,4.655,286.835,0.839,10.632,0.267,11.508,0,0,1.235
1.013,29.796,12.551,194.127,1.898,5.055,0.981,13.364,0,0,1.257
1.194,23.439,6.075,147.163,2.310,0.644,0.658,58.653,0,0,1.287
1.037,28.924,6.208,221.236,1.274,41.313,1.739,3.815,0,0,1.232
1.003,29.567,1.517,379.620,1.274,5.545,0.472,15.830,0,0,1.265
1.241,23.710,5.756,246.806,1.442,0.400,1.975,50.805,0,0,1.273
0.965,26.093,2.010,294.966,1.642,0.400,0.550,32.852,0,0,1.275
1.067,25.852,7.451,269.279,1.395,0.407,0.228,10.702,0,0,1.255
1.108,30.142,6.563,354.877,0.930,25.822,0.547,4.991,0,0,1.236
1.009,29.257,9.524,162.622,1.385,51.625,0.618,6.570,0,0,1.220
1.167,24.541,3.516,204.734,0.913,80.912,0.485,29.031,0,0,1.256
1.291,18.883,3.485,189.449,1.533,39.542,0.120,44.438,0,1,1.277
1.153,24.035,1.333,354.171,1.193,6.800,0.992,52.917,0,0,1.260
1.174,23.872,1.587,205.441,1.815,4.093,1.323,47.740,0,0,1.269
0.983,26.704,3.010,338.501,1.332,1.796,1.045,1.983,0,0,1.266
1.327,25.388,12.825,133.017,2.098,4.053,0.452,24.942,0,1,1.291
0.844,27.715,2.214,267.884,1.332,66.844,0.910,17.865,0,0,1.246
0.807,35.744,5.036,308.615,1.998,9.316,1.295,10.250,0,0,1.292
1.219,27.367,10.680,179.066,1.761,8.487,1.623,15.234,0,1,1.266
1.168,26.270,1.874,257.070,1.358,33.626,0.574,29.830,1,0,1.230
1.367,24.178,4.591,431.403,0.627,3.672,1.372,8.935,0,0,1.224
0.980,31.683,7.773,140.425,2.413,33.330,0.945,7.109,1,0,1.217
0.919,28.853,8.696,282.769,1.611,4.241,1.717,7.717,0,0,1.265
1.311,23.002,9.017,174.900,1.790,0.550,0.146,62.505,0,0,1.297
1.121,27.346,2.987,299.063,1.387,1.419,0.211,29.956,0,0,1.260
1.106,25.175,9.691,393.950,0.988,12.673,1.777,2.729,1,0,1.240
1.100,27.722,6.658,229.409,1.858,6.046,0.653,29.185,0,1,1.274
0.865,32.251,8.307,461.098,1.119,59.501,0.710,7.007,1,0,1.250
1.036,25.581,4.683,278.825,1.426,9.781,0.476,22.354,0,0,1.261
1.086,25.409,5.270,442.880,0.921,3.780,0.770,4.534,0,0,1.259
1.220,35.092,10.578,147.061,1.132,50.601,0.516,8.825,0,1,1.216
0.938,27.595,2.379,344.244,1.052,65.790,1.290,1.777,0,0,1.264
1.186,23.217,5.606,226.304,1.450,1.335,0.391,19.453,0,0,1.258
0.919,30.295,3.907,225.825,1.753,43.499,0.743,7.315,0,1,1.246
0.936,29.564,6.094,311.342,1.497,5.326,0.237,4.604,0,0,1.267
1.176,25.105,8.265,284.701,1.428,1.694,1.802,36.107,0,1,1.269
1.171,24.864,5.004,283.878,1.099,15.266,0.813,5.988,0,0,1.247
1.535,35.952,9.215,149.783,0.925,0.613,1.332,15.928,0,0,1.221
1.371,24.801,2.661,181.913,1.502,0.649,2.124,14.020,0,0,1.251
1.026,29.434,3.123,324.528,1.205,32.410,0.320,21.030,0,0,1.249
1.233,26.532,3.736,254.725,1.247,13.434,0.954,25.653,0,0,1.249
1.133,22.601,7.398,314.391,1.071,4.743,0.355,2.386,0,0,1.252
1.113,27.662,7.144,159.632,1.017,70.960,1.057,8.257,0,0,1.233
1.080,22.793,3.637,272.654,1.351,13.164,0.398,27.520,0,0,1.264
1.428,31.182,7.529,211.607,1.041,0.593,1.049,0.000,1,0,1.203
0.971,34.480,5.293,227.717,1.042,80.254,0.184,7.440,0,0,1.203
0.970,31.393,1.867,338.851,1.620,1.615,0.769,34.117,0,0,1.279
1.548,19.437,3.995,137.503,1.580,0.662,0.657,9.458,0,0,1.260
1.151,29.057,3.787,277.238,1.401,6.977,0.468,30.308,0,0,1.256
1.212,28.168,8.216,175.810,2.065,0.400,0.383,17.173,0,1,1.281
1.023,24.383,4.608,224.277,1.782,4.741,0.477,32.610,0,0,1.270
0.986,27.603,2.732,313.805,1.495,18.719,0.287,54.330,0,0,1.265
1.236,28.296,2.643,154.194,1.954,11.115,0.110,22.427,0,0,1.257
0.936,28.385,5.236,194.399,1.673,37.636,0.888,2.451,0,0,1.238
1.083,22.163,6.062,247.336,1.684,1.740,1.320,15.316,0,1,1.270
1.184,26.387,4.736,257.167,1.660,0.400,1.882,34.628,0,1,1.274
1.000,28.372,6.984,291.619,1.345,12.875,0.279,2.181,0,0,1.254
1.350,30.645,5.112,143.737,2.485,0.480,0.331,32.300,0,1,1.305
0.928,29.514,0.949,314.889,1.872,13.663,0.362,61.618,0,1,1.273
1.089,23.088,8.939,213.777,1.611,0.625,0.299,21.534,0,0,1.265
1.251,23.729,10.057,285.895,1.433,0.568,0.944,65.871,0,1,1.290
1.272,24.396,1.737,312.281,1.235,4.022,0.900,54.455,0,0,1.261
1.016,24.093,4.956,151.810,2.419,0.658,0.173,17.220,0,0,1.268
1.085,27.922,6.124,280.949,1.346,4.510,0.719,9.405,0,0,1.255
1.171,24.158,5.274,202.702,1.760,0.988,1.116,37.891,0,0,1.274
1.114,25.796,1.615,163.929,1.559,64.769,0.911,20.377,0,1,1.247
0.973,24.987,11.171,268.765,1.570,0.432,0.646,33.015,0,0,1.277
1.260,26.196,5.336,276.716,1.333,0.407,1.726,21.068,1,0,1.240
1.132,28.536,9.566,220.966,1.780,1.713,0.123,19.253,1,0,1.252
1.342,18.436,6.483,158.887,1.571,0.461,1.227,6.474,0,0,1.258
1.187,24.480,11.669,286.524,0.898,30.866,0.572,15.020,0,0,1.256
0.938,25.579,2.923,268.517,1.694,0.610,1.083,4.515,0,0,1.273
1.013,28.413,3.849,232.959,1.209,57.553,1.143,8.657,0,0,1.240
1.015,24.752,4.965,265.482,1.571,2.155,0.897,21.690,0,0,1.270
0.973,19.185,10.806,145.297,2.117,1.617,0.845,21.889,0,0,1.259
1.131,25.518,5.359,178.001,1.577,27.073,1.871,22.205,0,0,1.251
1.206,21.136,4.833,327.063,1.318,2.250,1.425,54.568,0,1,1.272
1.247,23.135,12.630,266.901,1.411,7.006,0.530,65.606,0,1,1.297
1.140,24.145,4.217,205.225,1.140,56.010,0.439,20.523,0,0,1.255
0.993,26.849,3.042,351.321,1.024,57.381,1.316,10.393,0,0,1.264
1.104,31.497,14.497,121.670,1.644,31.616,0.742,4.024,0,0,1.223
0.843,34.403,6.911,251.192,1.795,32.669,1.520,1.488,0,0,1.250
0.772,35.368,1.387,342.110,1.824,24.473,1.020,12.478,0,0,1.288
0.922,32.014,9.944,290.939,2.015,0.638,0.146,60.128,0,0,1.303
1.023,27.030,2.468,140.598,1.675,77.486,0.628,32.960,0,1,1.234
1.113,30.860,2.611,321.342,1.222,9.418,0.466,11.001,0,0,1.250
1.176,26.221,4.967,207.088,1.715,0.904,0.282,25.713,0,0,1.268
1.473,24.211,2.444,110.590,2.237,0.463,0.147,26.935,0,0,1.278
1.073,25.287,0.865,234.613,1.573,13.509,0.621,11.033,0,0,1.259
1.204,22.100,2.597,298.818,1.223,12.082,0.991,47.581,0,0,1.268
1.233,23.299,4.731,98.007,3.168,0.400,0.223,23.888,1,0,1.266
0.823,28.231,5.417,333.760,1.552,16.992,1.252,10.669,0,0,1.282
1.207,22.407,2.228,181.758,1.847,1.094,0.564,27.091,0,0,1.268
1.243,25.302,8.045,236.425,1.191,0.536,0.623,1.075,0,0,1.243
1.093,26.416,3.948,280.050,1.412,12.187,0.568,33.889,0,0,1.264
1.506,19.194,4.181,96.472,2.981,0.401,0.546,45.839,0,1,1.312
1.171,25.179,3.241,288.863,1.340,0.421,0.540,29.082,0,0,1.264
1.088,23.560,8.329,180.505,2.044,0.890,0.491,50.968,0,0,1.287
1.023,25.607,1.894,183.963,2.202,0.433,0.772,12.998,0,0,1.273
0.963,27.481,2.864,118.737,2.086,79.228,0.477,5.747,1,1,1.207
1.052,31.139,12.380,183.774,2.173,2.343,0.845,26.710,0,0,1.282
0.936,27.401,7.505,187.414,2.527,6.255,2.004,14.207,0,1,1.289
1.151,28.243,4.447,298.561,1.365,1.409,0.436,32.397,0,0,1.264
1.185,28.068,2.057,270.016,1.064,31.374,1.350,4.127,0,0,1.241
1.183,27.600,4.782,184.896,2.403,5.859,0.452,57.543,0,1,1.301
1.264,24.927,6.247,283.180,1.126,20.542,2.048,17.917,1,0,1.238
1.424,22.189,6.512,161.766,1.533,4.181,1.292,26.552,0,0,1.273
1.190,28.791,5.426,126.313,2.482,8.507,0.461,25.368,0,0,1.274
1.158,21.850,4.108,219.640,1.569,0.453,1.134,18.220,0,0,1.265
0.834,34.383,7.335,166.462,1.486,84.576,0.211,11.213,0,0,1.192
1.134,20.431,0.862,167.634,1.811,22.950,0.340,51.407,0,0,1.267
1.377,21.602,4.904,210.537,1.275,0.754,1.406,10.764,0,0,1.256
1.167,21.412,5.070,258.538,1.351,18.741,1.123,69.535,0,0,1.282
1.073,28.995,6.680,232.456,1.152,44.295,2.046,1.399,0,0,1.238
1.046,27.473,1.595,211.514,1.444,65.249,0.452,34.774,1,0,1.220
0.950,32.632,7.146,239.839,1.597,29.866,2.426,6.090,0,0,1.245
0.992,34.527,14.886,331.230,1.099,25.367,1.971,2.728,0,0,1.236
0.978,25.574,4.520,216.417,1.919,10.323,1.290,35.897,0,0,1.273
1.172,26.523,8.571,220.150,1.771,0.634,0.691,56.373,0,0,1.291
1.234,24.422,5.409,404.632,0.807,3.392,0.249,2.838,0,0,1.246
1.108,25.024,1.224,389.296,1.138,4.494,0.538,31.788,0,0,1.267
0.951,28.375,2.601,240.883,1.413,47.966,0.546,7.329,0,0,1.248
1.330,26.043,5.041,250.184,1.341,7.507,0.670,22.332,0,1,1.261
0.965,19.881,2.243,381.248,1.210,0.609,0.449,10.213,0,0,1.287
1.070,23.649,4.351,309.371,1.304,1.821,1.326,15.344,0,0,1.269
0.909,23.988,3.766,318.863,1.696,0.609,0.988,25.542,0,1,1.287
1.009,29.217,5.179,247.419,1.891,1.312,1.275,30.548,0,0,1.282
0.896,26.304,4.751,194.370,1.805,36.093,0.750,16.532,0,0,1.250
0.998,21.018,7.052,257.881,1.235,39.977,0.749,37.587,0,0,1.277
1.059,32.762,9.052,187.999,1.963,4.541,0.854,0.979,0,0,1.262
0.979,29.558,6.381,238.981,2.007,0.408,0.374,28.587,0,0,1.287
1.169,28.377,6.023,142.725,1.171,75.509,1.065,6.189,1,0,1.216
1.056,24.531,1.191,432.621,1.011,17.978,0.269,11.809,0,0,1.276
1.243,20.842,2.500,141.716,2.075,15.704,0.583,63.435,0,0,1.280
1.163,24.369,7.666,214.200,1.455,11.217,0.381,21.160,0,0,1.264
1.040,24.069,3.226,185.458,2.048,2.469,0.156,15.291,0,0,1.270
1.127,26.718,2.944,164.976,2.431,0.454,1.169,39.851,0,0,1.288
1.007,30.010,4.025,236.999,1.174,72.733,0.300,35.088,0,0,1.231
1.116,28.688,12.147,89.629,3.153,5.288,0.444,8.794,0,0,1.281
1.217,25.997,2.744,286.423,1.415,1.970,0.613,49.658,0,0,1.272
0.960,32.348,0.578,301.899,1.947,0.454,0.582,39.764,0,0,1.296
1.227,21.760,1.224,170.439,2.065,0.416,0.970,45.947,0,0,1.281
1.140,27.819,1.208,232.630,1.501,23.095,0.349,27.008,0,0,1.255
1.335,26.816,3.682,220.267,1.587,0.797,0.393,17.852,0,1,1.269
1.136,27.119,2.140,159.753,2.441,7.989,0.606,7.577,0,1,1.285
0.936,25.896,10.195,324.906,1.362,3.519,0.682,4.400,0,0,1.273
1.010,25.052,6.600,340.354,0.877,82.226,1.087,11.865,0,0,1.280
0.823,28.791,4.310,317.776,1.335,58.789,0.259,12.204,0,0,1.265
1.038,28.208,12.152,149.853,2.817,0.410,0.606,12.125,0,1,1.304
1.015,29.018,3.244,180.732,1.932,37.305,0.791,47.069,0,0,1.248
0.974,26.122,5.761,173.302,2.323,0.514,0.537,4.887,0,0,1.274
0.733,29.622,6.674,340.124,2.001,0.407,0.855,2.635,1,0,1.302
1.307,27.822,6.745,193.101,1.270,43.706,0.140,33.135,1,0,1.236
1.208,31.248,2.256,219.776,1.592,10.129,0.814,21.245,0,0,1.256
0.791,26.331,5.073,282.824,1.941,2.778,0.272,25.198,0,0,1.296
1.084,25.528,6.277,237.865,1.217,40.002,1.147,12.943,0,0,1.257
1.014,26.649,5.310,185.384,2.459,10.258,0.218,48.430,1,0,1.268
1.238,23.525,2.298,211.597,1.698,0.409,0.660,36.658,0,0,1.276
0.925,35.580,5.606,329.214,1.790,2.436,2.129,1.398,1,0,1.278
1.239,26.106,10.692,88.215,2.702,0.576,0.352,7.206,0,0,1.277
0.908,24.157,1.885,262.018,1.781,0.566,0.199,3.559,0,0,1.282
1.071,24.180,1.932,169.661,2.439,11.591,1.639,26.300,0,1,1.284
0.816,37.363,6.094,340.859,1.928,0.438,2.124,0.340,0,0,1.316
1.022,36.208,3.195,132.655,1.963,60.938,0.941,2.885,0,1,1.221
0.955,34.802,7.471,278.090,1.480,37.374,0.276,2.808,0,1,1.246
1.134,24.627,7.406,201.722,1.890,19.254,0.309,48.035,0,1,1.285
1.062,28.340,8.248,159.903,1.908,24.040,0.982,19.306,0,0,1.255
1.271,26.253,1.779,288.339,1.131,8.849,0.648,15.939,0,0,1.252
0.914,31.841,5.563,218.613,1.555,49.442,0.740,3.255,0,0,1.237
0.921,33.248,8.259,260.687,1.926,0.490,0.598,1.103,0,0,1.285
1.219,23.239,2.828,162.364,1.914,9.908,1.070,30.040,0,0,1.271
1.202,22.095,4.426,284.635,1.416,0.400,1.319,66.500,0,0,1.289
1.188,25.428,1.196,150.230,2.170,0.793,0.154,3.160,0,0,1.267
0.972,30.599,8.398,179.814,2.383,4.400,1.300,9.257,0,0,1.282
1.267,25.317,3.659,271.903,1.292,0.400,0.791,28.532,0,0,1.265
1.111,24.287,3.395,225.055,1.481,17.281,0.318,10.650,0,0,1.262
1.145,23.535,4.201,100.240,3.286,1.936,0.308,49.194,0,0,1.293
1.018,27.918,3.663,171.656,1.481,60.495,0.874,26.576,0,0,1.238
1.143,26.249,8.018,192.893,1.846,0.436,1.910,25.885,0,0,1.278
1.029,22.906,5.604,366.975,1.083,22.587,1.738,11.623,0,0,1.280
0.851,27.606,4.168,329.092,1.521,19.660,0.363,9.959,0,0,1.285
0.999,31.993,7.991,85.186,1.758,69.929,0.837,9.039,0,0,1.200
1.376,27.177,4.229,211.025,1.761,0.735,1.329,38.670,0,1,1.288
1.160,20.335,1.419,291.916,1.193,22.190,0.556,26.736,0,0,1.275
1.169,21.911,1.745,191.456,1.931,1.352,0.462,43.444,0,0,1.282
1.128,27.991,1.873,151.499,2.642,0.659,0.878,28.246,0,0,1.292
1.198,22.837,3.205,265.420,1.414,3.410,2.021,39.666,0,0,1.276
1.223,26.814,8.448,148.611,2.215,4.324,0.847,6.082,0,1,1.285
1.329,19.891,1.329,225.457,1.339,5.835,1.754,11.246,0,0,1.264
1.126,29.981,2.065,360.320,1.084,18.235,0.925,14.693,0,0,1.254
1.159,18.005,3.038,128.636,2.201,1.820,1.468,2.118,0,0,1.259
1.347,22.829,6.641,206.211,1.263,0.400,0.280,3.053,0,0,1.254
1.185,29.136,1.856,137.478,2.726,0.456,1.979,22.746,0,0,1.294
1.260,25.332,5.177,93.222,3.317,0.427,0.823,44.412,0,0,1.306
0.777,36.060,3.069,307.845,2.215,2.213,1.103,0.692,0,0,1.329
1.161,27.567,6.540,118.766,1.919,41.379,0.690,41.802,0,0,1.251
1.330,27.253,6.003,242.034,1.197,15.302,1.645,35.398,0,0,1.262
0.986,26.493,3.827,145.356,2.041,32.200,1.131,1.036,0,0,1.246
1.404,22.820,5.932,254.862,1.305,0.424,0.807,21.721,0,1,1.270
1.019,32.450,7.737,377.622,0.977,40.484,0.875,1.845,0,0,1.250
1.008,29.560,3.749,286.594,1.569,17.768,0.405,33.470,0,0,1.271
1.140,24.932,4.224,314.290,1.166,4.477,0.940,3.427,0,0,1.262
1.099,32.221,10.445,156.389,2.196,9.606,0.520,14.314,0,0,1.272
1.157,23.225,6.353,229.452,1.622,0.400,0.901,40.576,0,0,1.285
1.204,27.035,5.241,176.028,1.971,7.612,0.184,38.657,0,0,1.281
1.445,37.066,4.083,211.381,1.043,0.469,1.456,13.899,0,0,1.224
1.176,22.712,3.349,244.609,1.514,5.315,1.813,38.284,0,0,1.279
1.108,22.814,8.856,208.952,2.016,8.871,0.778,65.724,0,1,1.306
0.991,28.082,2.689,426.767,1.345,2.375,0.620,38.717,0,1,1.277
1.172,29.472,1.178,177.194,2.215,2.901,0.881,25.240,0,0,1.283
1.577,20.225,0.802,136.409,1.730,2.840,2.909,13.023,0,0,1.271
1.015,24.461,6.957,184.900,2.093,11.012,2.478,54.254,0,0,1.286
1.020,26.958,9.701,127.507,2.420,14.381,0.404,5.071,0,0,1.260
1.119,30.020,11.830,246.865,1.443,5.927,0.266,20.565,0,0,1.267
1.014,30.616,1.433,159.443,1.952,56.280,0.254,20.024,1,0,1.213
1.007,35.754,3.721,180.162,1.618,61.783,0.340,3.673,0,1,1.226
0.916,33.258,6.489,229.011,1.617,58.298,1.954,10.553,0,1,1.240
1.316,24.971,4.774,218.620,1.357,10.636,1.142,27.852,0,0,1.268
1.070,26.346,8.934,316.483,1.224,23.162,1.208,4.108,1,0,1.251
1.153,22.502,2.674,225.137,2.114,0.495,0.463,71.193,0,1,1.304
1.027,28.016,5.034,217.205,1.323,58.026,1.374,30.995,0,0,1.249
1.037,24.712,3.792,381.213,1.249,23.631,0.821,40.595,0,1,1.271
1.373,24.973,4.789,171.304,1.561,0.648,1.776,11.331,0,0,1.265
1.120,29.337,9.090,267.978,1.648,0.401,2.383,25.004,0,1,1.285
0.851,35.748,13.670,353.499,1.661,1.600,0.386,6.317,0,0,1.297
1.235,20.775,6.005,356.652,0.930,10.377,1.148,13.535,0,0,1.271
0.821,32.961,7.814,158.223,2.002,60.699,0.218,6.076,0,0,1.218
0.933,26.496,1.013,415.054,1.227,21.061,0.328,15.876,0,0,1.293
1.265,21.894,1.620,157.895,1.796,36.397,0.686,9.611,0,1,1.273
1.092,24.281,4.579,110.799,3.074,16.732,0.680,16.729,0,1,1.284
0.784,29.991,5.557,321.844,1.886,0.639,2.170,4.934,0,0,1.311
1.189,24.836,0.837,282.760,1.387,6.123,1.239,31.560,0,0,1.272
1.298,24.214,5.387,299.133,1.004,15.233,0.591,22.078,0,0,1.263
0.827,27.581,10.212,407.675,1.440,3.100,1.507,31.682,0,0,1.308
1.040,22.198,1.307,253.733,1.616,0.401,0.426,5.800,0,0,1.278
1.259,24.977,4.113,227.466,1.262,26.269,2.108,27.630,0,0,1.266
1.149,26.533,5.129,182.836,1.873,3.284,0.163,10.135,0,0,1.271
0.959,29.872,10.666,416.404,0.941,69.958,1.151,36.637,0,0,1.261
1.133,26.608,2.042,283.467,1.523,0.411,1.080,32.363,0,0,1.279
1.301,24.389,2.272,187.624,1.663,1.565,0.900,14.955,0,0,1.270
1.205,28.075,2.056,265.610,1.558,0.516,0.485,37.233,0,0,1.277
1.026,26.453,6.254,121.369,3.116,0.697,1.249,12.862,0,0,1.294
1.054,28.292,8.158,313.006,1.368,1.227,2.211,17.068,0,0,1.277
0.994,25.777,1.658,194.696,2.427,1.667,1.681,50.633,0,0,1.298
1.178,29.051,1.678,176.608,0.961,83.653,1.607,17.106,0,0,1.242
1.102,25.802,1.415,463.055,1.009,5.032,0.198,24.409,0,0,1.277
0.711,35.316,5.778,424.114,1.849,1.394,1.132,12.937,0,0,1.348
0.970,35.864,0.873,283.526,1.339,65.153,0.871,0.574,1,0,1.217
1.103,25.837,13.163,203.452,1.589,0.872,1.195,4.912,0,0,1.265
0.964,35.473,8.475,401.357,1.350,12.224,1.114,3.128,1,0,1.264
1.398,23.432,5.250,249.115,1.672,0.405,2.341,71.444,0,1,1.306
1.025,28.842,5.248,341.708,1.462,4.124,0.710,10.350,1,0,1.268
0.802,29.760,9.548,171.502,3.181,0.831,0.906,11.559,0,0,1.315
0.861,27.989,9.238,282.344,2.012,1.714,0.360,18.894,0,1,1.303
1.259,24.143,2.308,262.315,1.335,9.498,1.807,33.023,0,0,1.273
1.084,26.107,3.214,391.914,0.842,80.813,1.448,33.520,0,0,1.271
0.965,25.311,4.089,215.035,1.371,57.138,1.117,3.703,0,0,1.262
1.196,20.654,3.227,289.352,1.432,0.502,0.480,10.769,0,1,1.276
1.227,29.890,5.136,331.401,0.961,15.682,1.294,11.630,0,0,1.248
1.319,27.816,5.747,192.370,1.531,4.077,1.054,20.208,0,0,1.270
1.127,24.042,3.965,355.995,0.964,51.536,0.252,40.908,0,0,1.276
0.789,26.128,9.702,258.213,2.000,4.597,1.063,18.679,0,0,1.294
1.249,22.637,10.795,134.493,1.898,0.416,1.350,6.629,0,0,1.271
1.062,30.487,6.081,479.331,0.989,2.571,0.579,13.332,0,0,1.276
0.970,29.191,3.143,182.395,1.248,80.656,1.029,0.187,0,0,1.241
0.894,33.289,2.564,389.549,1.380,23.560,0.484,4.266,0,0,1.289
1.260,22.361,5.982,176.179,1.834,12.141,0.300,5.330,0,1,1.281
1.258,27.466,4.613,286.793,1.200,0.456,0.793,17.500,0,0,1.263
1.360,31.844,5.731,211.493,0.629,53.013,0.751,3.754,0,0,1.227
1.295,24.787,2.339,194.713,1.537,1.582,1.325,1.739,0,0,1.262
1.392,28.561,3.048,252.763,1.122,39.150,0.692,37.568,0,1,1.255
1.090,30.048,7.166,212.656,1.786,18.172,0.950,35.195,0,0,1.275
1.190,25.660,7.134,233.505,1.565,0.727,0.279,31.311,0,0,1.284
1.286,25.865,6.319,181.637,1.404,28.033,2.312,31.154,0,0,1.271
1.125,24.673,2.736,317.146,1.320,0.441,0.759,21.864,0,0,1.279
1.278,23.027,2.029,216.030,1.801,2.636,0.294,20.615,0,1,1.286
1.449,21.069,7.358,155.340,1.625,1.725,0.588,25.999,0,0,1.290
1.368,19.017,3.858,110.067,2.671,3.422,1.196,7.633,0,1,1.294
1.113,27.189,7.633,258.522,1.419,12.411,0.381,23.718,0,0,1.274
1.112,36.538,5.020,323.441,1.263,1.815,0.565,1.652,0,0,1.258
1.264,23.484,4.125,236.404,1.525,9.911,0.222,57.928,0,0,1.290
1.354,21.464,3.685,92.568,2.783,0.530,0.886,29.086,0,0,1.294
1.238,24.681,4.570,297.184,1.149,1.129,0.507,10.210,0,0,1.265
1.380,23.029,8.287,161.611,1.365,34.928,0.520,50.749,0,0,1.295
0.879,37.225,8.377,315.936,1.910,1.624,0.565,6.024,0,0,1.310
1.229,23.267,9.506,261.238,1.494,0.947,0.825,32.323,0,1,1.291
1.152,25.835,2.374,216.185,2.153,0.773,0.709,37.177,0,1,1.303
1.208,17.715,6.661,143.925,1.997,2.027,0.458,29.508,0,0,1.287
1.262,27.100,7.409,188.638,2.021,0.501,0.721,58.422,0,0,1.310
1.174,25.407,5.344,200.412,1.861,2.197,1.887,34.864,0,0,1.290
0.987,22.020,11.480,223.647,1.966,16.325,0.851,14.041,1,1,1.270
1.139,27.350,2.026,244.189,1.693,0.802,0.562,22.472,0,0,1.282
1.122,26.584,3.415,129.076,3.103,5.003,0.370,55.532,0,0,1.306
1.098,26.675,6.113,209.818,1.445,33.739,1.062,18.839,0,0,1.264
1.070,28.379,7.043,328.248,1.297,3.058,0.958,14.729,0,0,1.278
1.098,22.909,13.141,168.750,2.392,0.406,0.592,43.498,0,1,1.318
0.901,31.982,12.425,178.280,1.519,62.267,0.611,7.532,0,0,1.227
1.138,23.040,1.420,267.207,1.445,9.421,0.888,25.072,0,0,1.280
1.209,26.703,2.678,312.900,1.218,1.857,1.261,18.347,0,0,1.269
1.170,22.682,3.850,320.924,1.234,0.742,0.188,27.350,0,0,1.281
1.414,28.287,2.396,156.585,1.722,6.551,2.226,0.057,1,0,1.245
0.818,28.857,3.761,261.364,1.884,23.137,0.512,2.867,0,0,1.287
1.150,21.901,7.089,147.533,2.421,10.369,1.314,25.483,0,1,1.297
1.153,23.555,7.161,173.184,1.939,0.662,0.202,17.979,0,0,1.283
1.058,26.634,2.932,267.975,1.641,0.524,0.684,16.762,0,0,1.286
1.270,28.964,8.591,232.531,1.754,10.754,0.213,58.851,0,1,1.303
0.797,24.457,8.717,94.205,2.397,55.740,0.784,9.376,0,0,1.220
1.242,24.718,2.986,184.238,1.971,7.468,1.275,21.057,1,0,1.265
1.107,26.298,3.804,190.593,1.184,72.357,0.246,32.159,0,0,1.260
1.182,29.657,14.467,107.402,3.138,0.449,0.249,4.006,0,1,1.326
1.139,28.085,1.572,210.218,1.869,6.218,1.024,19.920,0,0,1.281
1.244,22.620,1.621,210.350,1.569,0.631,0.280,2.948,0,0,1.270
1.147,29.626,6.041,173.479,2.117,0.513,1.858,10.689,0,0,1.286
0.958,32.524,5.372,222.780,2.273,10.057,1.074,28.003,0,0,1.298
1.044,29.886,8.003,151.448,1.221,72.862,0.866,6.633,0,0,1.235
1.016,29.706,13.042,372.165,1.181,0.470,1.088,8.080,0,0,1.279
0.974,31.886,9.646,393.650,1.136,25.249,0.720,8.063,0,0,1.274
1.058,26.457,2.302,169.439,1.611,69.439,0.339,13.930,0,1,1.261
0.925,27.145,9.484,316.410,1.505,2.063,0.239,5.280,0,0,1.290
1.049,23.703,10.181,255.964,1.916,0.480,1.516,67.876,0,1,1.319
1.261,23.473,2.710,145.761,2.371,5.637,0.945,4.751,0,1,1.293
1.158,25.840,3.249,261.501,1.722,7.319,0.904,37.366,0,1,1.291
1.196,29.214,4.824,203.627,1.610,21.655,0.316,1.342,0,1,1.269
0.964,27.737,2.658,161.907,2.185,31.166,0.472,16.467,0,0,1.263
1.238,25.567,2.127,127.992,2.410,0.891,1.135,4.322,0,0,1.283
1.075,26.053,10.179,125.714,3.277,0.714,0.923,18.370,0,1,1.324
1.133,21.311,8.983,217.387,1.594,0.401,0.488,24.096,0,0,1.288
1.074,30.006,1.216,272.561,1.712,5.541,0.562,26.281,0,0,1.287
1.081,26.756,1.864,268.103,1.566,16.816,1.392,36.699,0,0,1.281
0.910,28.308,4.719,336.741,1.612,1.422,0.543,18.521,0,0,1.304
1.067,29.400,9.251,296.029,1.311,27.877,2.089,39.729,0,0,1.274
1.065,29.362,11.315,281.625,1.356,8.294,0.698,10.832,0,0,1.273
0.978,23.747,10.288,167.853,2.213,0.408,1.237,3.251,0,0,1.278
1.223,25.336,5.745,329.780,1.071,6.268,1.786,18.560,0,0,1.271
1.069,29.175,3.537,271.968,1.696,0.418,0.548,23.071,0,0,1.291
1.166,27.881,6.110,298.353,1.387,1.584,0.463,9.534,0,1,1.275
0.970,30.190,1.565,159.432,1.365,83.355,0.455,5.045,0,0,1.234
1.108,26.322,10.101,157.101,2.326,0.672,1.518,29.240,0,0,1.300
1.034,27.323,5.275,334.568,1.392,0.405,1.002,17.980,0,0,1.290
1.117,29.139,3.279,221.052,2.218,1.212,0.875,30.812,0,1,1.311
1.008,26.656,8.111,366.832,1.337,0.423,0.472,34.071,0,0,1.298
1.261,25.903,2.910,174.696,2.036,0.520,1.458,30.505,0,0,1.293
1.348,25.724,2.820,212.365,1.157,40.690,0.488,31.306,0,0,1.269
1.337,25.863,3.087,313.802,0.955,14.502,1.761,15.522,0,0,1.260
1.040,28.561,1.883,307.275,1.536,10.819,1.411,30.114,0,0,1.287
1.304,28.689,6.546,201.860,1.564,6.312,0.373,28.970,0,0,1.281
0.864,29.891,2.731,465.808,1.349,1.783,1.062,8.013,0,0,1.325
1.048,21.863,7.202,409.599,1.085,0.403,0.480,18.060,0,0,1.295
1.054,25.093,2.801,189.289,1.669,57.670,1.209,19.021,0,1,1.271
1.132,22.969,3.977,270.112,1.508,18.354,1.034,18.401,0,1,1.286
1.097,27.023,6.992,233.391,1.695,3.523,0.461,21.064,0,0,1.287
1.428,24.681,6.827,176.174,1.533,6.434,1.293,32.594,0,0,1.291
1.145,24.096,7.315,221.590,1.656,1.873,0.690,26.244,0,0,1.289
1.456,37.047,5.555,133.208,1.523,0.422,0.566,5.832,0,0,1.257
1.298,28.522,3.712,296.441,1.196,0.759,0.881,25.281,0,0,1.268
1.261,23.058,11.016,140.164,2.419,0.632,1.338,24.267,0,1,1.316
1.091,24.289,9.640,250.528,1.397,10.334,0.576,11.615,0,0,1.279
0.913,31.830,4.882,245.746,1.326,69.739,1.969,6.068,0,0,1.247
1.155,22.526,4.529,229.326,1.639,1.577,0.882,28.110,0,0,1.290
1.103,33.437,5.476,444.652,0.996,1.210,0.631,5.713,0,0,1.270
0.849,30.821,2.215,255.785,2.356,12.190,0.828,51.804,0,0,1.308
1.360,34.729,1.621,354.534,0.631,29.946,1.477,8.538,0,0,1.214
0.932,27.877,8.004,345.094,1.369,23.005,0.764,26.515,0,0,1.291
1.192,23.084,2.111,192.063,2.289,1.134,1.504,38.970,0,1,1.309
1.145,22.117,4.689,265.970,1.532,0.454,0.598,45.938,0,0,1.299
1.118,23.114,1.951,234.656,1.809,12.592,0.765,16.994,0,1,1.291
0.956,30.383,10.075,211.072,1.454,66.427,0.901,3.444,0,1,1.253
1.306,27.310,5.177,430.633,0.689,42.199,0.776,30.070,0,0,1.256
0.961,31.466,7.091,251.993,1.611,43.648,0.457,7.184,1,0,1.246
1.085,36.680,1.114,347.812,1.701,1.817,0.460,46.799,0,0,1.296
1.122,19.591,9.288,227.167,1.639,0.842,1.251,67.023,0,0,1.318
1.102,21.152,1.891,297.064,1.271,24.988,0.421,29.028,0,0,1.291
1.400,26.934,10.580,251.826,1.097,0.594,0.952,29.692,0,0,1.280
1.267,22.067,3.982,156.970,2.519,0.739,1.259,40.403,0,1,1.318
1.123,23.266,13.081,165.205,2.353,0.530,0.170,28.208,0,1,1.315
1.275,21.806,5.320,226.575,1.426,18.783,0.651,53.508,0,0,1.298
1.375,24.686,1.605,225.746,0.994,53.773,0.297,25.368,0,0,1.274
0.805,32.329,4.439,423.664,1.579,0.400,1.361,1.008,0,0,1.337
0.818,31.125,4.829,373.166,1.687,0.455,0.796,2.496,0,0,1.327
1.017,27.857,10.931,478.670,0.901,26.946,0.163,1.491,0,0,1.292
0.956,27.524,8.104,337.392,1.077,60.394,0.387,4.378,0,0,1.283
1.192,24.660,7.045,140.928,2.211,3.162,0.196,14.585,0,0,1.289
1.059,23.165,8.107,111.001,3.277,3.052,1.612,68.134,0,0,1.315
1.380,24.157,2.718,304.157,0.981,1.925,0.737,5.882,0,0,1.260
1.041,27.539,9.333,190.271,2.272,9.035,0.504,58.644,0,0,1.310
0.962,23.890,4.084,314.922,1.533,15.573,0.169,69.887,0,0,1.300
1.157,25.358,7.426,410.383,0.976,2.419,0.502,17.933,0,0,1.281
1.000,27.549,0.767,113.363,3.243,35.347,0.428,28.900,0,1,1.275
1.095,23.439,3.960,132.314,2.597,1.158,0.220,5.292,0,0,1.288
1.267,29.575,6.203,111.873,2.256,13.108,0.223,6.960,0,0,1.278
1.108,34.661,0.449,320.714,1.896,0.471,0.927,63.727,0,0,1.305
1.318,24.370,2.759,113.660,2.855,3.988,0.504,6.111,0,1,1.311
1.157,27.105,0.791,200.226,2.321,0.801,0.379,58.104,0,0,1.310
0.731,35.247,1.787,273.529,1.809,72.826,0.639,0.176,0,1,1.261
1.049,27.509,5.784,257.986,1.907,0.423,0.501,18.020,0,1,1.305
1.201,28.698,2.019,275.194,1.029,51.457,0.685,18.522,0,0,1.260
1.065,27.135,2.849,314.060,1.410,5.044,1.193,11.934,0,0,1.289
1.278,24.052,8.924,116.379,2.494,0.404,1.664,31.054,0,0,1.309
1.315,26.870,5.356,398.278,0.808,8.522,0.541,18.128,0,0,1.259
1.163,24.011,1.813,297.927,1.445,0.505,1.156,36.732,0,0,1.293
1.268,26.749,4.606,134.739,2.197,8.921,1.171,19.297,0,0,1.289
1.034,28.816,6.988,255.785,1.740,1.358,0.534,14.465,0,0,1.294
0.846,33.883,10.720,166.582,2.089,70.172,0.785,26.519,0,1,1.234
1.391,23.097,1.031,115.036,2.463,0.791,0.970,19.492,0,0,1.296
1.155,26.731,2.511,406.961,1.017,32.657,1.197,44.767,0,0,1.274
1.099,23.881,6.232,313.196,1.381,0.514,2.548,35.044,0,0,1.299
0.852,24.153,3.224,258.110,2.266,3.478,1.957,53.183,0,1,1.318
1.212,22.328,5.185,470.428,1.010,0.456,0.695,48.398,1,0,1.272
1.146,24.330,2.347,294.440,1.639,0.402,1.876,40.327,1,0,1.284
1.313,27.415,3.355,231.905,1.154,31.480,1.384,20.649,0,0,1.267
1.037,26.800,4.126,198.337,2.181,1.699,0.297,18.012,0,0,1.300
0.920,25.312,1.283,250.561,1.378,66.444,0.523,31.546,0,0,1.276
0.973,25.946,5.294,275.051,1.758,23.247,0.495,46.124,1,0,1.278
1.149,22.653,3.988,213.453,1.623,47.785,1.651,62.371,0,1,1.291
0.808,26.473,10.029,316.626,1.720,3.687,0.284,7.657,0,0,1.311
1.392,21.239,4.829,462.039,0.789,5.239,0.604,56.212,0,0,1.272
1.001,23.811,5.804,375.861,1.479,2.103,0.784,59.604,0,1,1.305
1.060,27.102,9.737,175.589,2.454,0.412,0.591,1.745,0,1,1.311
1.176,26.603,3.887,109.546,2.607,14.531,0.347,7.788,0,0,1.283
1.179,23.939,8.210,123.119,2.906,0.452,0.271,58.751,0,0,1.327
0.846,33.226,3.523,293.517,2.209,3.836,0.228,4.751,0,1,1.334
1.125,25.712,7.466,255.704,1.454,9.207,0.445,18.831,0,0,1.288
1.352,26.662,9.560,139.474,1.833,2.684,1.571,14.370,0,0,1.291
1.024,23.479,3.792,140.459,2.714,6.609,0.687,33.265,0,0,1.298
0.953,26.879,3.051,275.196,1.850,2.603,0.235,24.556,0,0,1.308
1.225,24.318,6.257,318.885,1.189,1.117,1.039,28.405,0,0,1.289
1.358,26.465,1.883,199.573,1.656,0.400,1.323,21.566,0,0,1.287
1.165,31.271,7.215,125.107,1.746,40.418,0.569,7.243,0,0,1.252
1.245,21.222,9.065,336.214,0.854,32.326,1.014,1.934,0,0,1.292
0.916,29.684,2.136,280.989,1.961,0.408,0.154,9.717,0,0,1.317
1.058,26.886,4.973,171.569,2.453,1.151,0.326,21.712,0,0,1.307
1.158,23.234,1.734,250.421,1.710,1.005,0.785,46.200,0,0,1.303
1.203,21.786,2.613,234.572,1.323,28.734,0.677,12.982,0,0,1.287
0.899,26.790,4.317,262.151,1.940,11.442,0.568,37.141,0,0,1.306
1.231,26.923,6.757,176.520,2.220,0.451,0.939,50.271,0,0,1.320
0.981,29.310,5.954,206.043,2.514,0.550,0.289,4.400,0,1,1.325
1.293,38.479,6.874,274.798,0.979,14.659,1.312,5.150,0,1,1.236
1.079,28.215,6.753,123.937,3.128,2.615,1.489,16.184,0,0,1.316
0.914,29.956,6.230,218.780,2.510,0.957,1.240,29.899,0,0,1.326
0.981,26.398,1.537,205.574,2.091,11.890,2.550,8.172,0,0,1.295
0.870,32.327,2.936,222.546,1.707,57.109,1.957,0.469,0,0,1.260
0.974,24.474,3.448,348.019,1.518,0.405,0.230,45.821,0,0,1.314
1.151,29.795,8.777,179.151,1.541,35.295,0.651,21.340,0,0,1.269
1.308,23.038,3.205,258.502,1.299,3.411,1.568,16.143,0,0,1.284
0.984,27.823,9.216,135.579,3.050,0.541,0.700,3.405,0,0,1.312
1.224,24.756,2.978,241.715,1.644,18.027,0.220,29.955,0,1,1.295
1.264,22.700,5.494,346.003,0.839,54.544,1.410,28.647,0,0,1.296
1.416,19.146,4.514,246.129,1.447,1.364,0.892,31.184,1,0,1.284
1.204,26.044,11.084,170.655,1.836,3.631,0.481,17.969,0,0,1.295
1.028,30.709,2.529,407.926,0.981,68.233,1.856,23.564,0,0,1.272
1.156,20.755,4.302,117.217,2.269,29.439,0.480,70.199,0,0,1.294
1.265,27.816,8.633,305.667,1.102,17.747,0.439,14.966,0,1,1.274
1.123,30.510,6.795,230.589,1.500,32.104,0.569,32.043,0,0,1.275
1.239,19.371,3.303,275.968,1.134,38.468,1.274,35.301,0,0,1.304
1.004,28.340,13.181,289.422,1.662,0.415,2.085,8.456,1,0,1.284
1.422,23.482,1.919,264.121,1.207,0.882,2.639,20.275,0,0,1.279
1.096,29.148,12.272,370.738,1.096,0.782,0.607,9.253,0,0,1.284
1.109,24.656,3.212,353.844,1.233,40.338,0.452,48.797,0,1,1.282
1.462,25.620,3.461,88.144,3.102,8.514,0.720,19.423,0,1,1.330
1.076,21.561,5.242,448.324,1.098,0.541,1.406,55.948,0,0,1.309
0.965,32.596,3.835,172.777,1.711,65.873,0.180,23.178,0,0,1.240
1.186,25.607,3.587,172.716,2.375,8.019,0.299,23.746,0,1,1.313
1.303,30.572,4.718,197.455,1.634,2.202,1.365,13.830,0,0,1.284
1.127,27.894,8.514,184.008,2.755,0.402,0.159,60.322,0,1,1.350
1.261,23.640,11.896,231.270,1.303,2.147,0.171,16.169,0,0,1.290
1.121,26.387,6.898,288.915,1.426,0.414,1.850,18.220,0,0,1.295
1.206,22.877,8.873,277.259,1.572,2.017,0.424,48.434,0,1,1.315
1.002,22.354,0.764,178.433,2.774,0.400,0.424,27.503,0,1,1.321
0.983,31.399,1.754,329.000,1.755,0.401,0.789,29.323,0,0,1.317
1.113,22.499,2.379,224.420,2.054,5.457,0.816,33.318,0,1,1.311
0.961,24.420,6.409,162.197,3.079,0.582,2.230,28.485,0,1,1.331
1.355,18.957,5.586,164.439,1.753,33.525,0.682,22.974,0,1,1.310
1.545,23.894,3.662,232.899,1.480,5.253,0.343,40.432,0,1,1.303
1.215,21.185,3.067,396.958,1.017,17.436,0.261,45.676,0,0,1.297
1.046,29.368,6.449,209.594,1.814,18.343,0.326,9.257,0,0,1.285
0.908,30.223,2.856,423.472,1.168,56.514,0.586,17.726,0,0,1.297
0.926,23.631,3.497,255.201,2.084,12.522,0.921,58.725,0,1,1.313
1.229,25.528,8.272,194.071,2.058,1.193,0.922,25.410,0,1,1.318
1.258,26.694,1.440,157.387,2.424,1.346,0.737,35.104,0,0,1.312
1.190,25.819,4.215,349.512,1.108,0.426,0.813,5.293,0,0,1.283
1.026,25.518,12.791,207.597,1.937,0.464,0.885,22.273,0,0,1.305
0.740,29.317,1.376,210.355,2.703,16.538,0.765,1.650,0,0,1.320
1.048,29.993,8.789,341.763,0.927,63.804,0.761,3.083,0,0,1.276
1.102,22.946,4.969,122.804,1.781,48.531,1.197,3.617,0,0,1.270
0.923,33.652,6.587,346.121,1.600,4.521,2.095,1.807,0,0,1.312
1.073,25.672,8.786,435.594,1.114,1.148,0.286,39.954,0,0,1.307
1.136,28.088,5.539,296.649,1.394,3.727,1.145,17.359,0,0,1.292
0.969,26.950,3.840,211.219,2.316,0.401,1.822,22.638,0,0,1.317
1.221,21.806,2.442,274.334,1.347,24.222,1.560,58.272,0,0,1.301
1.057,30.098,12.483,255.583,1.441,17.905,0.772,11.564,0,0,1.282
1.166,26.227,3.532,281.423,1.398,12.305,0.821,26.068,0,0,1.292
0.983,27.326,10.560,246.832,1.392,59.233,2.093,5.563,0,1,1.281
0.742,34.352,3.342,361.248,1.846,29.240,0.425,14.996,0,0,1.323
1.403,20.843,3.245,202.951,1.528,2.550,2.759,22.061,0,0,1.297
1.357,23.475,6.805,310.731,1.007,10.747,1.365,27.912,0,0,1.289
0.831,33.237,2.050,396.410,1.565,28.458,0.272,18.453,0,0,1.315
1.156,29.674,5.629,276.830,1.861,1.473,0.335,49.655,0,1,1.318
1.243,22.938,6.141,103.584,2.001,56.050,0.513,10.844,0,1,1.288
1.205,26.107,4.998,367.811,1.183,16.654,0.447,38.521,0,1,1.283
0.992,22.522,10.756,286.935,1.519,0.578,0.574,26.563,0,0,1.310
1.139,28.375,2.734,135.362,3.369,0.405,0.627,12.716,0,1,1.350
0.990,32.022,3.960,248.845,1.165,82.465,0.517,18.523,0,0,1.252
1.101,24.963,4.127,347.402,1.277,5.266,1.987,23.040,0,0,1.300
1.083,29.470,7.617,195.053,1.931,11.660,0.266,10.549,0,0,1.292
1.154,26.612,3.104,246.911,1.651,5.221,1.468,23.213,0,0,1.298
0.898,28.056,4.894,348.032,1.438,25.256,1.424,8.197,0,0,1.308
1.162,26.648,1.148,292.170,1.278,39.231,0.503,45.137,0,0,1.281
0.977,28.562,4.688,79.439,1.898,79.277,0.741,3.064,0,0,1.230
1.006,26.083,3.653,238.313,1.165,81.142,1.276,16.943,0,0,1.283
0.834,27.497,3.165,165.323,2.632,41.056,0.704,3.246,0,1,1.287
1.355,19.658,4.384,107.873,2.715,0.605,0.151,49.933,0,0,1.323
0.852,32.547,0.582,281.575,1.486,72.945,1.009,18.648,0,0,1.264
1.204,21.814,4.748,151.031,2.522,0.446,0.237,69.275,0,0,1.329
1.155,26.028,2.905,332.854,1.182,10.066,1.326,5.279,0,0,1.289
1.124,31.422,4.179,336.942,1.149,32.853,0.959,22.538,0,0,1.274
0.845,35.158,4.442,212.957,2.459,26.728,1.136,3.466,0,0,1.303
0.966,30.890,5.083,280.063,1.664,18.485,1.371,8.346,0,0,1.296
1.076,29.361,4.470,263.489,1.974,3.299,0.650,30.836,0,1,1.318
1.149,27.706,4.692,141.031,2.647,1.316,0.207,12.032,0,0,1.312
1.177,29.746,7.724,300.315,1.359,0.407,1.574,3.598,0,1,1.285
1.147,28.925,6.549,252.754,1.569,0.413,0.555,10.910,0,0,1.294
1.230,24.730,8.040,181.230,2.257,1.619,0.517,34.811,0,1,1.329
1.293,22.330,6.789,184.380,1.676,0.401,1.595,12.366,0,0,1.296
1.322,27.515,5.046,427.509,0.731,23.727,1.281,19.215,0,0,1.266
0.894,23.170,3.394,214.224,2.246,3.571,1.786,38.216,0,0,1.314
1.352,23.848,3.879,153.166,1.926,11.254,0.805,30.244,0,0,1.303
0.927,29.819,1.789,310.423,1.865,0.575,0.652,19.458,0,0,1.326
1.411,23.461,11.117,235.780,0.995,5.776,1.107,2.569,0,0,1.279
1.280,22.023,4.035,260.448,1.408,0.400,0.385,28.604,0,0,1.301
1.088,24.657,10.270,135.186,3.015,0.406,2.242,8.931,0,1,1.329
1.309,28.459,9.052,138.682,2.005,2.703,1.687,10.228,0,0,1.299
1.253,22.630,10.492,149.877,1.957,3.741,0.234,23.483,0,0,1.308
1.218,38.033,4.119,251.206,1.831,3.999,1.038,34.244,0,0,1.303
1.385,26.363,3.163,265.376,1.036,38.508,0.232,36.955,0,0,1.281
1.383,19.406,1.380,158.104,1.835,20.496,0.793,46.166,0,0,1.308
0.905,34.537,7.426,316.815,1.853,0.990,0.174,4.818,0,0,1.326
1.198,24.018,9.223,210.349,1.692,2.001,0.743,29.830,0,0,1.309
1.020,25.515,8.230,210.119,1.278,63.462,0.196,9.040,0,0,1.283
1.056,23.388,3.873,162.683,2.534,0.405,1.286,32.026,0,0,1.315
1.194,26.400,7.189,174.517,1.987,0.421,1.736,10.513,0,0,1.301
1.254,19.813,1.065,270.767,1.387,0.407,1.058,13.785,0,0,1.297
1.343,25.477,3.934,131.364,2.605,0.438,1.273,42.116,0,0,1.327
1.298,29.097,3.727,283.271,0.824,50.221,0.513,4.830,0,0,1.266
1.266,27.921,13.882,111.187,2.941,7.015,0.348,26.543,0,1,1.347
1.302,22.745,4.281,153.905,2.321,21.784,0.995,57.699,0,1,1.321
1.013,25.831,4.356,278.121,1.982,0.400,0.750,39.505,0,1,1.325
0.986,36.282,7.526,322.985,1.805,0.456,1.902,22.237,0,0,1.325
1.171,29.911,10.264,217.251,1.267,32.330,1.230,10.334,0,0,1.273
1.084,25.743,7.231,231.877,2.234,0.402,0.528,64.708,1,0,1.319
1.434,23.301,14.344,147.396,2.150,1.028,0.578,43.412,0,1,1.357
1.155,22.445,7.868,258.304,1.585,7.259,1.615,9.338,0,1,1.303
1.196,21.590,3.036,371.990,1.088,21.496,0.170,46.481,0,0,1.304
1.191,24.124,2.601,268.807,1.753,12.089,0.123,59.098,0,1,1.311
1.238,27.776,3.109,397.605,1.037,4.288,0.918,26.910,0,0,1.284
1.020,31.200,8.763,393.272,1.311,0.620,1.222,18.435,0,0,1.309
1.128,27.898,3.055,216.355,2.130,0.467,0.905,37.847,0,0,1.320
1.027,27.496,5.467,210.856,1.736,26.986,0.808,7.499,0,0,1.287
0.860,29.772,7.865,227.374,2.027,27.614,0.177,11.096,0,0,1.294
0.993,28.799,8.329,237.486,1.790,20.095,0.416,23.938,0,0,1.299
0.728,21.963,2.341,294.000,1.898,8.119,1.004,3.819,0,0,1.330
1.143,25.679,12.339,304.409,1.187,2.960,0.819,7.576,0,0,1.292
1.120,33.019,9.434,153.343,2.062,17.963,0.911,0.227,0,0,1.282
0.905,26.623,4.201,294.261,1.828,0.403,2.233,12.416,0,0,1.323
1.101,22.105,8.877,260.332,1.472,0.918,0.889,9.506,0,0,1.301
1.070,31.660,3.699,478.244,0.923,53.233,0.285,24.993,0,0,1.279
1.082,30.594,6.306,274.344,2.215,1.995,1.611,50.269,1,1,1.321
1.186,22.457,9.089,321.658,1.048,35.713,0.730,44.622,0,0,1.311
0.881,35.007,1.888,227.997,2.817,2.304,0.573,9.600,0,0,1.360
1.037,25.430,1.453,124.355,2.937,20.143,0.458,38.859,0,0,1.294
0.747,29.496,2.392,207.079,1.830,74.079,0.525,2.177,0,0,1.268
1.037,23.626,6.304,402.890,1.098,21.815,0.529,12.127,0,0,1.314
0.968,26.882,3.395,326.887,1.562,0.419,1.772,2.999,0,0,1.317
1.368,25.016,5.064,167.233,1.701,5.415,1.625,12.220,0,0,1.296
1.259,22.027,7.897,161.844,1.701,20.607,0.444,27.297,0,0,1.304
1.031,23.923,2.654,284.952,1.625,7.567,1.512,31.147,0,0,1.312
1.231,23.251,4.788,149.836,1.837,23.824,0.954,15.656,0,0,1.293
1.101,26.510,3.271,384.996,1.372,0.645,0.937,31.596,0,1,1.302
0.916,29.170,5.457,331.091,1.721,6.343,2.170,1.048,0,1,1.321
1.101,21.832,7.655,336.036,1.226,0.421,0.930,7.770,0,0,1.305
1.168,25.993,4.162,218.688,1.744,1.481,0.658,8.109,0,0,1.300
1.232,24.967,7.083,167.423,2.341,9.752,1.010,36.453,0,1,1.329
0.728,31.823,1.113,422.688,1.608,32.309,1.116,0.973,0,0,1.351
0.844,27.552,10.474,145.282,2.354,41.287,0.895,9.047,0,0,1.267
1.069,32.452,5.194,362.312,1.543,0.722,0.352,30.772,0,1,1.309
1.117,23.221,6.359,208.008,1.856,10.492,0.751,44.092,0,0,1.315
0.968,29.388,12.293,152.652,1.424,74.141,0.517,14.414,0,0,1.256
1.102,26.458,4.937,251.080,1.792,26.268,1.194,51.341,0,1,1.307
1.074,25.314,4.451,135.464,1.972,48.978,0.718,40.997,0,0,1.278
1.482,32.702,3.150,177.474,1.602,0.461,0.449,21.464,0,0,1.293
0.904,30.579,5.350,316.779,1.635,24.995,1.391,19.480,0,0,1.308
1.047,23.013,7.047,379.773,1.265,0.432,0.186,34.863,0,0,1.320
1.211,24.642,2.399,210.860,2.017,8.432,0.545,67.921,0,0,1.320
0.921,27.199,7.394,174.235,2.944,11.119,1.149,23.419,0,1,1.332
1.057,25.330,4.582,174.274,2.042,24.816,0.823,27.145,0,0,1.296
1.479,27.700,5.320,203.140,1.388,0.430,0.901,22.216,0,0,1.295
1.166,27.899,5.178,340.229,1.075,17.052,1.688,0.893,0,0,1.288
0.915,36.674,2.563,355.742,1.806,2.057,2.098,7.764,0,0,1.340
1.340,22.046,3.348,155.487,2.561,0.000,0.507,37.540,0,1,1.338
1.431,22.547,0.712,161.042,1.888,0.404,0.252,12.192,0,0,1.301
1.254,24.767,1.575,227.829,1.562,11.234,1.063,18.986,0,0,1.298
1.224,24.782,10.769,213.614,1.873,0.401,1.373,64.394,0,0,1.342
1.309,23.698,6.846,192.401,1.717,2.160,0.300,27.334,0,0,1.312
1.232,33.012,3.867,320.330,0.741,83.608,0.525,30.594,0,0,1.248
1.187,26.750,1.604,161.840,2.783,11.145,0.379,43.890,0,1,1.332
0.903,36.011,1.872,210.789,2.265,35.056,0.489,3.696,0,0,1.294
1.145,24.667,8.152,193.988,1.860,27.885,0.881,39.289,1,0,1.289
1.204,23.859,3.304,169.161,2.465,1.817,0.689,13.757,0,1,1.326
0.853,28.848,8.561,248.277,1.477,83.102,0.887,6.165,0,1,1.281
1.256,27.090,7.297,164.949,1.615,26.675,0.998,17.441,0,0,1.291
1.268,23.845,6.347,241.163,1.614,6.702,1.843,59.245,0,0,1.324
1.341,26.188,0.967,226.802,1.928,0.620,0.709,65.254,0,0,1.323
1.067,19.602,1.715,258.707,1.403,37.539,0.496,38.026,0,0,1.314
0.922,25.070,4.462,219.895,2.356,9.727,0.153,10.110,0,1,1.325
1.099,28.197,9.742,300.577,1.298,17.328,0.198,17.582,0,0,1.298
0.989,31.287,6.113,230.957,2.131,1.881,1.288,3.460,0,0,1.322
1.053,21.516,2.511,408.271,1.216,5.212,0.845,38.169,0,0,1.321
0.970,31.364,6.245,161.775,2.469,50.225,1.787,6.295,1,1,1.266
1.312,24.483,3.810,200.778,1.772,0.413,0.689,26.898,0,0,1.311
1.296,24.532,9.467,159.613,1.944,6.826,1.044,35.055,0,0,1.322
1.466,21.783,2.247,394.797,0.923,1.053,0.178,46.422,0,0,1.286
1.213,22.001,3.538,212.494,1.267,48.191,0.654,5.800,0,0,1.302
1.064,22.558,3.922,282.655,1.646,4.581,1.487,54.504,0,0,1.323
1.014,26.750,2.936,458.547,1.190,21.319,0.547,24.046,0,1,1.303
1.418,23.377,4.358,174.802,1.851,0.782,0.299,34.333,0,0,1.319
0.907,29.163,2.694,302.742,1.903,2.448,1.060,15.367,0,0,1.334
1.264,28.653,1.467,232.969,2.042,0.444,0.238,62.126,0,0,1.327
1.264,21.751,5.553,301.029,1.299,9.833,1.490,56.973,0,0,1.319
1.351,25.107,5.807,190.850,1.947,0.403,0.165,17.814,0,1,1.322
0.792,27.863,4.472,156.464,2.048,85.712,0.757,1.833,0,1,1.264
1.106,24.433,3.328,200.682,2.095,7.616,1.603,1.637,1,0,1.291
1.020,26.599,2.069,334.346,1.548,4.317,0.222,27.910,0,0,1.320
1.269,32.542,3.388,129.451,2.217,23.970,0.609,17.905,0,0,1.292
1.127,27.365,5.071,151.333,2.473,11.808,1.797,25.704,0,0,1.313
1.234,24.729,2.212,254.891,1.043,60.778,1.116,9.101,0,0,1.298
1.580,24.501,3.808,113.438,2.976,0.404,1.165,46.419,0,1,1.366
1.280,23.079,5.417,142.841,2.227,25.243,1.275,24.077,0,1,1.316
1.059,24.736,0.670,417.984,1.048,43.730,0.898,6.395,0,0,1.321
1.069,20.295,2.943,341.084,1.342,4.181,1.178,29.314,0,0,1.321
1.001,31.246,6.122,357.477,1.522,13.066,0.529,38.843,0,0,1.316
1.228,26.158,5.315,195.766,1.659,14.041,1.319,12.578,0,0,1.298
1.218,24.251,1.815,235.137,1.836,0.458,1.196,45.641,0,0,1.321
1.053,29.433,3.091,248.447,1.772,9.872,1.967,3.831,0,0,1.307
0.811,35.249,7.635,280.140,1.602,63.967,0.448,2.832,0,0,1.273
1.182,25.869,4.356,189.228,2.021,0.734,0.142,13.839,0,0,1.312
1.303,21.681,2.481,190.345,1.886,37.578,1.126,70.463,0,1,1.317
0.836,28.435,6.804,382.465,1.343,68.531,0.289,3.925,1,0,1.303
1.260,22.060,3.554,142.906,2.199,3.511,0.643,7.735,0,0,1.306
1.374,20.441,2.303,258.198,1.491,2.570,0.634,21.873,1,0,1.291
0.987,29.104,6.446,325.877,1.565,0.461,0.305,6.209,0,0,1.320
0.980,23.002,11.563,254.094,1.711,0.425,0.676,16.324,0,0,1.316
1.397,21.595,9.114,299.309,0.760,50.633,0.496,10.283,0,0,1.316
1.415,20.247,3.535,357.601,0.851,43.614,0.636,38.704,0,0,1.311
1.086,22.508,1.800,241.059,1.639,20.090,1.201,24.627,0,0,1.310
1.125,27.672,8.042,279.209,1.336,26.836,0.874,28.028,0,0,1.301
1.129,30.567,2.001,301.130,1.183,40.316,1.537,7.402,0,0,1.284
1.274,21.963,3.452,368.532,1.135,0.407,0.566,41.973,0,0,1.308
1.562,27.762,5.873,97.935,2.377,0.437,1.095,21.327,0,0,1.333
1.143,21.435,3.207,352.116,1.207,0.401,1.754,3.384,0,0,1.310
1.421,25.024,7.776,175.928,1.662,7.374,0.269,34.523,0,0,1.321
1.361,23.544,7.690,331.321,1.205,3.199,0.407,43.596,1,0,1.297
1.066,25.267,13.297,152.611,2.148,10.555,0.837,5.968,0,0,1.300
1.139,25.620,4.677,306.880,1.532,0.914,0.757,44.950,0,0,1.321
1.304,24.574,7.993,343.097,1.054,2.706,0.795,30.210,0,0,1.303
0.938,34.389,4.643,236.321,1.726,63.223,0.437,11.173,1,0,1.249
1.094,27.194,3.174,162.314,2.642,13.738,0.649,6.901,0,1,1.326
0.954,29.118,2.300,225.958,2.124,25.173,0.473,37.908,0,0,1.307
1.019,29.264,6.351,222.954,2.089,3.307,0.419,9.958,0,0,1.321
0.921,32.385,5.968,241.447,2.397,0.702,2.112,12.544,0,0,1.346
0.977,27.894,8.224,332.571,1.592,0.402,0.241,25.619,0,0,1.329
1.194,23.258,3.519,126.301,2.738,1.591,1.036,18.365,0,0,1.320
1.204,29.045,3.254,210.265,1.967,0.744,0.905,20.871,0,0,1.318
1.004,30.710,5.012,416.378,1.050,48.894,1.124,0.637,0,0,1.306
0.956,32.845,13.540,325.960,1.540,9.263,0.858,9.679,0,0,1.314
1.232,28.070,5.177,219.649,1.324,34.086,1.294,14.494,0,0,1.289
1.187,23.444,2.965,232.954,1.718,1.259,0.698,19.875,0,0,1.314
1.084,29.876,5.599,340.154,1.041,56.085,0.693,12.912,0,0,1.290
1.313,30.376,3.018,98.625,2.244,33.892,0.466,16.592,0,0,1.286
1.376,21.943,4.349,232.427,1.582,4.107,1.092,52.986,0,0,1.327
1.171,26.278,1.388,442.057,1.168,0.404,0.936,21.175,1,0,1.294
1.286,23.705,9.626,307.141,1.233,24.795,0.476,46.808,0,1,1.317
1.509,20.552,4.263,162.428,2.096,2.531,1.315,22.594,0,1,1.335
1.192,26.168,9.503,344.457,1.138,4.517,0.632,21.839,0,0,1.307
1.092,23.368,2.594,297.480,1.499,0.408,0.459,7.176,0,0,1.316
1.337,29.199,1.266,151.009,2.181,4.817,0.859,12.712,0,0,1.313
0.981,24.450,3.863,203.504,1.974,25.812,0.250,29.207,0,0,1.308
1.373,19.465,1.916,251.100,1.443,2.717,1.447,32.310,0,0,1.316
1.042,24.419,4.668,482.075,1.083,1.846,0.238,16.851,0,0,1.329
1.172,26.466,6.461,169.567,2.006,22.612,0.476,37.343,0,0,1.311
1.034,28.722,9.943,269.556,1.531,12.223,0.876,0.640,0,0,1.304
0.983,30.175,3.519,256.968,2.098,0.404,1.837,14.873,0,0,1.337
0.998,24.887,5.782,178.200,2.028,31.774,0.902,32.235,0,0,1.302
0.861,28.276,8.391,298.260,1.591,34.904,1.770,4.957,0,0,1.313
1.365,21.445,4.426,209.974,1.503,0.612,1.547,5.505,0,0,1.304
1.401,18.911,3.705,229.409,1.531,2.374,0.710,41.238,0,0,1.327
1.200,22.942,4.767,175.484,2.318,0.446,0.696,54.724,0,0,1.339
1.040,25.680,5.934,262.704,1.479,37.808,0.275,36.688,0,0,1.308
0.953,30.636,5.118,219.811,1.908,34.580,1.633,10.973,0,0,1.297
0.755,23.903,3.633,362.725,1.690,8.751,0.738,3.914,0,0,1.355
0.929,27.215,3.438,411.817,1.459,0.421,0.351,23.066,0,0,1.343
1.310,27.326,8.060,190.437,1.952,0.424,0.701,12.069,0,1,1.328
1.206,25.688,3.315,386.648,1.063,8.745,0.562,14.165,0,0,1.304
0.918,30.992,1.966,252.534,2.319,1.524,0.961,10.763,0,0,1.348
1.172,36.182,8.316,100.488,2.039,55.433,0.295,0.413,0,1,1.270
1.172,25.443,5.710,382.266,1.196,7.951,2.391,46.174,0,0,1.316
1.204,24.323,2.188,244.243,1.819,3.572,0.234,52.881,0,0,1.327
1.134,24.043,3.367,273.010,1.700,0.507,1.043,43.670,0,0,1.328
1.128,25.067,5.228,160.154,2.587,3.827,0.444,43.053,0,0,1.335
0.886,35.153,3.892,211.520,1.820,61.985,0.676,2.918,0,0,1.268
1.033,24.285,13.916,293.170,1.481,0.638,0.825,22.307,0,0,1.325
1.335,25.751,6.941,359.006,0.870,6.273,1.108,4.237,0,0,1.287
1.048,23.802,5.582,213.056,2.107,0.901,1.066,33.507,0,0,1.331
1.079,24.550,13.967,333.092,1.318,6.668,0.850,46.582,0,0,1.334
0.935,25.407,5.901,329.730,1.568,9.319,0.125,18.144,0,0,1.332
0.957,28.340,1.540,284.302,1.578,35.056,1.065,3.958,0,0,1.312
0.877,30.277,3.892,266.804,1.953,39.895,1.310,17.917,0,1,1.311
1.037,26.009,4.741,221.670,1.881,21.562,1.306,31.902,0,0,1.314
1.034,37.481,5.302,225.875,2.300,5.143,1.296,4.700,0,0,1.339
0.810,26.118,4.716,293.359,1.903,14.056,0.442,10.838,0,0,1.337
1.222,25.241,3.354,115.025,2.213,41.786,0.640,44.158,0,0,1.296
1.227,22.486,11.290,240.809,1.411,1.575,0.789,14.148,0,0,1.315
0.950,29.842,3.649,161.674,1.794,68.487,0.170,12.763,0,0,1.268
1.543,27.949,12.628,125.126,1.839,0.401,0.814,28.821,0,0,1.344
1.335,24.493,10.571,151.622,1.615,19.902,1.067,16.540,0,0,1.313
1.168,24.306,4.823,292.780,1.649,11.038,0.176,12.875,1,1,1.303
1.060,32.063,5.841,330.014,1.434,3.809,0.635,0.952,0,0,1.315
1.158,24.900,3.906,279.464,1.541,12.685,0.554,42.746,0,0,1.322
1.474,21.106,2.860,105.721,2.414,0.401,1.211,4.305,0,0,1.318
1.008,25.293,2.522,326.738,1.561,0.424,1.632,9.279,0,0,1.331
1.055,27.950,14.155,274.241,1.575,2.187,0.712,17.349,0,0,1.322
1.274,19.549,2.265,278.220,1.393,8.727,2.403,36.753,0,0,1.323
1.150,21.459,6.988,205.422,2.024,2.480,0.816,67.157,0,0,1.347
1.043,27.459,6.827,354.553,1.490,6.744,1.765,20.713,0,1,1.323
1.108,23.762,1.418,216.983,2.111,1.306,0.896,38.180,0,0,1.332
0.885,22.529,2.253,330.511,1.637,3.619,0.647,0.518,0,0,1.343
1.096,26.415,4.348,249.340,1.486,44.828,1.479,48.608,0,0,1.305
1.008,28.656,3.573,306.968,1.658,3.966,0.118,7.345,0,0,1.329
1.268,25.594,8.180,302.505,1.064,25.267,1.101,20.636,0,0,1.307
0.954,26.583,1.822,264.689,2.068,3.997,1.176,33.817,0,0,1.340
0.975,29.001,11.370,291.338,1.467,32.034,1.113,20.338,0,0,1.311
1.072,24.420,14.793,172.488,2.025,29.807,0.248,19.303,0,1,1.320
1.162,24.473,5.089,352.489,1.343,2.411,0.408,48.870,0,0,1.328
1.049,25.400,5.358,275.000,1.889,0.555,0.687,14.482,0,1,1.335
1.074,29.967,2.199,301.841,1.481,14.794,0.919,1.761,0,0,1.313
1.159,21.387,3.535,167.000,2.066,15.173,1.117,23.901,0,0,1.318
1.236,24.229,6.438,180.843,1.950,0.809,0.142,12.802,0,0,1.321
1.066,28.181,5.565,436.947,0.853,86.388,1.430,11.166,0,0,1.318
1.059,30.426,14.620,123.972,1.582,78.113,1.941,3.622,0,1,1.276
0.972,30.928,5.770,366.607,1.466,8.427,1.734,5.533,0,0,1.331
1.312,23.647,2.421,281.102,1.343,2.379,1.157,19.040,0,0,1.312
0.949,29.862,4.250,255.146,1.369,72.682,1.451,12.440,0,0,1.290
1.183,24.326,1.905,170.034,2.013,31.807,1.719,52.448,0,0,1.311
1.142,27.876,1.087,273.175,1.983,0.558,0.731,35.377,0,1,1.338
1.331,23.743,4.767,355.333,1.044,0.970,0.491,20.614,0,0,1.306
0.959,26.010,6.560,358.038,1.553,2.914,1.581,36.535,0,0,1.343
0.988,23.041,6.454,186.729,2.295,29.218,1.140,43.317,0,1,1.324
1.219,26.971,3.492,171.569,2.761,0.411,0.359,33.219,0,1,1.361
1.293,25.818,10.573,146.022,2.070,0.417,2.114,10.893,0,0,1.324
1.510,27.497,6.538,211.871,1.447,8.746,0.594,21.570,0,1,1.320
1.130,25.977,3.370,138.073,2.603,15.547,1.833,20.749,0,0,1.319
1.278,27.495,0.479,321.956,1.202,9.490,1.006,13.642,0,0,1.301
1.219,22.329,10.164,199.005,1.727,7.991,1.069,32.949,0,0,1.332
1.110,25.828,7.517,191.333,2.138,1.388,1.150,15.876,0,0,1.329
1.005,21.490,6.393,192.132,2.074,11.950,0.281,26.591,0,0,1.324
1.165,26.574,4.212,330.018,1.304,20.901,0.829,39.695,0,0,1.316
1.083,31.777,6.793,181.072,1.583,51.266,0.572,7.870,0,0,1.279
1.071,25.704,3.205,150.258,2.461,24.719,0.997,35.720,0,0,1.312
1.175,24.017,2.927,269.468,1.438,43.487,1.541,34.289,1,0,1.298
1.264,25.970,5.033,190.986,2.395,5.580,0.248,50.922,0,1,1.355
1.045,27.442,2.042,288.019,1.887,2.571,1.484,11.526,0,1,1.338
1.321,23.352,1.634,161.750,2.171,7.373,1.539,32.335,0,0,1.328
0.914,23.618,5.161,324.654,1.575,22.868,1.487,62.176,0,0,1.335
1.189,23.142,6.962,253.615,1.431,13.283,0.604,14.901,0,0,1.319
1.271,24.630,3.596,250.739,1.364,15.767,0.923,10.395,0,0,1.310
1.436,25.116,3.719,205.191,1.917,1.894,1.270,32.453,0,1,1.340
1.077,22.390,3.985,271.765,1.292,49.119,0.718,8.234,0,0,1.325
0.921,29.183,3.341,192.999,2.174,34.767,0.535,2.951,0,0,1.307
0.942,26.190,5.743,147.254,2.953,28.703,1.219,17.496,0,1,1.321
1.249,23.481,3.989,165.264,2.119,3.230,0.905,13.222,0,0,1.324
1.073,29.124,4.477,384.727,1.419,0.974,1.251,35.502,0,0,1.333
1.379,22.044,0.841,239.161,1.618,11.098,0.215,56.183,0,0,1.328
1.022,29.324,5.066,294.855,1.673,15.006,1.199,24.636,0,0,1.327
1.335,37.331,4.000,316.280,0.898,6.902,0.201,0.472,0,0,1.261
1.112,21.765,4.590,214.116,1.759,11.099,0.888,1.424,0,0,1.318
0.982,30.762,12.004,260.009,1.853,20.153,0.152,8.822,0,1,1.323
1.230,26.852,4.134,253.072,1.674,6.686,1.069,39.504,0,0,1.328
0.708,35.651,2.804,364.513,1.755,57.476,0.747,1.274,0,0,1.332
1.377,26.735,4.044,287.823,1.087,4.872,1.291,3.496,0,0,1.295
1.511,21.921,2.366,370.104,0.910,14.945,0.189,40.390,0,0,1.304
1.338,27.439,3.011,236.035,1.573,6.353,0.405,28.904,0,0,1.319
1.375,24.824,1.911,161.009,2.007,0.450,0.766,6.440,0,0,1.320
1.026,24.868,3.530,199.538,1.352,79.949,0.482,12.300,0,0,1.308
1.066,27.294,11.655,180.141,2.359,0.420,0.966,18.020,0,0,1.340
1.189,23.360,6.188,184.443,2.402,1.690,0.434,24.983,0,1,1.350
1.315,23.262,4.134,205.874,1.563,28.329,0.953,42.751,0,0,1.325
1.061,22.920,2.249,381.353,1.401,13.571,1.217,28.043,1,0,1.322
1.051,27.272,5.622,215.934,2.252,10.558,1.241,53.894,0,0,1.342
1.181,22.721,8.741,127.322,2.892,0.504,0.562,49.034,0,0,1.355
1.346,23.000,5.895,202.198,2.280,0.478,0.514,68.853,0,1,1.369
1.181,24.395,4.567,283.857,1.826,3.562,1.561,58.995,0,1,1.344
1.214,27.980,3.893,309.247,1.600,3.687,0.189,36.475,0,1,1.328
1.280,21.681,2.441,261.476,1.421,14.329,1.034,25.666,0,0,1.325
0.758,31.929,8.502,383.235,1.994,0.421,0.506,30.396,0,0,1.385
1.168,24.225,6.555,385.734,1.185,1.092,0.806,31.060,0,0,1.330
0.837,30.350,3.367,175.809,2.319,50.944,0.145,1.964,0,0,1.294
1.313,25.934,4.744,227.871,1.466,5.024,0.151,5.162,0,0,1.312
1.409,23.914,5.211,180.022,1.921,1.800,0.844,38.302,0,0,1.343
1.329,24.076,3.546,314.485,1.241,7.409,1.687,35.266,0,0,1.320
1.415,25.157,3.293,396.721,0.770,11.017,0.511,3.136,0,0,1.290
1.399,22.605,10.517,167.104,1.692,0.738,0.335,14.265,0,0,1.330
1.117,26.037,2.712,221.182,1.523,44.535,0.699,15.527,0,0,1.310
1.045,25.129,7.506,298.457,1.111,68.184,1.545,2.423,0,0,1.326
0.830,33.894,4.047,356.715,1.875,11.638,1.506,4.735,0,0,1.364
1.457,22.680,9.257,165.439,2.022,1.178,0.575,18.930,0,1,1.352
1.079,27.342,11.603,334.195,1.361,1.352,0.191,15.682,0,0,1.330
1.484,21.235,5.991,177.083,1.180,43.111,0.576,5.750,0,0,1.327
1.177,25.900,3.851,351.165,1.255,15.413,0.598,33.078,0,0,1.323
1.059,23.950,5.808,245.281,1.531,31.652,0.698,9.488,0,0,1.321
1.241,22.046,2.576,327.502,1.321,0.760,1.824,30.125,0,0,1.328
0.910,29.361,7.684,216.257,2.447,6.243,0.657,8.709,0,0,1.347
1.035,21.190,9.297,70.632,3.624,36.668,0.453,33.215,0,1,1.297
1.158,24.099,4.841,313.955,1.402,1.671,0.460,18.908,0,0,1.329
0.893,27.695,3.557,352.258,1.369,54.275,2.283,8.682,0,0,1.333
1.099,24.492,9.057,308.274,1.379,4.816,1.219,8.502,0,0,1.327
1.126,20.435,3.165,333.896,1.339,4.110,0.711,14.747,0,0,1.334
1.382,25.174,2.024,340.121,1.069,0.478,0.525,15.133,0,0,1.304
1.201,26.982,4.885,253.136,1.608,2.997,0.629,14.172,0,0,1.325
1.215,31.009,6.624,187.007,1.738,15.035,1.387,0.367,0,0,1.307
0.946,24.595,2.793,290.771,1.772,14.067,0.403,30.873,0,0,1.341
1.172,24.600,7.477,106.154,3.272,2.577,0.319,22.073,0,0,1.347
1.451,20.518,3.353,321.786,0.989,20.224,0.667,18.703,0,0,1.319
1.101,25.135,8.702,154.600,3.191,0.486,0.369,44.429,0,1,1.378
0.952,19.646,1.879,265.504,1.835,6.307,1.583,59.531,0,0,1.345
1.062,25.987,5.171,186.513,2.501,13.334,0.160,15.915,0,1,1.344
0.898,25.233,5.837,214.746,2.495,1.142,0.282,31.664,0,0,1.353
0.883,25.359,7.442,479.671,1.167,40.515,0.925,2.810,0,0,1.367
1.112,33.261,8.543,145.330,2.244,28.463,1.706,4.791,0,0,1.305
0.869,31.182,6.555,263.932,1.720,53.274,1.712,18.575,0,0,1.305
1.331,23.790,9.023,243.110,1.644,0.400,0.289,60.845,0,0,1.358
1.097,22.297,3.602,192.718,2.312,16.227,0.668,25.555,0,1,1.340
1.067,28.323,4.452,351.047,1.602,4.340,0.860,53.652,0,0,1.344
0.836,27.217,1.072,472.201,1.211,72.132,1.038,4.796,0,0,1.369
1.323,22.125,7.423,159.206,2.534,0.401,1.120,36.188,0,1,1.366
1.102,23.899,4.017,175.625,2.398,7.068,0.392,35.067,0,0,1.340
1.151,24.921,1.262,264.471,1.899,0.442,2.418,12.590,0,1,1.341
1.116,30.094,8.356,211.924,2.619,2.327,2.778,24.682,1,1,1.355
1.234,27.349,5.989,259.006,1.503,11.247,0.592,26.302,0,0,1.325
1.234,19.460,4.153,190.527,1.950,14.816,0.224,14.074,1,0,1.313
1.460,18.488,5.948,192.811,1.630,1.537,1.195,22.025,0,0,1.338
1.209,28.721,3.001,247.653,2.092,1.341,1.460,64.007,0,0,1.354
0.757,33.875,12.396,366.455,2.057,0.887,0.226,15.720,0,0,1.387
1.050,25.609,3.755,262.205,1.761,12.839,0.677,21.572,0,0,1.335
1.156,24.581,7.865,181.325,1.912,11.857,1.126,3.818,0,0,1.322
1.065,21.381,1.245,299.265,1.789,0.951,0.511,16.052,0,1,1.344
1.126,24.449,1.261,300.186,1.518,18.459,0.433,37.866,0,0,1.331
1.195,23.509,3.434,414.520,1.217,4.003,1.743,63.542,0,0,1.333
1.251,22.304,1.502,231.662,1.824,0.498,0.404,34.637,0,0,1.339
1.353,22.600,11.747,368.903,0.904,0.657,1.362,19.991,0,0,1.321
0.845,24.554,2.210,399.262,1.411,39.029,0.325,21.508,0,0,1.358
0.813,26.279,12.469,391.708,1.599,4.363,0.722,27.060,0,0,1.367
1.127,30.211,7.983,211.303,2.034,0.442,2.131,6.358,0,0,1.338
0.926,27.821,6.887,436.267,1.363,2.871,0.813,5.859,0,0,1.360
1.255,29.823,6.979,116.624,1.881,59.596,0.359,11.108,0,1,1.305
1.153,22.786,2.507,173.639,2.692,0.400,0.872,14.739,0,1,1.356
1.198,27.286,5.739,293.509,1.393,7.426,1.369,15.629,0,0,1.325
1.561,27.007,6.984,137.168,2.764,0.400,0.205,55.266,0,1,1.400
1.155,22.164,10.581,166.809,2.411,0.400,2.057,61.837,0,0,1.369
1.273,24.592,10.730,239.902,1.081,59.460,0.680,0.723,1,0,1.306
0.912,25.329,3.790,269.703,1.818,27.233,0.459,31.453,0,0,1.336
1.128,26.906,3.422,344.505,1.424,0.642,1.081,21.325,0,0,1.336
1.215,26.384,12.302,75.812,3.245,29.792,0.808,7.175,0,1,1.331
0.903,23.450,5.770,433.075,1.231,37.606,1.271,6.739,0,0,1.366
1.217,27.769,2.718,236.186,1.518,26.639,0.894,16.695,0,0,1.316
1.452,24.041,2.007,216.361,1.794,0.422,1.339,48.114,0,0,1.344
1.016,35.517,5.562,272.106,1.162,76.104,0.113,0.956,0,0,1.277
0.818,26.647,0.584,308.437,2.028,10.422,0.716,25.153,0,0,1.363
1.215,25.523,8.679,261.181,1.430,9.481,0.138,17.615,0,0,1.329
1.263,28.043,4.986,317.308,1.324,1.303,0.639,25.361,0,0,1.325
1.183,25.282,5.582,285.551,1.629,0.400,1.004,42.468,0,0,1.346
1.133,25.366,3.920,295.258,1.552,0.424,0.552,13.033,0,0,1.336
1.091,25.009,3.924,367.099,1.277,9.355,0.583,5.382,0,0,1.337
1.018,27.525,10.249,146.839,1.711,60.689,0.861,0.999,0,0,1.292
1.365,24.901,6.672,223.492,1.450,16.717,1.852,31.336,0,0,1.332
1.253,22.852,6.544,316.821,1.181,6.655,0.923,6.716,0,0,1.325
1.152,20.879,3.058,188.300,2.561,1.546,1.014,42.476,0,1,1.360
1.202,24.883,3.798,426.809,1.102,0.402,1.485,26.956,0,0,1.329
0.995,26.390,11.460,329.985,1.412,23.855,0.159,30.007,0,0,1.340
1.373,36.067,1.499,269.763,0.776,48.814,0.781,6.941,0,0,1.259
1.471,26.093,5.054,172.638,1.779,5.384,1.438,25.565,0,0,1.338
0.762,34.140,7.652,460.929,1.411,57.356,0.726,3.828,0,0,1.353
0.955,32.008,9.867,376.586,1.544,3.107,0.949,12.129,0,0,1.353
1.343,24.028,4.503,196.014,2.073,0.648,0.344,53.734,0,0,1.359
1.002,27.436,5.664,223.268,2.363,1.315,0.736,31.493,0,0,1.360
0.766,24.185,2.192,368.779,1.676,20.599,0.269,5.101,0,0,1.375
1.141,29.745,9.305,284.982,1.624,5.815,0.893,11.050,0,1,1.335
1.199,20.804,7.088,293.011,1.264,14.805,1.665,2.722,0,0,1.333
1.213,26.429,5.785,268.986,1.476,3.056,1.411,8.070,0,0,1.327
0.877,36.778,11.498,302.745,1.310,80.397,1.508,6.264,0,0,1.278
1.340,19.693,7.287,167.189,1.854,3.415,1.623,7.988,0,0,1.334
0.794,33.266,9.703,386.853,1.676,29.008,0.631,12.295,0,0,1.355
0.771,25.272,2.390,280.609,2.313,13.518,1.202,13.155,0,1,1.367
0.991,26.111,8.383,241.725,1.899,12.426,1.243,13.445,0,0,1.339
0.881,30.275,6.634,224.940,2.274,24.735,0.421,12.672,0,0,1.337
0.843,28.749,3.166,440.620,1.571,0.416,1.423,8.852,0,0,1.386
0.932,26.231,9.214,328.223,1.288,60.059,0.711,21.492,0,0,1.334
1.080,29.417,12.102,64.659,2.742,67.452,0.996,4.360,0,1,1.282
1.075,28.458,12.339,268.778,1.676,0.719,0.347,11.923,0,0,1.340
1.245,31.411,5.434,188.148,1.811,12.645,0.269,3.513,0,0,1.320
1.112,24.930,3.092,319.391,1.679,0.437,0.384,21.014,0,1,1.346
1.169,34.217,4.416,215.871,2.094,1.853,1.727,7.927,0,0,1.347
1.329,21.128,4.330,172.987,2.103,0.508,1.688,31.549,0,0,1.350
0.802,37.127,0.622,445.416,1.514,49.891,1.901,2.482,0,0,1.355
0.876,32.598,1.566,108.311,2.583,76.616,0.978,6.793,0,0,1.255
1.339,24.634,4.631,209.273,1.835,0.685,0.919,31.611,0,0,1.347
1.180,25.073,2.107,460.791,0.969,42.632,0.707,35.236,0,0,1.328
1.129,24.771,1.336,294.649,1.700,1.747,0.443,35.451,0,0,1.348
1.012,26.762,8.879,249.493,2.366,0.944,0.963,52.284,0,1,1.378
1.077,25.160,11.691,297.318,1.227,43.446,0.913,21.070,0,0,1.335
1.097,28.315,9.985,174.268,1.218,83.328,0.957,16.119,0,0,1.305
1.105,27.260,5.119,236.267,1.602,34.628,0.177,18.334,0,0,1.325
1.064,26.496,2.999,248.459,2.131,13.416,1.188,38.335,1,0,1.333
1.073,24.834,5.442,303.532,1.334,39.346,0.419,17.988,0,0,1.337
1.434,21.877,5.640,133.309,2.542,0.414,1.163,2.034,0,1,1.358
1.032,31.409,6.523,372.516,1.295,34.419,1.093,20.823,0,0,1.328
1.103,23.304,0.924,413.237,1.137,35.949,0.785,24.222,0,0,1.346
1.566,22.744,4.373,177.387,1.597,0.429,0.159,10.593,0,0,1.334
1.010,22.409,2.434,238.277,2.024,6.090,0.329,27.547,0,0,1.351
1.307,28.551,13.161,376.223,0.916,0.596,0.147,17.587,0,0,1.317
0.921,34.720,3.965,242.092,1.468,79.884,1.726,0.090,0,0,1.286
1.224,23.109,1.828,250.773,1.600,44.103,0.248,41.066,0,1,1.334
1.364,26.987,11.695,134.854,2.413,0.503,1.321,32.484,0,0,1.372
0.959,31.076,12.221,204.805,1.409,79.768,0.648,21.661,0,0,1.290
1.090,22.526,5.040,253.380,1.779,1.644,1.182,14.521,0,0,1.347
1.100,19.853,3.171,164.486,2.387,26.978,0.206,2.686,0,1,1.338
1.274,26.520,0.978,256.714,1.803,0.542,0.934,40.724,0,0,1.347
0.992,29.994,0.656,412.340,1.576,0.401,0.443,18.040,0,1,1.357
0.814,28.327,3.819,298.055,1.957,39.821,0.763,12.681,0,1,1.347
0.929,30.728,6.758,301.678,2.016,0.555,0.317,16.328,0,0,1.371
0.901,23.704,10.949,214.017,2.553,2.614,0.710,9.146,0,1,1.362
0.996,31.636,10.093,445.161,1.295,1.122,1.519,11.637,0,0,1.356
0.948,23.293,7.229,165.819,2.985,0.423,1.118,57.367,0,0,1.368
0.709,27.443,10.412,483.796,1.506,22.388,1.628,14.291,0,0,1.398
1.223,24.157,4.918,284.077,1.618,0.971,1.073,14.829,1,0,1.327
1.175,30.196,1.542,247.811,1.964,0.434,0.653,20.822,0,0,1.351
1.184,29.447,6.309,229.665,1.814,2.930,1.116,8.901,0,0,1.340
0.831,24.777,6.482,357.424,1.340,69.999,0.867,8.014,0,0,1.359
0.958,25.284,6.259,285.255,1.406,61.517,1.929,37.117,0,0,1.332
0.728,37.313,1.406,380.918,2.063,27.880,2.177,8.341,0,0,1.389
0.991,25.542,7.805,297.149,1.641,9.410,0.258,6.322,0,0,1.349
1.578,18.706,0.841,144.833,2.674,0.442,0.225,40.295,0,1,1.373
0.856,32.782,9.359,275.649,2.158,27.751,0.326,12.015,0,1,1.350
1.146,25.233,6.959,232.153,2.061,0.504,0.383,9.987,0,1,1.357
1.299,25.399,3.588,179.650,2.083,0.929,0.961,14.164,0,0,1.346
1.256,36.879,12.909,235.473,1.423,1.511,0.993,3.587,0,0,1.316
1.281,21.978,3.178,324.592,1.274,7.836,0.204,26.859,0,0,1.340
0.970,27.143,5.625,372.420,1.419,18.117,1.044,6.942,0,0,1.355
1.100,28.994,5.316,263.007,1.924,0.886,0.938,24.844,0,0,1.357
1.067,30.583,1.582,214.530,2.205,13.591,1.588,8.557,0,0,1.347
1.361,25.443,2.769,138.721,3.099,1.750,1.854,36.079,0,1,1.387
1.196,24.420,0.990,227.486,1.898,8.324,0.379,25.632,0,0,1.345
0.881,26.284,0.721,329.169,1.920,2.960,1.699,26.139,0,0,1.375
1.161,25.092,3.754,306.683,1.527,1.337,1.248,21.759,0,0,1.347
1.264,24.005,10.460,250.511,1.578,0.891,0.986,36.831,0,0,1.358
0.870,31.052,1.697,335.257,2.190,5.865,0.125,59.319,0,0,1.380
1.232,28.966,4.029,261.231,1.575,27.738,0.636,48.359,0,0,1.331
1.119,27.589,10.954,138.197,1.861,68.564,1.386,20.276,0,1,1.317
1.009,29.205,9.311,135.471,2.369,40.861,0.425,5.350,0,0,1.308
1.088,22.784,3.733,233.373,1.937,2.663,0.880,13.297,0,0,1.350
0.924,35.568,3.213,322.837,1.746,28.786,2.212,2.693,0,0,1.345
0.958,27.281,3.292,265.895,1.836,44.484,1.872,18.919,0,1,1.336
0.916,28.307,4.137,358.469,1.314,83.537,0.125,23.008,0,1,1.325
1.041,28.438,2.805,216.562,2.510,3.610,1.500,36.534,0,0,1.370
1.325,21.610,1.706,243.382,2.079,0.599,0.353,65.221,0,1,1.367
0.948,29.009,2.546,227.511,1.467,83.089,0.937,9.719,0,0,1.310
1.393,21.913,3.528,261.241,1.521,8.379,0.957,53.062,0,0,1.353
0.934,29.069,6.379,423.711,1.457,0.417,2.532,6.729,0,0,1.374
1.155,25.064,3.528,236.102,2.296,4.874,1.552,56.773,0,1,1.371
1.154,25.783,5.993,250.627,1.229,59.262,0.448,10.246,0,0,1.330
1.194,27.868,6.539,217.144,1.841,18.870,0.735,34.570,0,0,1.344
1.302,19.654,3.955,371.320,1.323,4.520,0.639,11.781,1,1,1.320
0.909,23.920,10.200,238.570,2.138,0.670,0.418,10.821,0,0,1.358
1.203,20.262,2.629,317.357,1.397,41.143,0.481,51.425,0,1,1.345
1.108,29.378,2.627,161.708,2.513,32.942,0.943,7.591,0,1,1.341
0.859,25.867,7.613,265.953,1.814,43.105,0.355,65.512,0,0,1.337
0.775,26.632,11.396,243.545,1.980,73.715,1.534,3.884,1,1,1.306
1.174,24.846,4.444,206.190,1.540,41.511,0.906,4.831,0,0,1.329
1.239,24.356,1.988,297.967,1.638,8.122,1.007,66.686,0,0,1.353
0.807,31.683,3.739,383.059,1.813,22.540,1.084,25.693,0,0,1.375
1.179,28.147,1.449,190.888,1.963,38.154,0.138,2.749,0,1,1.333
1.115,27.138,1.865,436.565,1.193,12.615,0.672,22.183,0,0,1.346
1.432,20.268,4.076,238.261,1.675,3.970,0.312,62.744,0,0,1.368
1.306,19.382,0.905,201.933,1.911,7.544,0.252,31.940,0,0,1.351
0.913,35.496,10.260,201.357,2.892,14.232,0.754,10.823,0,0,1.377
1.266,33.590,14.208,251.725,1.274,4.906,1.452,5.467,0,0,1.319
1.074,21.969,8.127,243.420,1.824,4.322,1.202,26.887,0,0,1.357
1.169,22.747,10.886,200.384,1.574,28.116,1.471,7.469,0,0,1.337
1.278,25.757,12.052,214.051,1.544,8.993,0.306,15.441,0,0,1.343
1.404,25.411,1.347,239.501,1.453,8.419,0.462,12.108,0,0,1.331
1.440,24.255,4.796,166.041,2.208,3.966,1.076,49.317,0,0,1.372
1.067,28.413,6.914,298.861,1.375,35.929,1.213,7.106,0,0,1.334
1.230,25.502,3.555,246.502,1.723,0.619,1.535,14.378,0,0,1.347
0.912,31.190,5.786,273.952,2.352,0.584,0.919,23.693,0,0,1.388
1.267,21.630,1.829,244.049,1.540,21.864,1.034,23.034,0,0,1.345
1.127,29.412,10.579,199.937,2.353,0.533,0.969,30.006,0,0,1.375
1.228,22.802,3.226,220.655,1.862,0.401,0.268,12.243,0,0,1.349
1.266,30.959,5.429,253.372,1.008,54.906,1.251,2.145,0,0,1.306
0.927,30.429,7.286,384.685,1.313,68.539,0.959,22.469,0,1,1.326
1.160,19.265,7.797,262.660,1.697,9.728,1.449,33.316,1,0,1.346
1.182,29.955,2.652,251.397,1.538,23.581,0.727,3.997,0,0,1.329
0.929,25.814,6.187,265.497,2.076,1.084,1.476,10.630,0,0,1.369
1.191,28.772,3.428,323.540,1.346,31.360,1.293,40.311,0,0,1.331
0.911,32.010,8.077,330.013,1.543,42.633,0.136,9.199,0,0,1.340
0.933,25.603,11.537,245.104,1.528,58.389,0.285,28.942,0,0,1.335
0.957,25.647,7.655,288.806,1.253,82.885,1.154,34.431,0,0,1.337
1.045,24.613,3.227,434.331,1.296,0.950,0.770,20.434,0,0,1.366
1.347,24.066,8.634,116.686,2.637,3.270,0.688,20.075,0,0,1.365
1.141,22.805,7.893,193.229,2.369,10.830,1.876,57.494,1,0,1.353
1.312,18.780,6.024,232.897,1.739,14.929,0.881,17.781,0,1,1.358
1.270,22.037,2.635,202.253,2.184,0.504,0.768,55.426,0,0,1.370
1.247,25.548,7.046,308.939,1.518,6.839,0.425,62.177,0,0,1.363
1.191,23.510,2.807,368.880,1.232,14.951,1.278,23.514,0,0,1.349
1.421,24.611,2.000,354.097,0.967,26.361,0.206,21.667,0,0,1.326
1.077,32.633,4.657,260.276,1.955,1.513,0.198,0.760,0,0,1.362
1.386,25.687,2.182,252.408,1.383,25.489,0.619,32.102,0,0,1.337
1.375,23.086,4.387,143.404,2.076,35.147,0.367,61.392,0,0,1.354
0.960,20.798,6.768,248.352,2.246,1.180,0.367,33.491,0,1,1.375
1.396,25.534,4.974,143.545,2.256,0.401,0.865,8.755,0,0,1.356
1.150,26.187,3.739,448.998,1.141,0.413,0.563,17.851,0,0,1.352
1.120,24.917,7.060,280.456,1.607,9.325,0.955,21.593,0,0,1.356
0.989,31.222,3.760,327.132,1.916,2.372,1.570,2.747,1,0,1.363
1.571,20.378,7.926,313.463,1.170,3.463,1.443,64.080,0,0,1.369
1.432,20.308,3.335,163.561,2.325,2.157,0.971,59.417,0,0,1.379
1.343,31.461,9.216,229.769,1.519,4.414,0.502,0.536,1,0,1.315
0.913,31.929,4.797,302.844,1.980,9.764,0.227,0.878,0,0,1.375
1.252,34.208,3.560,261.324,1.334,39.280,0.219,3.871,1,0,1.292
1.057,25.792,9.348,256.993,1.943,4.692,1.842,41.512,0,0,1.372
1.191,34.602,8.496,203.130,2.365,1.958,0.401,9.633,0,1,1.384
1.186,24.835,5.508,180.598,2.924,0.666,0.253,57.687,0,1,1.399
1.117,20.015,7.211,326.264,1.338,10.074,1.475,3.828,0,0,1.358
0.882,30.948,2.197,149.131,2.069,82.126,0.734,10.558,0,0,1.285
1.000,25.686,5.372,235.333,2.376,2.463,0.542,5.831,0,1,1.378
1.071,23.519,7.041,230.689,2.027,0.402,1.483,19.565,0,0,1.365
1.198,24.087,3.932,231.156,2.126,1.375,1.674,19.255,0,1,1.370
0.937,22.957,15.004,193.698,1.993,25.995,0.143,13.324,0,0,1.341
0.894,30.745,5.700,266.659,2.375,4.149,0.214,17.625,0,0,1.389
1.208,30.712,1.838,238.066,1.312,53.607,0.797,8.516,0,0,1.316
1.103,21.388,4.477,251.700,1.934,2.608,2.081,57.000,0,0,1.374
0.733,34.112,4.956,387.740,1.736,59.474,0.136,7.849,0,1,1.354
0.935,22.778,5.097,227.290,1.976,26.101,1.252,14.326,0,0,1.352
1.092,21.895,5.838,162.432,2.688,0.402,0.399,35.633,0,0,1.371
1.239,21.685,6.751,126.034,2.734,4.305,0.913,22.266,0,0,1.363
1.100,26.352,6.838,189.383,1.668,50.169,0.368,10.965,0,0,1.330
1.265,27.624,3.088,292.587,1.202,45.520,1.235,27.686,0,0,1.331
1.267,27.792,7.742,261.859,1.501,3.580,1.767,14.963,0,0,1.348
1.423,23.712,5.923,188.724,1.953,0.400,1.027,36.432,0,0,1.372
1.152,27.247,11.822,285.960,1.396,38.195,0.518,22.237,1,0,1.328
1.360,23.034,6.238,216.104,1.566,11.041,0.655,15.572,0,0,1.351
1.372,26.991,3.404,212.092,1.872,7.249,0.494,10.071,0,1,1.357
1.324,21.579,3.427,208.975,2.111,0.522,1.518,65.220,0,0,1.381
1.120,35.981,3.470,177.052,1.244,82.627,0.366,0.203,0,0,1.278
1.128,23.490,5.788,230.005,1.193,86.216,0.604,22.861,0,0,1.352
1.168,25.018,2.613,276.043,1.812,2.931,0.558,41.766,0,0,1.367
0.945,29.891,10.360,232.431,2.425,2.266,0.328,14.186,0,0,1.383
1.013,25.468,3.226,126.479,3.595,13.373,0.347,45.800,0,0,1.363
0.941,29.550,9.872,349.592,1.628,9.299,1.402,7.832,0,0,1.371
1.139,27.737,7.290,215.629,2.088,1.505,1.519,12.190,0,0,1.365
1.079,31.282,8.989,281.672,1.932,0.411,0.664,28.337,0,0,1.378
1.255,25.861,8.136,328.386,1.340,0.507,0.695,31.509,0,0,1.358
0.908,28.118,2.518,310.919,1.675,60.548,2.291,24.261,1,0,1.328
1.187,23.289,7.265,183.513,2.139,3.898,0.347,13.102,0,0,1.360
0.816,25.559,4.339,403.105,1.701,8.806,0.635,42.324,0,0,1.394
1.132,25.493,12.485,192.826,1.918,13.458,2.019,9.386,0,0,1.351
1.392,23.093,6.461,162.950,1.729,25.086,0.376,17.055,0,0,1.352
1.207,25.338,4.215,249.179,2.044,9.797,0.716,45.856,0,1,1.373
1.100,26.748,3.609,307.087,1.133,83.119,0.497,28.930,0,0,1.339
1.160,24.046,2.138,414.051,1.069,41.493,2.154,13.418,0,0,1.360
1.376,20.885,0.944,169.151,2.571,17.511,0.234,68.982,0,1,1.375
1.222,24.148,14.852,301.349,1.088,29.904,0.955,11.615,0,0,1.353
1.089,23.633,8.619,226.903,1.712,39.296,0.276,65.407,0,0,1.360
1.034,29.887,2.729,348.842,1.918,1.210,0.350,37.557,1,0,1.369
0.967,25.682,2.983,132.080,2.024,77.617,0.512,43.776,0,0,1.303
1.025,22.723,8.528,245.707,1.525,48.752,1.002,28.266,0,0,1.356
1.211,23.749,2.833,222.070,1.746,20.494,0.761,15.133,0,0,1.352
1.088,25.310,3.570,176.465,2.042,57.377,1.027,14.170,0,1,1.340
1.022,26.317,3.144,339.722,1.622,1.437,0.273,5.454,0,0,1.375
1.399,23.031,8.707,143.307,2.588,3.271,0.690,20.438,0,1,1.391
1.151,26.143,4.003,300.692,1.612,0.402,0.924,13.960,0,0,1.364
1.092,26.581,1.364,474.236,1.327,0.500,0.419,56.261,0,0,1.366
1.186,22.251,3.905,379.868,1.386,2.353,1.461,65.319,0,0,1.371
1.171,27.238,2.713,285.515,1.277,57.713,0.129,25.727,0,0,1.338
1.359,38.269,3.250,322.846,1.242,0.528,0.497,1.393,1,1,1.300
1.206,23.798,7.001,260.172,1.488,20.766,0.773,18.244,0,0,1.357
1.229,20.521,6.123,225.795,1.807,3.422,2.090,25.380,0,0,1.368
1.166,27.342,3.772,160.361,2.460,16.301,0.870,13.926,0,0,1.358
0.925,33.691,10.989,241.161,2.336,11.630,0.507,1.186,0,0,1.377
1.141,24.760,8.033,207.644,2.047,26.243,0.273,19.391,0,1,1.363
1.289,29.435,4.804,304.091,1.448,0.997,0.654,24.801,0,0,1.353
1.409,31.636,2.380,282.217,1.177,21.045,0.587,2.045,1,0,1.301
1.280,26.791,6.653,130.911,2.438,12.692,0.328,5.424,0,0,1.356
1.101,23.413,3.725,244.004,1.947,1.281,0.915,11.666,0,0,1.368
1.072,27.217,6.681,135.710,1.685,77.929,1.973,10.978,0,0,1.316
1.372,22.052,3.265,208.157,1.994,4.589,0.618,53.427,0,0,1.378
1.115,23.667,6.265,192.949,2.350,37.107,0.346,40.355,1,1,1.342
1.071,29.562,2.913,105.717,2.267,83.124,0.610,3.818,0,1,1.306
1.374,37.227,10.675,90.014,1.205,66.197,0.536,0.286,0,1,1.305
1.088,21.961,2.750,247.036,1.352,75.472,0.266,37.412,0,0,1.358
0.985,27.314,4.152,396.031,1.357,28.382,1.227,4.641,0,0,1.374
1.126,23.892,2.950,163.008,2.705,17.892,1.253,27.348,1,0,1.345
1.260,21.478,5.122,225.258,2.012,0.521,1.959,60.273,0,0,1.387
0.889,28.861,3.830,391.234,1.695,2.196,0.196,3.874,0,0,1.401
1.152,22.471,7.583,267.651,1.549,37.884,1.661,6.088,0,1,1.362
0.988,26.357,2.526,220.078,2.602,11.314,0.739,70.560,0,0,1.380
1.143,27.742,2.906,176.961,2.053,35.209,0.409,13.321,0,0,1.342
1.282,25.198,5.448,231.959,1.707,1.093,1.658,7.995,0,0,1.359
1.266,19.185,3.936,350.143,1.364,11.799,2.365,20.101,0,1,1.361
1.399,22.871,6.492,187.430,2.128,2.678,1.039,56.585,0,0,1.393
1.424,19.489,1.905,353.415,1.100,15.628,1.705,22.863,0,0,1.356
1.323,25.131,7.150,135.632,3.144,1.925,0.141,29.878,0,1,1.411
1.187,27.133,4.250,199.617,1.832,33.797,1.138,22.024,0,0,1.348
1.436,23.283,3.261,221.335,2.183,2.249,0.327,61.545,0,1,1.394
0.953,26.781,3.311,336.382,1.886,1.044,1.317,37.142,0,0,1.394
1.244,25.669,9.028,138.089,2.157,23.238,0.623,6.982,0,0,1.351
0.841,33.341,3.412,299.063,2.423,12.341,0.234,28.084,0,0,1.405
1.284,21.439,4.383,193.379,2.255,0.479,0.688,54.788,0,0,1.389
1.041,29.360,5.620,265.125,1.542,57.499,0.538,33.580,0,0,1.337
1.326,24.589,4.517,145.753,2.272,14.407,0.761,15.342,0,0,1.363
1.270,24.759,2.749,235.746,1.954,0.519,1.425,36.012,0,0,1.377
1.295,20.375,1.743,254.085,1.890,0.425,1.375,31.990,1,0,1.358
1.001,27.402,2.603,335.458,1.825,0.400,1.564,28.263,0,0,1.391
1.081,26.625,2.446,341.864,1.772,0.747,0.625,24.287,1,0,1.369
1.084,24.075,0.608,185.630,2.842,4.559,0.312,66.066,0,0,1.386
1.298,23.771,1.903,270.145,1.794,1.328,0.870,54.809,0,0,1.378
0.972,37.571,6.069,300.186,1.699,36.955,1.788,0.000,0,0,1.346
0.888,24.045,8.232,393.268,1.193,85.397,0.250,39.470,0,0,1.376
1.198,22.203,9.203,265.903,1.415,21.067,1.122,6.793,0,0,1.364
1.206,20.240,3.096,279.230,1.628,0.763,0.379,17.386,0,0,1.372
1.151,26.184,2.914,143.418,3.357,0.414,0.643,34.101,0,0,1.402
1.232,26.596,1.287,258.586,1.786,0.431,0.524,11.749,0,0,1.369
1.167,25.817,10.406,283.578,1.141,56.184,0.195,6.455,0,0,1.356
1.371,24.810,1.024,243.139,1.617,17.231,0.931,31.611,0,0,1.360
0.925,25.711,4.833,265.491,2.181,0.409,1.005,5.307,0,0,1.392
1.126,28.620,10.630,179.653,1.935,33.272,1.035,13.348,0,0,1.348
0.898,30.665,5.236,358.875,1.944,0.588,0.432,23.536,0,0,1.410
1.225,27.981,5.082,210.932,1.936,7.354,0.698,6.169,0,0,1.365
1.214,26.551,3.206,189.368,2.245,22.490,0.950,19.021,1,0,1.346
0.993,31.468,3.427,363.862,1.569,19.106,1.506,5.990,0,0,1.377
0.941,33.340,5.424,198.560,1.756,79.099,0.897,12.125,0,0,1.307
0.997,26.374,3.824,358.381,1.383,42.030,0.609,5.802,0,0,1.375
1.178,30.363,5.457,308.027,1.543,17.531,0.439,30.748,0,0,1.362
0.957,25.732,3.014,317.092,1.922,3.468,0.593,31.751,0,0,1.395
1.216,27.598,9.083,284.240,1.778,0.475,0.935,27.764,0,1,1.384
1.556,28.661,2.388,182.455,2.189,0.583,0.950,28.672,0,1,1.393
1.213,24.275,6.259,320.000,1.365,12.261,0.270,19.136,0,0,1.368
1.189,32.446,3.409,420.780,1.296,0.475,0.581,7.511,1,0,1.346
0.842,33.611,11.524,330.477,1.528,65.173,0.791,1.311,0,0,1.346
1.229,21.997,2.461,242.942,1.936,0.477,1.131,37.859,0,0,1.383
1.317,20.946,4.829,142.725,3.230,1.167,0.812,58.644,0,1,1.414
0.990,29.307,2.158,370.761,1.491,30.199,0.162,9.884,0,0,1.377
1.306,25.063,10.247,158.408,2.393,28.159,0.149,22.446,1,1,1.364
1.017,24.800,2.214,284.457,1.879,11.096,2.490,19.542,0,0,1.383
1.359,21.069,2.016,236.582,1.468,27.632,0.765,8.801,0,0,1.364
1.130,22.717,7.964,271.354,1.434,60.945,1.414,8.677,0,1,1.371
0.810,35.547,6.420,370.583,1.920,23.802,0.290,3.130,0,0,1.402
1.147,22.629,6.291,184.061,2.345,0.690,1.341,12.873,0,0,1.379
1.084,23.192,10.501,238.580,1.268,75.632,1.060,11.873,0,0,1.369
0.820,24.020,2.147,329.664,1.847,21.352,0.864,9.165,0,0,1.400
1.327,22.769,9.739,321.518,1.368,0.897,0.572,53.737,0,0,1.389
1.305,25.186,7.197,301.018,1.410,0.404,1.167,24.275,0,0,1.370
0.728,27.402,1.635,382.458,1.555,79.162,1.257,4.740,0,0,1.396
0.949,26.439,5.633,347.262,1.445,51.286,1.062,26.957,0,0,1.371
1.113,27.841,8.463,235.832,1.936,21.980,0.210,39.854,0,0,1.374
0.861,25.250,9.740,430.964,1.240,72.454,0.821,1.766,0,0,1.403
1.265,23.155,3.020,239.414,1.618,29.028,0.697,32.065,0,0,1.367
1.487,23.795,6.697,315.203,1.168,0.912,0.324,30.405,0,0,1.363
1.183,27.233,3.351,453.748,1.118,25.701,0.388,37.408,0,0,1.359
1.432,24.168,7.015,196.775,1.696,6.984,0.697,16.715,0,0,1.371
1.400,21.407,3.713,407.529,0.960,0.819,0.338,4.400,0,0,1.350
0.967,26.188,7.484,356.746,1.618,2.215,0.737,3.670,0,0,1.393
1.228,24.531,1.333,228.367,2.256,6.547,0.284,30.251,0,1,1.389
1.048,24.028,7.382,312.240,1.586,9.923,0.159,6.683,0,0,1.380
1.052,27.515,7.686,275.615,1.270,75.898,0.238,14.514,0,0,1.353
1.057,28.232,8.583,225.650,1.989,34.868,0.433,6.067,0,1,1.365
1.297,21.421,12.098,174.896,1.940,0.441,0.173,4.368,0,0,1.371
1.132,22.277,5.124,383.030,1.365,1.114,0.247,29.586,0,0,1.385
0.829,28.260,5.372,306.492,2.198,4.489,0.400,11.530,0,0,1.412
1.228,25.629,11.158,186.639,2.262,2.288,0.163,36.010,0,0,1.398
1.047,24.672,5.606,237.619,2.431,5.922,0.119,40.200,0,1,1.401
1.063,30.320,2.970,377.076,1.518,6.202,0.879,11.058,0,0,1.384
0.983,27.339,1.904,254.147,2.404,0.638,0.213,28.909,0,0,1.405
0.874,37.071,3.781,295.558,1.853,53.742,0.437,0.406,0,0,1.352
1.143,21.906,2.596,324.399,1.599,15.157,0.134,70.956,0,0,1.383
0.985,24.433,5.603,301.223,1.892,0.403,0.578,21.443,0,0,1.396
1.296,26.651,11.638,165.736,2.170,20.116,0.992,13.844,0,1,1.384
0.816,27.941,0.886,464.779,1.672,1.892,1.331,18.186,0,0,1.436
1.228,22.852,3.433,453.394,1.145,1.189,0.811,38.900,0,0,1.373
1.549,23.400,4.604,188.302,1.707,1.056,0.177,12.136,0,0,1.372
1.393,21.242,8.281,257.379,0.998,64.774,0.556,0.823,0,0,1.384
1.143,26.404,15.147,262.414,1.856,6.640,0.503,61.700,0,0,1.410
1.252,27.916,13.657,260.961,1.435,9.735,1.090,15.032,0,0,1.369
1.329,22.322,2.853,378.445,1.083,12.063,0.428,4.066,0,0,1.363
0.848,30.033,9.960,191.472,2.284,54.231,0.861,14.838,0,0,1.338
1.201,26.375,3.647,382.384,1.115,31.925,0.370,3.683,0,0,1.366
1.077,24.442,6.119,331.332,1.606,0.408,0.584,17.510,0,0,1.390
1.167,21.829,4.405,204.538,2.141,0.400,0.369,4.556,0,0,1.379
0.925,26.106,1.945,434.143,1.575,0.638,1.330,23.473,0,0,1.414
1.194,29.792,6.228,193.722,2.365,2.278,1.983,12.608,0,0,1.393
1.199,22.976,12.857,151.071,1.991,28.708,1.003,13.810,0,0,1.367
0.954,29.628,1.858,332.805,1.999,0.450,2.958,19.414,0,0,1.412
1.416,23.048,7.378,335.166,1.228,1.834,0.979,11.592,0,1,1.360
1.045,25.497,2.673,402.915,1.315,34.261,0.902,19.650,0,0,1.385
1.065,20.924,1.897,256.703,1.965,2.440,0.321,12.527,0,0,1.388
1.174,22.647,9.130,237.648,1.326,56.697,0.477,1.511,0,0,1.373
1.076,26.040,8.751,380.220,1.396,18.647,1.475,8.279,0,1,1.376
1.239,25.780,3.604,285.207,1.635,2.373,0.669,19.032,0,0,1.379
0.884,35.480,2.887,442.478,1.529,33.300,0.455,2.113,0,0,1.399
0.980,30.177,14.781,241.698,2.221,5.695,1.049,12.684,0,0,1.395
1.242,26.573,2.261,168.463,2.285,26.673,0.623,32.180,0,0,1.368
1.243,22.494,7.571,315.606,1.450,0.842,0.569,30.200,0,0,1.386
1.395,24.295,0.866,305.105,1.505,2.119,0.812,41.536,0,0,1.374
1.157,21.999,1.919,106.124,3.308,15.297,0.795,11.673,0,0,1.369
1.126,23.635,4.140,395.024,1.411,0.404,0.526,37.809,0,0,1.391
1.097,29.323,7.440,121.127,2.090,62.960,0.565,4.256,0,0,1.326
1.303,25.384,2.988,196.876,2.226,0.412,0.435,24.682,0,0,1.392
1.220,19.465,2.260,266.172,1.819,0.451,0.994,46.707,0,0,1.394
1.294,24.637,9.032,194.674,1.893,9.147,1.926,16.046,0,0,1.381
1.189,27.436,5.564,173.011,3.020,0.418,1.166,19.296,0,1,1.426
1.101,31.098,7.269,220.688,2.564,0.401,0.172,30.497,0,0,1.418
1.168,27.253,11.838,377.726,1.155,16.957,1.091,10.116,0,0,1.373
1.517,21.118,2.465,213.221,1.781,1.830,0.306,28.489,0,0,1.385
1.065,23.015,5.269,263.071,1.954,8.939,1.357,42.072,0,0,1.395
1.068,18.547,11.193,326.012,1.483,2.543,0.280,26.996,0,0,1.400
1.001,26.777,2.638,283.069,1.994,11.895,0.762,19.482,0,0,1.396
1.113,29.094,5.987,318.744,1.612,10.168,0.733,15.798,0,0,1.384
1.358,21.954,5.168,303.453,1.311,0.628,0.496,3.670,0,0,1.370
1.097,21.498,1.607,200.392,2.565,1.068,0.681,55.100,0,0,1.402
1.432,22.543,4.945,201.789,1.977,0.895,1.378,36.084,0,0,1.398
1.236,26.628,10.488,151.878,1.516,67.154,1.293,20.471,0,0,1.358
1.325,23.806,8.430,214.584,1.526,40.532,1.428,40.458,0,0,1.384
1.098,26.194,11.542,267.461,1.815,23.582,0.700,65.828,0,0,1.398
1.067,22.251,1.744,302.879,1.770,0.596,0.698,5.923,0,0,1.397
0.969,23.044,10.742,343.977,1.642,3.136,1.036,26.406,0,0,1.407
0.873,24.726,2.731,106.062,2.798,66.938,1.673,31.430,0,0,1.311
1.074,26.359,6.872,466.118,1.149,51.226,2.038,7.550,1,0,1.379
1.167,20.448,10.962,233.136,1.859,1.291,0.835,24.687,0,0,1.397
1.016,30.233,9.230,437.578,1.393,4.757,0.210,15.290,0,0,1.402
1.008,28.459,3.634,386.870,1.655,10.087,0.107,6.362,1,0,1.391
1.457,19.177,0.920,312.609,1.442,0.911,0.446,1.557,0,1,1.369
1.074,33.332,6.272,267.634,2.167,3.855,1.401,17.575,0,0,1.409
0.990,24.353,6.135,88.484,3.154,52.293,1.002,48.134,0,0,1.323
1.417,21.398,2.192,277.417,1.360,19.512,1.170,15.855,0,0,1.377
1.207,26.442,6.461,247.607,1.361,55.151,0.387,16.333,0,0,1.367
1.018,27.272,4.066,357.530,1.552,18.263,1.830,7.516,0,0,1.396
1.321,23.104,7.543,331.954,1.253,0.710,1.269,12.220,0,0,1.378
0.926,26.706,7.038,145.307,2.209,68.125,1.025,7.588,0,0,1.335
1.104,23.083,2.155,239.446,1.818,61.092,0.911,57.646,0,1,1.367
1.293,20.803,7.395,150.714,2.334,11.326,1.495,21.816,0,0,1.390
1.104,21.123,7.780,268.359,1.673,21.486,1.113,35.135,0,0,1.395
1.270,22.821,1.660,195.660,2.430,0.864,0.301,13.679,1,0,1.380
1.289,21.178,4.805,349.984,1.332,0.423,1.114,27.373,0,0,1.388
0.950,24.779,9.273,342.824,1.755,0.680,0.832,22.918,0,0,1.413
1.415,21.756,10.668,164.568,2.356,0.680,1.222,12.820,0,1,1.412
1.111,20.278,3.800,303.265,1.670,4.548,0.194,22.073,0,0,1.399
1.110,25.648,5.745,272.160,2.066,0.401,0.915,48.625,0,0,1.413
1.492,21.493,7.620,131.924,3.032,0.400,0.992,39.258,0,1,1.438
1.228,26.770,2.574,221.505,2.461,0.549,0.410,57.535,0,0,1.416
1.428,19.906,3.075,134.451,2.727,2.580,1.164,35.542,0,0,1.404
1.326,19.445,4.832,235.769,1.717,0.597,0.772,4.974,0,0,1.385
1.127,24.033,5.680,228.905,1.999,9.414,0.875,7.991,0,0,1.390
0.939,29.263,4.212,429.787,1.461,48.666,1.425,11.141,1,0,1.384
1.060,26.550,4.098,312.840,1.776,2.954,0.341,9.379,0,0,1.402
1.225,22.679,3.000,199.059,2.077,14.321,1.063,14.581,0,0,1.386
1.055,30.530,13.247,441.463,1.191,12.963,0.701,1.068,0,0,1.389
1.285,23.817,2.981,163.144,2.186,23.241,0.507,13.968,0,0,1.379
0.983,28.715,3.787,324.851,2.035,1.039,1.903,5.946,0,1,1.419
0.788,27.604,2.027,250.427,2.657,27.754,0.516,6.532,0,1,1.413
1.065,32.480,6.347,196.180,1.973,45.573,1.655,0.511,0,0,1.356
1.049,29.438,7.912,255.479,1.329,79.656,1.205,4.601,0,0,1.358
1.118,23.586,1.303,323.023,1.664,0.730,1.309,7.965,0,0,1.401
1.064,27.471,1.723,327.491,1.752,3.397,0.799,7.020,0,0,1.406
1.125,25.281,6.646,339.855,1.607,10.976,0.867,51.904,0,0,1.403
0.927,24.962,1.486,290.607,1.653,59.765,0.396,7.477,0,0,1.391
1.090,26.472,8.151,301.776,1.624,17.159,1.092,14.656,0,0,1.393
1.034,25.284,1.765,239.847,2.257,7.354,0.181,11.531,0,0,1.406
1.268,28.055,4.417,278.329,1.862,6.039,0.664,51.902,0,0,1.403
1.055,28.469,6.522,379.688,1.623,14.469,0.329,24.031,1,0,1.388
1.476,20.815,7.578,474.484,0.823,0.889,0.330,26.887,0,0,1.368
1.217,21.364,2.957,191.801,2.313,0.407,1.212,9.309,0,0,1.399
0.886,33.236,6.729,381.208,1.928,1.594,0.561,6.816,0,0,1.441
1.220,21.702,4.280,109.202,2.919,44.258,0.605,15.079,0,1,1.375
0.979,26.107,10.335,416.204,1.535,6.357,0.772,47.867,0,0,1.422
1.169,24.568,9.058,274.491,1.655,8.134,0.986,11.324,0,0,1.396
1.395,19.863,7.202,128.942,2.920,0.450,1.174,53.788,0,0,1.429
1.424,25.715,5.093,135.991,1.819,47.367,1.495,19.028,0,0,1.375
1.179,26.387,8.083,204.229,2.606,1.708,0.760,61.275,0,0,1.434
1.363,28.199,12.143,200.056,1.795,3.434,2.024,15.228,0,0,1.398
1.091,28.073,3.127,263.981,1.666,50.244,0.377,28.674,0,0,1.373
1.115,25.040,2.784,273.170,1.952,18.054,0.299,7.474,0,1,1.401
1.269,28.072,2.615,310.475,1.603,1.323,0.923,22.899,0,0,1.394
0.967,27.062,12.008,160.785,1.828,76.092,0.461,3.941,0,0,1.348
0.991,28.113,3.422,361.618,1.465,46.330,1.505,9.149,0,0,1.397
1.311,19.407,4.454,327.189,1.422,2.063,0.808,31.388,0,0,1.401
1.099,25.248,13.812,280.053,1.788,12.025,0.324,6.169,0,1,1.400
1.188,24.154,4.157,317.899,1.491,34.386,0.434,10.858,1,0,1.378
1.030,22.929,4.892,260.235,1.856,30.703,0.427,38.684,0,0,1.398
1.420,22.425,1.679,319.422,1.169,25.684,0.471,3.817,0,0,1.382
1.109,27.045,2.361,449.412,1.077,82.657,0.830,49.781,0,0,1.368
1.146,21.474,6.258,201.955,2.186,9.790,1.063,18.179,0,0,1.402
1.489,26.195,5.751,195.835,2.156,0.400,0.341,48.411,0,0,1.425
1.008,23.289,4.440,255.201,2.103,11.154,1.563,24.159,0,0,1.410
1.370,21.120,6.530,350.776,1.257,5.780,0.131,35.360,0,0,1.399
1.047,27.429,4.487,188.106,1.838,85.230,0.206,7.408,0,1,1.364
1.411,24.943,2.641,133.293,3.329,0.492,1.455,20.158,0,1,1.444
1.007,24.807,10.042,219.255,2.425,0.979,1.323,14.623,0,0,1.417
0.970,22.819,8.232,238.455,2.513,3.375,0.907,17.130,0,1,1.425
1.343,27.042,1.115,175.584,1.698,56.263,0.766,22.581,0,0,1.368
1.136,24.908,10.063,352.708,1.438,9.920,0.707,26.211,0,0,1.408
1.101,22.494,7.189,278.304,1.859,0.475,0.868,19.539,0,0,1.414
1.128,25.981,2.439,169.546,2.186,44.592,0.843,13.471,0,0,1.375
0.759,32.763,8.320,341.453,2.120,28.068,1.144,1.445,0,0,1.430
1.296,21.200,9.694,238.691,1.722,0.400,1.592,13.312,0,0,1.404
1.241,26.851,5.015,171.783,2.189,24.657,0.286,10.452,0,0,1.390
1.231,21.545,1.399,222.105,2.382,0.400,0.773,11.023,0,1,1.418
1.368,23.313,4.809,183.746,1.845,24.816,0.670,9.394,0,0,1.392
1.212,22.824,3.972,392.863,1.286,0.863,1.713,6.133,0,0,1.402
0.973,26.585,2.652,368.419,1.537,38.048,0.311,9.255,0,0,1.414
1.222,25.276,5.390,268.976,1.861,4.372,0.976,33.268,0,0,1.414
1.036,28.573,6.245,164.334,2.433,56.771,0.924,5.017,0,1,1.374
1.556,22.064,5.127,227.858,1.803,0.408,0.516,14.058,0,1,1.408
1.205,22.609,5.838,390.044,1.360,9.420,0.915,49.531,0,0,1.411
1.482,22.429,4.727,283.785,1.669,0.633,0.234,68.263,0,0,1.422
0.898,27.804,13.331,266.070,1.946,36.021,0.193,14.884,0,0,1.397
1.431,21.289,9.147,172.087,1.964,4.250,0.752,6.484,0,0,1.405
1.072,31.378,4.813,199.674,1.761,79.977,0.274,2.035,0,1,1.360
1.068,28.895,7.687,238.807,2.372,0.893,1.008,17.078,0,0,1.431
1.018,30.720,6.307,298.224,2.031,2.345,1.494,4.446,0,0,1.428
1.395,28.077,5.064,153.714,2.157,45.082,1.322,28.034,0,1,1.394
1.303,20.412,2.298,218.805,2.296,9.514,0.274,36.583,0,1,1.419
1.102,22.138,5.430,303.294,1.710,13.052,0.965,31.427,0,0,1.416
1.032,24.037,6.954,76.552,3.534,64.015,0.442,38.201,0,1,1.336
1.411,26.419,4.799,239.876,1.581,15.580,0.221,19.287,0,0,1.395
1.349,23.041,7.077,360.455,1.284,1.412,1.588,34.523,0,0,1.405
1.395,21.997,2.453,218.456,1.787,7.003,0.960,0.368,0,0,1.397
1.453,18.927,2.107,287.786,1.623,8.421,0.160,15.120,0,1,1.402
1.173,23.789,2.419,304.459,1.680,9.556,1.023,16.801,0,0,1.411
1.353,22.270,2.541,252.396,1.919,0.401,0.644,44.460,0,0,1.419
1.176,22.304,2.762,256.961,1.925,15.456,0.647,42.375,0,0,1.413
1.129,20.082,0.987,214.147,2.623,9.162,0.486,53.768,0,1,1.423
1.005,31.986,6.041,326.293,2.011,2.638,0.183,16.403,0,0,1.437
1.155,22.258,2.132,335.992,1.719,3.075,0.466,57.071,0,0,1.421
0.951,37.232,7.567,223.589,2.194,53.269,0.117,7.621,0,0,1.368
0.922,30.702,3.900,321.541,2.237,0.619,1.095,17.212,0,0,1.453
1.200,23.713,2.155,382.037,1.547,1.172,0.512,25.304,0,1,1.407
1.529,19.436,2.681,107.017,3.481,0.470,0.727,8.716,0,1,1.438
1.097,27.728,6.865,241.499,2.018,20.348,1.198,14.549,0,0,1.408
0.947,24.597,4.524,233.079,2.187,33.632,0.692,30.556,0,0,1.404
0.995,27.288,4.901,187.660,2.064,79.864,1.094,17.819,0,1,1.370
1.184,21.726,11.667,110.074,2.280,49.388,0.520,12.759,0,0,1.382
1.062,31.151,3.548,463.806,1.362,0.440,1.557,1.463,0,0,1.427
1.064,29.163,5.605,151.836,2.255,69.439,0.956,50.951,0,0,1.351
1.163,21.588,6.247,346.512,1.364,30.759,0.977,23.134,0,0,1.418
1.021,23.649,5.269,295.487,2.194,0.846,0.150,32.761,0,1,1.437
1.437,22.218,9.809,224.194,1.645,2.233,1.611,13.788,0,0,1.413
1.041,22.086,13.046,349.375,1.522,6.914,0.491,16.323,0,0,1.427
1.287,27.997,13.471,249.805,1.614,0.401,0.473,5.922,0,0,1.406
1.223,23.505,11.821,241.972,1.873,12.975,1.354,50.050,0,0,1.433
1.281,23.984,7.348,165.122,2.405,30.081,1.682,18.135,0,1,1.414
1.060,22.670,2.604,254.604,2.361,1.254,0.692,68.789,0,0,1.438
1.521,18.097,4.683,139.996,2.447,0.587,0.525,9.528,0,0,1.418
0.959,34.082,6.483,263.264,2.485,10.719,0.408,7.252,0,0,1.445
0.986,21.208,3.549,279.831,1.923,19.906,0.514,21.160,0,0,1.424
1.431,20.900,7.601,288.330,1.594,1.745,1.267,29.614,1,0,1.405
0.949,25.843,3.208,183.857,2.855,26.516,0.718,36.430,0,0,1.407
1.326,24.038,3.430,184.882,2.278,0.000,0.722,0.897,0,0,1.416
1.000,23.426,9.272,324.656,1.650,26.380,0.393,30.422,0,0,1.425
1.447,23.231,4.258,324.091,1.337,0.427,1.117,23.460,0,0,1.404
1.291,19.301,3.021,431.330,1.173,25.519,0.439,58.053,0,0,1.413
1.186,19.568,3.393,272.097,1.753,14.880,0.403,20.314,0,0,1.421
1.300,24.138,7.710,162.942,2.948,9.207,1.608,41.528,0,1,1.451
1.142,26.689,5.061,287.260,1.703,19.860,0.602,7.387,0,0,1.413
1.368,26.402,7.028,256.950,1.925,0.497,0.517,51.812,0,0,1.440
1.054,31.689,1.610,408.685,1.572,6.215,0.597,5.163,0,0,1.435
1.290,24.504,7.110,103.357,3.236,15.669,0.282,11.015,0,0,1.418
1.327,25.824,6.951,390.139,1.165,4.262,1.506,15.023,0,0,1.403
1.222,18.451,10.599,193.094,2.253,1.896,1.268,42.765,0,0,1.442
0.777,36.336,3.244,465.308,1.981,9.422,0.752,6.576,0,1,1.484
1.067,22.864,1.145,213.446,2.529,7.048,1.209,22.387,0,0,1.431
1.199,26.303,3.631,320.696,1.594,15.769,1.545,21.863,0,0,1.417
0.920,19.507,2.081,371.956,1.722,30.321,0.762,62.011,0,1,1.425
1.007,24.713,2.097,186.216,2.685,47.140,0.991,56.484,0,1,1.393
1.013,33.197,1.502,247.361,1.610,82.493,0.811,1.974,0,0,1.369
1.113,23.145,5.196,355.403,1.613,17.134,0.593,12.307,1,0,1.415
1.340,19.097,7.250,191.924,2.260,0.400,0.557,40.381,0,0,1.442
1.034,27.606,12.549,466.633,1.063,82.422,0.589,28.800,0,0,1.416
0.912,25.556,4.924,268.578,2.167,45.517,1.921,38.779,0,1,1.412
1.156,24.527,8.552,273.672,2.064,2.547,0.418,19.261,0,1,1.439
1.272,21.390,3.268,395.226,1.257,20.159,0.634,29.120,0,0,1.420
0.892,29.047,6.748,348.263,1.990,5.710,1.437,0.403,0,0,1.458
1.265,23.366,2.578,433.477,1.253,0.424,0.119,26.465,0,0,1.417
1.444,19.060,9.492,143.015,2.635,10.472,0.564,6.960,0,1,1.440
1.535,30.727,2.591,252.120,1.481,0.409,0.782,12.447,0,0,1.399
1.039,28.570,8.343,340.595,1.836,0.763,0.691,18.206,0,0,1.447
0.976,26.683,0.637,360.345,1.406,82.318,0.204,13.070,0,0,1.421
1.110,29.689,7.799,220.245,2.402,23.631,0.520,16.319,1,0,1.408
1.138,27.484,4.021,325.150,1.258,83.618,0.327,33.092,0,0,1.396
1.023,26.785,2.811,275.772,2.285,0.529,0.526,15.730,0,0,1.453
0.906,30.195,3.730,366.602,2.093,1.689,0.157,25.587,0,0,1.472
0.846,36.895,1.793,347.184,2.630,1.749,2.657,0.635,1,0,1.501
1.044,25.194,4.668,181.789,3.477,0.653,0.607,24.519,0,1,1.474
1.271,23.165,4.398,291.831,1.434,35.039,0.464,8.722,0,0,1.419
0.990,28.862,12.354,317.077,2.105,2.213,0.689,44.123,0,0,1.463
1.056,26.055,4.372,324.972,2.070,0.424,0.552,26.697,0,1,1.450
1.317,24.645,6.899,183.688,2.389,9.963,0.168,8.372,1,0,1.413
0.771,37.637,8.295,359.031,2.581,2.988,0.839,0.281,0,1,1.513
1.044,35.298,6.726,423.436,1.318,41.090,0.723,2.218,0,0,1.410
0.988,29.471,5.324,388.366,1.822,16.498,1.897,56.363,0,0,1.443
0.943,27.400,3.980,193.383,1.976,80.327,1.073,9.422,0,0,1.383
1.221,22.909,10.070,178.143,2.337,15.053,0.651,26.558,0,0,1.434
1.116,24.265,3.584,223.555,1.809,58.024,0.480,27.399,0,0,1.408
1.274,22.256,11.569,243.887,1.720,18.023,0.671,31.363,0,0,1.439
1.347,21.813,5.183,196.736,2.537,0.968,1.661,69.126,0,0,1.463
1.092,24.440,3.101,159.539,2.872,25.581,1.482,29.611,0,0,1.419
0.851,22.965,9.584,308.545,2.054,10.110,1.745,4.587,0,0,1.453
0.927,28.605,4.508,227.696,1.870,77.932,0.481,2.148,0,0,1.394
0.959,27.216,9.151,224.313,2.765,1.867,1.705,13.551,0,0,1.462
1.397,21.448,1.573,219.849,1.888,16.876,0.336,15.640,0,0,1.425
1.244,23.176,5.878,241.615,1.956,2.000,0.821,4.629,0,0,1.433
1.560,18.623,13.026,160.857,2.682,0.560,1.346,61.284,0,1,1.502
1.356,22.983,2.825,205.756,2.179,0.700,0.684,9.586,0,0,1.436
0.959,29.028,6.763,335.339,1.722,37.578,1.847,3.671,0,0,1.435
1.124,21.822,2.064,198.788,2.727,22.163,0.424,44.174,0,1,1.438
1.083,26.329,3.178,297.601,2.001,0.406,0.791,4.256,0,0,1.452
1.151,31.593,4.363,284.710,2.022,0.401,0.177,5.162,0,0,1.449
1.048,26.753,4.109,249.317,2.107,33.408,1.071,27.547,0,0,1.429
1.331,25.297,5.247,171.449,2.610,0.861,0.780,12.507,0,0,1.455
1.235,25.841,3.110,236.141,2.247,36.645,0.223,66.105,0,1,1.429
1.176,22.736,10.033,336.808,1.600,0.520,0.746,25.770,0,0,1.453
1.186,26.370,4.043,188.805,2.843,0.858,1.267,19.354,0,0,1.466
1.282,22.517,1.082,390.183,1.477,1.189,0.498,43.341,0,0,1.439
1.138,24.002,3.351,392.097,1.537,0.463,1.553,17.338,0,0,1.452
0.821,27.901,4.425,305.613,2.270,37.975,1.831,1.095,1,0,1.442
0.767,32.231,2.328,407.759,1.740,75.736,1.853,22.378,0,0,1.435
1.230,23.304,0.943,271.801,2.357,1.895,2.186,56.616,0,1,1.461
1.037,25.204,5.503,316.398,2.244,0.528,1.543,47.438,0,1,1.472
0.951,29.463,2.350,247.312,2.076,62.554,0.530,31.049,0,0,1.405
1.283,20.681,12.525,146.606,2.939,0.451,1.010,50.395,0,0,1.480
1.126,24.950,4.189,321.463,1.392,71.655,0.163,28.956,0,0,1.429
1.383,23.429,8.223,219.920,1.846,2.517,0.911,0.843,0,0,1.437
0.752,29.251,7.484,484.306,1.719,29.676,0.374,11.286,0,0,1.499
1.061,29.284,2.414,321.549,1.721,37.673,1.275,10.690,0,0,1.435
0.847,31.539,3.053,355.528,2.326,10.456,1.064,10.920,0,1,1.491
1.290,23.211,5.506,180.438,2.880,0.406,1.664,58.728,0,0,1.478
0.951,38.001,1.985,384.996,1.425,84.038,0.792,0.910,0,0,1.399
1.215,23.699,4.635,299.398,1.835,18.649,1.715,63.138,0,0,1.451
1.284,22.973,5.437,213.810,2.022,25.253,1.347,28.530,0,0,1.443
0.988,24.179,3.076,379.768,1.779,7.937,0.914,28.212,0,0,1.471
1.094,26.795,4.662,148.979,3.383,29.998,0.182,17.973,0,1,1.447
1.497,20.191,9.644,179.046,2.265,0.951,0.916,39.873,0,0,1.476
0.979,24.295,10.105,167.569,2.826,28.521,1.756,24.263,0,0,1.432
0.816,30.932,5.457,469.096,1.872,13.476,0.567,40.002,0,0,1.495
1.413,19.144,1.093,221.714,1.998,4.260,1.185,2.943,0,0,1.441
1.287,23.490,5.544,189.204,2.527,13.053,0.984,50.570,0,0,1.461
0.994,26.393,11.502,280.125,2.205,0.868,0.425,10.852,0,0,1.470
1.108,21.628,8.330,440.762,1.359,0.653,0.478,15.271,0,0,1.464
1.357,22.601,5.051,223.210,2.113,16.524,1.654,10.416,0,1,1.451
1.158,22.110,2.781,237.164,2.304,2.960,0.463,21.534,0,0,1.460
1.026,36.357,13.717,366.740,1.615,21.404,0.388,0.739,0,0,1.442
1.475,24.965,6.022,210.489,2.083,7.863,0.144,40.331,0,0,1.462
1.287,22.517,9.005,217.012,1.951,18.526,0.894,18.614,0,0,1.450
1.463,20.738,1.090,254.152,1.822,0.000,0.110,14.402,0,0,1.445
1.092,26.766,2.496,258.578,2.454,7.775,0.165,44.126,0,0,1.471
1.157,24.156,3.078,455.929,1.402,4.022,0.273,37.582,0,0,1.458
0.878,30.367,3.629,421.018,1.856,27.199,0.143,39.931,0,0,1.472
0.968,30.426,1.677,304.245,1.832,62.627,0.569,23.563,0,0,1.424
1.311,19.129,8.796,270.731,1.928,0.443,0.751,72.772,0,0,1.487
1.085,20.964,8.273,123.716,3.589,25.643,1.659,9.182,0,1,1.442
1.237,31.746,12.152,332.016,1.749,3.161,0.907,31.051,0,1,1.462
1.256,24.573,5.370,360.183,1.570,0.401,0.372,32.823,0,0,1.458
1.429,23.769,8.689,264.687,1.859,0.408,1.046,22.187,0,1,1.463
1.426,23.666,3.474,198.843,2.159,0.790,0.771,3.172,0,0,1.452
1.320,29.323,5.742,441.836,1.121,16.980,1.131,21.734,0,0,1.426
1.017,25.982,5.037,227.961,1.859,70.720,1.720,8.585,0,0,1.426
1.403,34.927,13.192,218.591,1.501,12.824,0.336,1.096,0,0,1.423
0.902,34.314,5.262,355.154,2.311,1.374,0.335,9.941,0,0,1.515
1.450,27.048,4.685,280.617,1.684,1.843,0.595,29.128,0,0,1.451
1.069,38.046,2.315,232.783,2.241,47.303,0.270,8.029,0,0,1.420
0.883,35.173,2.905,349.111,2.597,0.460,1.475,29.810,0,0,1.530
1.079,25.111,8.775,394.545,1.545,5.755,0.279,12.071,0,0,1.470
0.857,27.064,4.806,400.425,2.091,4.761,1.274,22.042,1,0,1.492
1.149,26.727,3.403,313.099,2.001,3.804,0.856,35.676,0,0,1.472
1.140,27.895,11.368,190.698,2.330,34.107,0.387,27.359,0,0,1.445
1.308,19.664,3.238,202.952,2.320,0.550,1.198,3.887,0,0,1.459
1.220,29.568,1.446,298.553,1.911,10.671,1.079,19.692,0,0,1.458
1.144,23.302,7.868,429.902,1.446,4.468,1.169,43.613,0,0,1.472
0.890,25.707,5.774,318.462,2.025,47.803,0.458,23.645,0,1,1.455
1.288,26.561,1.978,343.009,1.422,32.124,2.511,18.659,0,0,1.440
1.283,20.716,2.449,377.360,1.349,64.406,0.774,45.399,0,1,1.440
1.034,30.129,2.979,259.423,2.546,13.119,1.053,24.867,0,0,1.482
1.406,26.389,8.033,350.649,0.959,82.402,1.504,1.210,0,1,1.435
1.022,22.181,4.041,233.006,1.737,83.210,0.566,3.884,0,0,1.449
1.068,22.569,8.121,177.629,2.241,52.619,1.086,29.684,0,0,1.435
0.885,33.213,9.590,174.168,2.628,79.636,0.360,1.555,1,0,1.368
1.190,22.130,1.808,281.882,2.047,15.782,0.308,64.167,0,0,1.466
1.288,27.189,3.852,404.961,1.391,1.323,0.368,23.479,0,0,1.453
1.431,19.134,6.332,294.229,1.604,0.402,0.801,23.888,0,0,1.464
1.170,21.614,4.312,404.210,1.376,21.102,0.875,5.251,0,0,1.471
1.247,23.426,2.395,398.637,1.445,0.408,2.293,15.549,0,0,1.462
1.140,28.151,6.096,207.305,2.583,8.681,1.493,1.769,0,0,1.474
0.850,34.277,9.473,280.299,3.227,3.878,0.331,1.914,1,1,1.532
1.088,31.369,7.670,294.439,1.768,36.329,0.966,3.596,0,0,1.446
1.273,20.577,4.138,338.149,1.668,0.400,0.834,38.651,0,0,1.472
0.883,23.578,7.925,316.420,1.978,31.354,0.827,25.625,0,0,1.475
1.415,23.118,9.808,341.945,1.317,1.086,0.742,15.996,0,0,1.455
1.159,24.470,1.860,182.271,3.433,1.922,0.170,24.329,0,1,1.504
1.280,19.142,8.376,238.861,1.992,0.419,0.530,6.633,0,0,1.467
1.058,30.591,2.892,408.215,1.728,1.403,0.566,10.622,0,0,1.490
1.056,28.291,1.942,451.543,1.604,1.006,0.556,20.079,0,0,1.490
1.479,27.610,4.944,183.793,2.464,0.456,1.603,25.238,0,0,1.485
1.224,20.577,3.788,240.108,2.260,0.437,1.156,27.701,0,0,1.478
1.121,22.137,2.186,326.549,1.924,4.956,0.949,41.045,0,0,1.481
0.725,28.540,3.456,421.859,1.928,43.722,1.009,9.444,0,0,1.510
1.234,23.032,9.785,273.458,1.943,0.401,0.271,26.998,0,0,1.482
1.088,23.863,4.303,398.733,1.676,13.441,0.488,61.531,0,0,1.478
1.327,21.395,2.206,194.602,2.756,0.400,0.750,54.050,0,0,1.489
1.380,20.372,6.302,203.927,1.817,51.961,1.232,49.182,0,0,1.466
0.976,26.757,9.837,359.890,1.612,44.314,0.614,2.602,0,0,1.472
1.169,21.113,12.008,170.270,2.453,28.054,0.526,41.091,0,0,1.469
1.018,27.245,8.485,318.842,2.007,8.602,2.068,9.346,0,0,1.488
1.066,29.376,7.160,384.514,1.591,23.364,2.453,6.555,0,0,1.475
1.346,19.474,3.028,285.875,1.772,0.412,0.323,6.737,0,0,1.469
1.605,21.635,1.805,285.258,1.542,12.212,1.317,29.357,0,0,1.459
1.259,21.940,3.387,390.498,1.153,82.497,1.383,15.251,0,0,1.479
1.114,25.325,5.904,206.409,2.926,0.602,0.208,28.414,0,0,1.504
0.864,29.771,6.513,333.981,1.923,54.052,0.605,5.117,0,0,1.472
1.251,23.672,0.918,388.730,1.537,8.094,0.365,28.451,0,0,1.473
0.962,31.183,11.179,322.512,1.952,40.786,0.745,4.229,0,1,1.467
1.200,20.002,9.059,273.640,2.158,10.823,1.092,52.508,0,1,1.496
1.092,23.987,5.825,271.112,2.479,0.442,0.443,21.154,0,1,1.503
1.077,25.445,2.319,240.689,2.555,8.686,0.992,16.032,0,0,1.494
1.581,20.923,7.316,250.887,1.920,0.572,0.596,58.612,0,0,1.506
1.048,28.997,2.780,447.443,1.679,0.449,1.119,22.769,0,0,1.507
0.960,29.354,6.823,247.784,1.880,82.154,0.170,18.045,0,0,1.434
1.368,22.867,2.763,369.987,1.492,0.850,1.794,27.002,0,0,1.474
1.133,21.595,10.804,220.232,2.367,16.498,1.191,51.911,0,0,1.496
1.082,25.120,14.625,229.954,2.425,0.470,0.585,1.465,0,0,1.494
1.169,28.802,0.836,381.059,1.786,2.377,0.620,27.511,0,0,1.494
0.776,36.621,3.872,313.950,2.271,68.756,0.789,4.677,0,0,1.461
1.050,26.422,4.975,404.335,1.803,6.268,0.794,9.667,1,0,1.494
1.337,23.389,4.896,395.360,1.296,29.115,0.757,30.130,0,0,1.472
1.182,20.918,7.037,223.476,2.484,0.417,1.301,30.376,0,0,1.503
1.224,21.464,1.519,229.174,2.453,0.692,2.267,15.344,0,0,1.496
1.061,27.263,1.970,371.744,2.026,0.408,0.340,10.594,1,0,1.503
1.327,20.102,5.725,241.477,2.319,5.500,0.605,22.423,0,1,1.500
1.278,36.235,3.516,323.136,1.796,7.403,2.537,0.266,1,0,1.463
1.249,24.018,7.343,357.921,1.602,8.505,0.841,31.433,0,0,1.493
1.330,34.591,2.702,226.802,2.154,14.609,0.744,4.408,0,0,1.480
1.179,20.994,4.187,350.382,1.675,15.148,0.458,22.144,0,0,1.499
1.484,20.748,2.154,386.566,1.320,9.375,1.640,26.998,0,0,1.474
1.064,31.930,9.169,286.553,2.519,0.432,0.773,25.566,0,0,1.536
1.169,23.921,3.792,316.481,1.827,17.497,1.213,13.236,0,0,1.495
1.116,28.680,9.857,283.903,2.544,0.461,1.970,66.130,0,0,1.539
0.736,30.814,1.830,400.615,2.460,2.255,0.620,13.835,0,0,1.582
1.343,21.572,8.902,199.698,2.630,1.571,1.258,58.435,0,0,1.527
0.926,29.299,0.521,381.342,2.170,4.761,0.156,19.259,0,0,1.540
0.888,30.391,2.651,462.608,1.870,6.008,0.547,8.669,0,0,1.552
1.015,25.609,5.374,270.275,2.721,0.678,1.651,13.810,0,1,1.532
1.445,21.445,11.073,141.112,3.412,0.458,1.079,31.874,0,1,1.545
0.837,34.149,3.638,455.885,2.105,0.443,0.468,8.333,0,0,1.578
0.830,35.281,1.798,386.063,2.495,0.705,2.286,3.196,0,0,1.589
1.343,29.455,7.303,298.136,1.543,42.281,2.134,35.813,0,0,1.469
1.423,29.560,8.264,489.690,0.970,19.168,0.810,27.704,0,0,1.452
1.550,20.248,3.540,136.026,3.081,0.400,0.486,19.253,0,0,1.513
1.096,21.751,6.178,200.018,2.808,15.512,0.819,51.752,0,0,1.505
1.290,26.369,11.664,255.036,1.677,57.860,0.784,59.115,0,0,1.484
1.332,20.666,2.445,199.190,2.811,0.402,0.624,52.679,0,0,1.520
1.331,22.622,8.123,137.999,3.422,0.755,0.170,24.563,0,0,1.527
1.163,20.555,9.482,191.446,2.729,15.743,0.367,69.423,0,0,1.516
1.131,25.194,1.968,280.049,2.351,8.820,1.457,38.947,0,0,1.515
1.061,29.892,5.237,288.770,2.402,3.972,0.303,8.206,0,0,1.533
1.326,29.001,10.942,179.299,1.966,54.003,0.945,24.306,0,0,1.472
1.203,24.544,2.048,302.295,2.380,17.954,0.582,60.648,1,1,1.488
1.132,28.178,10.301,248.181,1.862,59.156,1.436,26.533,0,0,1.474
1.395,23.179,8.234,204.285,2.305,14.151,1.798,35.168,0,0,1.514
0.889,33.702,1.925,285.709,3.369,0.832,1.079,23.057,0,1,1.599
1.327,26.812,2.768,379.803,1.567,0.409,0.356,22.919,0,0,1.497
1.287,21.928,7.435,273.605,1.925,15.409,1.633,30.975,0,0,1.510
1.211,28.501,14.021,404.509,1.210,51.345,0.379,18.618,0,0,1.487
1.588,24.836,6.776,273.159,1.659,9.253,0.276,35.879,0,0,1.503
1.169,26.073,10.579,280.299,2.234,1.932,0.436,36.243,0,0,1.532
0.816,31.073,7.334,351.372,2.629,0.539,0.952,22.443,0,0,1.579
1.359,20.703,4.815,407.457,1.446,8.039,0.205,51.905,0,0,1.504
1.310,24.677,4.680,334.719,1.763,0.560,0.523,26.046,0,0,1.511
1.196,26.365,2.644,273.767,2.205,2.904,0.247,0.514,0,0,1.519
1.427,22.547,4.461,256.292,2.185,0.945,0.542,13.689,0,1,1.516
0.984,24.759,6.213,272.411,2.527,21.708,0.687,10.500,0,1,1.522
0.967,31.768,4.553,384.585,1.840,36.180,1.089,2.625,0,0,1.519
1.590,29.175,6.377,384.552,1.127,41.230,0.165,59.666,0,0,1.458
1.084,26.338,4.540,255.197,2.077,68.945,0.207,27.902,0,1,1.476
1.291,30.333,3.849,237.022,2.632,0.412,0.125,8.698,0,1,1.542
0.873,28.159,6.578,278.104,2.899,0.411,0.835,6.143,0,0,1.565
0.988,34.339,1.207,408.746,2.026,8.134,0.776,9.141,0,0,1.553
1.262,25.161,8.948,283.209,1.930,0.484,0.986,1.595,0,0,1.515
1.058,30.316,5.778,379.870,1.684,43.027,1.811,17.392,0,0,1.504
1.376,23.965,10.648,288.075,2.023,1.098,0.777,65.541,0,0,1.546
1.069,19.576,3.471,312.017,2.051,13.538,0.981,38.321,0,0,1.526
1.024,27.983,4.818,389.190,1.884,5.559,0.938,2.942,0,0,1.543
1.443,21.095,0.514,199.922,2.717,0.451,0.238,38.576,0,0,1.527
1.030,22.952,7.042,343.495,2.026,12.277,0.179,50.404,0,0,1.537
1.194,22.304,2.005,369.165,1.740,4.891,0.445,10.807,0,0,1.528
0.924,22.871,4.413,382.457,1.798,43.656,1.711,11.674,0,0,1.541
1.316,30.500,0.916,211.552,3.023,0.529,0.130,8.099,0,1,1.566
1.578,17.747,3.941,399.372,1.554,2.530,0.647,41.842,1,1,1.483
0.879,37.280,4.111,233.136,2.505,85.072,1.343,18.290,0,0,1.441
0.849,34.878,2.312,349.877,2.468,35.190,0.971,21.801,0,0,1.546
1.130,22.833,11.306,177.190,3.049,7.858,2.031,7.332,0,0,1.534
1.432,31.900,3.963,265.965,1.929,0.921,1.768,6.601,0,0,1.520
1.535,30.370,2.140,273.063,2.023,0.400,2.048,36.912,0,0,1.527
1.125,29.477,2.019,217.001,2.571,46.532,2.191,31.721,0,0,1.496
1.271,20.678,2.114,415.111,1.572,3.328,0.682,34.289,0,0,1.531
1.248,18.693,2.675,350.325,1.578,48.698,0.612,40.042,0,0,1.529
1.360,31.168,6.796,325.398,1.280,49.034,0.158,0.843,0,0,1.486
1.196,23.926,6.357,279.547,1.603,80.428,1.118,23.901,0,0,1.509
1.134,29.890,7.844,219.899,3.229,1.209,1.858,6.576,0,1,1.587
0.769,36.823,2.927,385.636,2.727,11.382,0.573,0.653,0,1,1.623
1.088,23.002,0.458,309.370,2.010,32.324,1.078,1.201,0,0,1.537
1.404,21.375,6.798,259.554,2.398,0.676,0.724,46.905,0,1,1.556
1.273,25.408,11.180,233.447,2.554,0.405,0.506,5.259,0,1,1.556
1.251,20.937,3.833,175.417,3.146,1.825,1.724,15.486,0,0,1.545
1.217,22.808,5.262,360.562,1.755,9.164,1.453,24.351,0,0,1.539
1.116,23.464,1.389,200.297,3.465,14.509,0.596,53.793,0,1,1.546
0.974,21.273,1.975,347.019,2.221,0.437,2.758,43.785,0,0,1.563
1.079,26.206,3.571,288.754,2.365,14.023,1.037,18.612,0,0,1.550
1.236,31.193,5.736,368.604,1.532,27.199,1.313,1.568,0,0,1.517
1.036,23.170,6.415,366.185,1.704,51.082,0.861,15.703,0,0,1.543
1.176,27.496,6.846,338.864,1.768,37.825,0.161,31.463,0,0,1.525
1.546,18.203,1.233,128.772,3.253,17.173,1.717,33.023,0,0,1.530
0.996,26.706,3.555,318.043,2.274,33.358,1.392,9.603,0,1,1.544
1.376,22.631,1.706,184.210,3.158,2.850,0.434,47.708,0,0,1.559
1.361,22.449,9.657,252.647,2.134,0.709,0.686,19.192,0,0,1.550
1.149,28.042,3.364,379.064,1.746,26.658,0.220,19.135,0,0,1.537
1.181,19.687,14.662,216.959,2.269,30.138,1.126,53.608,0,0,1.551
1.301,23.914,4.903,194.351,2.927,10.831,1.604,40.989,0,0,1.554
1.087,36.589,8.479,261.791,2.111,60.435,0.381,3.451,0,1,1.496
1.329,29.868,3.446,359.318,1.268,63.476,0.416,2.514,0,0,1.501
1.251,19.174,7.288,272.703,2.433,0.404,1.231,38.285,0,1,1.563
1.322,26.880,7.979,217.880,1.959,61.726,1.506,41.543,0,0,1.510
0.973,21.936,5.351,455.273,1.542,58.950,1.226,27.154,0,0,1.564
1.522,19.033,8.566,472.277,1.073,3.079,1.856,13.413,0,0,1.521
1.148,28.415,5.408,281.237,2.212,20.198,1.524,4.266,0,0,1.548
1.494,21.276,1.177,211.021,2.450,11.428,1.291,26.625,0,0,1.544
1.335,19.630,3.055,251.244,2.276,0.402,0.639,4.644,0,0,1.550
1.255,19.291,2.330,271.825,2.367,10.822,0.734,5.346,0,1,1.553
0.982,27.011,12.085,301.172,2.562,0.400,0.958,25.082,0,0,1.590
1.354,28.637,9.737,371.080,1.486,0.417,2.101,5.944,0,0,1.536
1.134,21.584,4.943,319.482,1.696,71.178,0.568,55.894,0,0,1.529
0.799,33.580,3.367,316.420,3.341,0.776,2.115,7.022,0,1,1.659
0.985,29.275,1.484,337.851,2.588,8.343,0.487,18.719,1,0,1.579
1.192,26.387,4.951,281.070,2.312,17.429,0.474,35.520,0,0,1.558
1.277,23.154,6.738,421.882,1.295,54.987,0.728,11.030,0,0,1.548
1.092,30.450,4.640,390.131,1.859,16.114,0.323,6.781,0,0,1.566
1.101,29.564,10.000,399.847,1.856,10.409,1.458,29.740,0,0,1.571
1.190,23.729,2.349,411.617,1.756,1.358,0.495,28.655,0,0,1.565
1.291,22.493,4.844,292.040,2.092,3.986,0.165,18.491,0,0,1.560
1.291,26.868,3.664,185.160,2.036,82.136,0.706,24.810,0,0,1.499
0.965,29.933,9.721,296.826,2.219,51.028,0.610,21.942,0,0,1.538
1.375,27.908,2.977,407.159,1.486,18.330,0.221,30.120,0,0,1.533
1.603,20.408,3.043,440.228,1.190,10.871,1.689,23.751,0,0,1.523
1.147,25.887,11.332,371.502,1.448,68.712,1.001,0.966,0,0,1.554
1.283,22.325,4.719,381.568,1.733,0.531,0.349,24.497,0,0,1.568
1.199,26.815,10.646,234.983,2.237,34.439,2.334,7.604,0,0,1.549
1.155,23.214,4.273,306.349,2.379,1.884,0.190,0.956,0,1,1.585
1.513,22.101,9.296,319.244,1.762,0.711,0.613,11.390,0,1,1.562
1.097,26.566,4.396,347.047,2.181,0.409,0.509,8.397,0,0,1.599
1.236,21.236,4.874,271.666,2.707,0.403,0.193,51.082,0,1,1.597
1.414,24.155,6.144,264.182,2.230,1.586,0.313,25.770,0,0,1.584
1.112,30.926,1.426,322.279,2.155,32.925,1.285,11.824,0,0,1.569
1.171,27.949,4.016,303.432,2.232,19.595,0.285,18.869,0,0,1.578
0.993,27.984,2.812,467.312,1.941,9.073,0.572,27.473,0,1,1.595
1.087,21.133,4.174,477.516,1.735,1.540,0.929,29.804,0,1,1.585
0.996,26.845,3.370,419.895,2.134,0.736,1.808,41.641,0,0,1.618
1.269,25.263,3.935,223.030,2.898,25.451,1.306,38.741,0,1,1.581
1.448,21.284,4.740,112.590,3.234,48.375,0.778,43.532,0,0,1.539
1.437,18.343,10.033,198.744,2.246,43.447,1.810,52.889,0,0,1.584
1.255,19.224,5.353,326.687,2.059,0.705,1.375,35.491,0,0,1.596
1.280,30.161,4.581,417.768,1.542,15.117,0.127,7.756,0,0,1.569
1.060,32.134,9.037,318.904,2.546,0.675,0.204,10.144,0,0,1.630
1.042,26.950,6.530,305.347,1.959,71.206,1.451,23.611,0,0,1.553
0.995,20.684,2.686,339.445,2.348,1.522,1.196,35.259,0,0,1.612
1.020,30.606,9.074,449.081,1.887,6.608,1.663,13.753,0,0,1.622
0.964,27.210,5.525,445.235,1.932,11.968,1.176,7.064,0,0,1.630
1.283,25.655,11.785,313.705,1.838,40.929,1.738,48.405,0,0,1.584
1.172,26.142,4.772,223.112,2.953,16.593,0.754,18.744,0,0,1.604
1.291,24.210,11.913,192.728,3.084,1.478,1.131,20.310,0,0,1.624
1.465,30.290,6.219,303.170,1.587,29.631,0.551,4.086,0,0,1.562
1.075,23.653,10.353,337.766,2.224,0.433,1.903,12.636,0,0,1.625
1.090,24.499,4.532,323.193,2.319,14.832,2.590,26.262,0,0,1.614
1.173,19.285,7.116,349.792,2.004,11.175,0.941,41.758,0,0,1.616
0.779,34.130,11.286,427.503,2.294,34.782,2.028,1.561,0,0,1.648
1.060,22.733,10.184,116.273,3.494,61.685,1.731,18.606,0,0,1.525
1.175,21.961,3.004,328.156,2.092,39.056,1.209,69.457,0,0,1.592
1.504,28.291,3.197,342.236,1.761,12.741,1.317,11.763,1,0,1.571
1.079,31.038,5.609,417.670,2.140,0.590,0.846,26.822,0,0,1.654
1.600,22.699,4.237,251.167,2.566,1.153,0.876,38.254,0,1,1.633
1.178,33.708,4.391,353.153,2.202,17.542,1.107,1.227,1,0,1.615
1.224,20.366,5.831,273.910,2.704,0.401,1.386,71.113,0,0,1.647
0.903,31.405,1.691,488.494,2.186,1.390,0.614,19.301,0,0,1.701
1.148,28.663,5.724,343.088,2.244,8.079,0.971,5.759,0,0,1.649
1.119,25.437,2.566,304.132,2.669,0.400,1.242,16.058,0,0,1.663
1.207,24.161,8.447,194.249,2.908,39.276,0.818,29.976,0,0,1.607
1.412,18.746,0.899,337.232,2.234,0.437,0.468,38.704,0,1,1.626
1.160,20.261,4.200,238.166,3.041,7.956,0.363,60.045,0,0,1.644
1.443,25.829,9.822,174.340,3.321,12.042,1.132,40.778,0,0,1.663
1.219,19.320,6.679,340.779,2.082,42.769,1.062,70.506,0,1,1.619
1.153,24.004,12.097,358.190,2.161,0.401,0.377,31.799,0,0,1.665
1.312,22.996,12.065,273.060,2.037,41.542,0.190,20.502,0,0,1.631
1.065,26.243,6.374,379.624,2.267,0.403,0.475,12.806,0,0,1.680
0.986,34.170,3.267,304.810,2.383,77.562,0.708,28.532,0,0,1.582
1.086,36.397,1.982,470.477,1.643,67.496,0.750,8.790,0,0,1.612
0.971,32.404,8.112,473.034,2.089,2.978,1.458,3.055,0,0,1.716
0.917,34.010,5.516,440.763,2.241,24.619,0.215,0.572,0,0,1.707
1.201,34.116,4.553,338.423,2.573,3.986,1.824,23.420,0,0,1.704
1.465,22.342,4.888,365.863,1.872,0.413,0.588,20.443,0,0,1.663
1.092,29.362,3.556,373.449,2.537,0.400,1.080,30.602,0,0,1.716
1.401,34.314,6.587,242.807,3.037,0.522,1.169,23.133,0,0,1.721
1.246,23.600,2.440,436.324,1.684,52.427,1.842,37.120,0,0,1.650
0.933,33.481,5.870,489.631,2.211,18.456,1.127,6.775,1,0,1.720
1.056,29.590,4.891,483.547,2.023,0.440,0.339,20.421,0,0,1.721
1.297,27.392,12.954,316.715,2.189,1.175,0.479,1.892,0,0,1.689
1.425,22.848,2.450,100.174,3.257,84.615,0.891,27.687,0,0,1.580
0.855,31.303,0.886,422.807,2.702,5.380,0.250,16.702,0,0,1.768
0.750,31.509,4.450,345.751,3.529,2.360,0.627,26.041,0,0,1.792
1.196,36.575,3.842,398.278,1.645,84.120,0.513,14.746,0,0,1.610
1.290,24.153,10.069,349.118,2.107,12.504,0.359,26.783,0,0,1.698
0.966,29.293,2.051,281.976,3.228,36.541,0.689,9.493,0,1,1.710
1.259,18.343,2.885,360.753,2.307,3.054,1.221,0.720,0,1,1.705
1.219,23.940,2.468,188.302,3.276,64.242,0.358,27.885,0,1,1.645
1.474,20.415,3.359,220.037,3.200,0.403,2.136,38.210,0,0,1.723
1.016,26.312,2.062,460.713,1.888,67.597,0.207,1.193,0,0,1.732
1.199,27.431,4.703,424.927,2.141,0.661,0.474,20.537,0,0,1.749
1.404,26.510,0.799,287.521,2.514,15.240,1.673,6.576,0,0,1.722
0.769,26.173,5.027,415.960,2.492,47.491,0.376,1.749,0,0,1.772
1.139,30.031,3.224,356.738,2.108,69.405,1.089,10.843,0,0,1.697
0.900,32.083,5.746,355.988,2.527,69.219,0.800,12.730,0,0,1.710
1.393,24.086,8.699,206.706,3.485,8.609,1.472,5.049,0,1,1.761
1.344,24.115,4.562,371.974,2.134,35.307,0.807,69.663,0,0,1.708
1.048,28.015,2.447,387.113,2.555,9.168,0.800,9.222,0,0,1.782
1.237,20.961,7.914,409.161,2.063,1.318,2.036,10.395,0,0,1.761
0.824,31.690,10.927,477.478,2.538,8.222,0.177,12.982,0,0,1.835
0.909,20.872,4.986,449.107,2.371,9.817,1.646,29.816,0,0,1.818
1.489,26.377,3.004,371.825,2.107,0.419,0.376,8.206,0,0,1.777
1.148,30.520,9.382,385.314,2.182,49.735,0.895,6.474,0,0,1.778
1.140,29.191,2.143,417.189,2.468,9.938,0.612,6.385,0,0,1.853
1.539,25.475,1.997,287.593,2.881,1.489,0.625,28.681,0,0,1.830
0.711,32.624,7.129,476.948,2.919,33.705,0.464,5.449,1,0,1.899
1.118,28.671,3.569,428.285,2.537,30.722,0.796,17.621,0,0,1.912
1.314,21.439,1.787,421.403,2.366,31.607,1.259,33.558,0,0,1.912
0.848,28.978,13.263,462.269,3.081,1.673,0.958,23.512,0,0,2.054
0.973,23.858,1.925,405.257,3.158,14.352,0.532,10.855,0,1,2.000
0.955,30.177,3.602,439.143,3.153,1.672,0.895,12.436,0,0,2.058
1.045,33.702,14.625,386.597,3.307,7.746,0.909,2.427,0,0,2.075
0.945,27.780,4.802,418.887,3.081,38.802,0.699,3.054,0,0,2.064
1.330,19.313,1.666,442.056,2.553,30.279,1.327,27.385,0,0,2.050
